max,min,mean,sd,rms,skewness,kurtosis,crest,form,peak_to_peak,absolute_peak,variance,rms_sd_ratio,peak_rms_ratio,peak_mean_ratio,rms_energy,range_rms_ratio,kurtosis_rms,skewness_rms,log_rms,log_sd,log_absolute_peak,log_peak_to_peak,log_variance,log_rms_energy
0.50735,-0.47794,0.0143223428564453,0.13864039910103,0.139344552945678,-0.0489661817778617,0.415665881927146,3.64097475843052,9.72917310682663,0.98529,0.50735,0.0192211602628928,1.0050789939202855,3.640974755817599,35.4236734550253,0.0194169044356308,7.070889952024288,0.0579207764919091,-0.0068231707092929,0.1304531435008034,0.1298349182869426,0.4103531421809403,0.6857649991860978,0.019038767259658,0.0192308015169684
0.52529,-0.44539,0.0148149450878906,0.129196870471812,0.130012167235978,0.0063284349443282,0.871190453076376,4.04031415803241,8.77574411951395,0.97068,0.52529,0.0166918313397101,1.0063104985481273,4.040314154924772,35.45676297401088,0.0169031636293959,7.466070444711259,0.1132653588797532,0.000822773542324,0.1222284001317477,0.1215066459372922,0.4221845559149321,0.6783786608547671,0.0165540537823013,0.0167618948627222
5.0243,-5.018,0.0122140718408203,1.06121130394515,1.06102249163442,0.0866766021279136,3.58992583677493,4.73533788361119,86.8688595795224,10.0423,5.0243,1.1261694316209656,0.999822078402284,4.735337883164886,411.35339830514926,1.1257687277541129,9.464738097666686,3.808992056117716,0.0919658243561641,0.7232022148203529,0.723293821614254,1.7958012900543867,2.4017333524839075,0.754321971768249,0.7541334911963218
1.5725,-1.399,0.0209468024023437,0.269233011697391,0.269981090747866,-0.10963566568611,4.93985908711281,5.82448198740167,12.88889280388,2.9715,1.5725,0.0724864145876474,1.0027785558148343,5.824481985244298,75.07112361536113,0.0728897893614074,11.00632637148072,1.333668544479474,-0.0295995566068043,0.2390020111847464,0.2384127902353212,0.9448781887260675,1.3791438570910497,0.0699797046886626,0.0703557457557452
0.7579,-0.66611,0.0305690396289062,0.180123639657634,0.182655823049387,0.0341842578250451,1.01517362546706,4.14933390760326,5.97519010301738,1.42401,0.7579,0.0324445255635131,1.0140580286694194,4.149333905331578,24.793058817720297,0.0333631496938489,7.796137979326059,0.1854273740977159,0.006243953748366,0.1677626069514403,0.1656192123594748,0.5641199148237083,0.8854231936110998,0.0319293161418518,0.032818676949141
5.2517,-4.8753,0.0169517523681641,0.633602680919463,0.633674756888626,-0.145817234639248,24.185347447682,8.28769008534615,37.381076783465,10.127,5.2517,0.4014523572683309,1.000113755625287,8.287690084038276,309.80277761032966,0.4015436975178592,15.98138459566533,15.32564416417684,-0.0924007007101972,0.4908319294335063,0.4907878095382439,1.8328534267630163,2.4093745871755634,0.337509096944523,0.3375742702432186
0.53906,-0.50965,0.0134243370019531,0.162466727776826,0.162980864095049,-0.0088987548346071,0.060382389218137,3.30750485950071,12.1407011810965,1.04871,0.53906,0.0263954376345092,1.0031645631382,3.3075048574713315,40.15542785509852,0.0265627620611688,6.434559082623011,0.0098411739708955,-0.0014503267523142,0.1509864194846073,0.1505442368025316,0.4311718404515698,0.7172103267852437,0.0260530892923696,0.0262160974111466
0.62272,-0.51945,0.0119335936083984,0.151678193155268,0.152109997708548,0.0768121049926881,0.729962964137123,4.09387949103234,12.7463698446626,1.14217,0.62272,0.0230062742788467,1.00284684597049,4.09387948834094,52.182101654906674,0.0231374514028944,7.508842393368403,0.1110346648022226,0.0116838891144265,0.1415950418373843,0.1412201770298912,0.4841037536245172,0.7618193339556809,0.0227456201655853,0.0228738390414941
0.99322,-0.94378,0.030137825703125,0.192026419323465,0.194330721457877,-0.23375126814395,2.15140378419226,5.11097778338299,6.44806706934161,1.937,0.99322,0.0368741457181912,1.0119999218926767,5.110977780752962,32.95592742781773,0.0377644293023389,9.967543909021654,0.4180838495292886,-0.0454250525801074,0.1775859627624556,0.1756547322595105,0.6897514214907654,1.077388652216483,0.0362105580617538,0.0370688122651758
5.0819,-5.0276,0.011956868671875,0.934927985917137,0.9347761783637,0.0636702178569855,5.24173237937757,5.43648856017676,78.1790119149242,10.1095,5.0819,0.8740903388510743,0.999837626367263,5.436488559595173,425.019300366804,0.8738065036362438,10.814888347513213,4.899846561599829,0.0595174029239371,0.6599916496951646,0.6600701092089001,1.8053171471601208,2.407800598138356,0.6281233890850071,0.6279719253562537
5.081,-5.2488,0.0100205585107422,1.05099297753656,1.05078413657354,0.110874713217759,4.95290783990413,4.83543653082584,104.862831292995,10.3298,5.2488,1.1045862388311642,0.999801291666582,4.995126797989252,523.8031335272269,1.1041473016746,9.830563328354934,5.204436988081978,0.1165053897963617,0.7182222256593112,0.7183240551626657,1.8323894453139504,2.42743642263345,0.7441188866883373,0.7439103027264726
4.9241,-4.9542,0.0157184089697266,1.04024292508236,1.04010770587226,0.087592911932427,3.86670071663415,4.73422124670304,66.1713095692758,9.8783,4.9542,1.0821053431839045,0.9998700117954888,4.76316055688576,315.1845697629608,1.081824039814856,9.497381803133624,4.02178521167297,0.0911060626807075,0.7130026034586185,0.7130688816892802,1.7840968528927097,2.3867699792194936,0.7333795660232112,0.7332444516427298
0.74017,-0.61938,0.0111342932275391,0.14396598864434,0.144360860880992,0.0772362399695528,3.45625912181969,5.12722074032365,12.965426536813,1.35955,0.74017,0.0207262058863422,1.0027428154392302,5.127220736771985,66.47660324964622,0.0208400581543011,9.417718838480823,0.4989485422536719,0.0111498900932155,0.1348462810505875,0.1345011623096583,0.5539828096034165,0.8584709228900624,0.0205143405234628,0.0206258747607612
1.5665,-1.3606,0.0224832156445312,0.299489781922475,0.300259601844856,-0.308905846356944,4.02499156765851,5.21715205900196,13.3548335163476,2.9271000000000003,1.5665,0.0896941294759716,1.002570437686329,5.217152057264415,69.67419686754704,0.0901558285000314,9.748564179265031,1.208542365534047,-0.0927519464346842,0.2625639382581651,0.261971711984596,0.9425431030182208,1.367901240002999,0.0858970417015921,0.0863206479496043
0.23845,-0.18755,0.0099730306787109,0.0644583183138605,0.0652097185495276,-0.16267083747868,0.0243017676450075,3.65666353580248,6.53860603163775,0.426,0.23845,0.0041548747998509,1.0116571476600225,3.6566635301949337,23.90948201112658,0.0042523073933086,6.532768563065807,0.0015847114283869,-0.0106077195282006,0.0631716986012689,0.0624660484681586,0.2138605977152928,0.3548733219921042,0.0041462671418071,0.0042432918830029
0.6004,-0.47314,0.0083058302539062,0.142996837819372,0.143202995851532,0.161091402105969,1.14386804729104,4.19264971678716,17.2412620380947,1.07354,0.6004,0.0204480956263397,1.0014416957406864,4.192649713859404,72.28657153076023,0.0205070980208538,7.496630869114963,0.1638053312309188,0.0230687713874985,0.1338339682140022,0.1336536182466174,0.4702535980009429,0.7292572915720027,0.0202418402656286,0.0202996586780212
0.22343,-0.19193,0.0186594866455078,0.0653451365585242,0.0679417276730492,-0.12257723538664,-0.191568142082354,3.28855340675461,3.64113595211934,0.4153599999999999,0.22343,0.0042699868718521,1.0397365610863143,3.288553401914356,11.974069975627271,0.0046160783591987,6.113474202296678,-0.0130154705401912,-0.0083281091455543,0.0657331769455508,0.0632988185473752,0.2016583893500961,0.3473839156978248,0.0042608963463385,0.0046054569431395
0.84093,-0.75477,0.0309731807714844,0.203327379220525,0.2056238666426,0.172612283420975,0.751681299127267,4.08965172054489,6.63877139902623,1.5957,0.84093,0.0413420231406871,1.0112945306714194,4.08965171855598,27.150262786674453,0.0422811745330537,7.760285930219849,0.1545636152094814,0.0354932051470292,0.1869971646194363,0.1850905356482541,0.610270878714367,0.9538562297602964,0.0405102881599345,0.0414117481331327
0.39157,-0.33024,0.0190251600439453,0.117176823802547,0.118683025114596,0.158511273430896,0.0949979138687591,3.29929237666394,6.2382142825845,0.72181,0.39157,0.0137304080364531,1.0128540880515902,3.299292373884008,20.581692718345707,0.0140856604503518,6.08183014120902,0.0112746397975201,0.0188125974455456,0.1121521229955428,0.1108048099780269,0.3304326061443324,0.5433760631003307,0.0136370000328186,0.0139873793626344
0.94169,-0.84823,0.0285470274951172,0.199711758620352,0.201693441431836,-0.088332791403782,1.24903021055146,4.66891730992777,7.06530448630191,1.78992,0.94169,0.0398847865312337,1.0099227142366658,4.668917307612902,32.98732230045101,0.0406802443166174,8.874458120233287,0.2519212016184546,-0.0178161446895092,0.1837317631785542,0.1820813267913313,0.663558727878831,1.0260129215870466,0.0391099248349761,0.0398745804091575
0.48211,-0.42182,0.0090565718457031,0.12667594036515,0.126968421319726,0.0864874795921489,-0.0228445008719791,3.7970858815829,14.0194792779086,0.90393,0.48211,0.016046793867395,1.002308890334676,3.797085878592318,53.23316624550612,0.0161209800124234,7.119329278040185,-0.0029005302115522,0.0109811787477371,0.1195312145406014,0.1192716518862708,0.3934667481410211,0.6439201709874528,0.0159194050517985,0.0159924168828244
4.9721,-4.9275,0.0073449650585937,1.13186831632224,1.13161578473308,0.0576413820463264,3.33069807512497,4.3938058014742,154.066871075046,9.8996,4.9721,1.2811258854941423,0.999776889514888,4.393805801085935,676.9399027281405,1.2805542842570647,8.748198931725089,3.769070515991503,0.0652278977774529,0.7568802765233559,0.7569987390687622,1.7870986243458604,2.388726091314031,0.8246691305098529,0.8244185205508909
0.52759,-0.46041,0.0091378388037109,0.172539193549864,0.172738928405601,0.0558546038833699,-0.401895183958665,3.05426231868932,18.9036961710739,0.988,0.52759,0.0297697733108374,1.001157619619704,3.0542623169211858,57.73684626741935,0.0298387373867153,5.719614035743914,-0.0694229434083916,0.0096482644213326,0.1593419774703773,0.1591716481142552,0.4236913301315105,0.6871291082343823,0.0293352561995503,0.0294022243398988
0.18629,-0.2034,0.0054905172509765,0.0640310838337508,0.0642504749663121,-0.152690233790641,-0.210556242936959,2.89943381893559,11.7020805198061,0.38969,0.2034,0.0040999796969248,1.0034263207661502,3.1657353473273693,37.04568932175852,0.0041281235333966,6.065169161750258,-0.0135283386158218,-0.0098104200437659,0.0622707720180731,0.0620646046221933,0.1851508838041143,0.3290807006868552,0.0040915976830808,0.0041196262087532
0.91332,-0.70345,0.0294501740429687,0.186254226753471,0.188523237154217,-0.035950234940926,1.05344859049806,4.84460172542487,6.40143032360879,1.61677,0.91332,0.0346906369835333,1.0121823291695338,4.8446017228550975,31.01238028563771,0.0355410109471051,8.575971978562208,0.1985995384562414,-0.006777454667518,0.1727115592922869,0.1708006340576514,0.6488399529979693,0.9619407327923402,0.0341024805722008,0.0349240060398928
2.7527,-2.8629,0.0149648682568359,0.418131039755099,0.418296719729282,-0.55301043645018,12.676895616546,6.58073532534876,27.951914614297,5.6156,2.8629,0.1748335664066801,1.000396239117384,6.844184676294916,191.30806444362983,0.1749721457362775,13.424920000070465,5.302703852751706,-0.2313224515431688,0.3494566584970814,0.349339835515204,1.3514181967324608,1.8894304964015007,0.1611264919520992,0.1612444415587768
0.19589,-0.20945,0.0111521740136719,0.069210834632515,0.0700868866507429,-0.207004383021222,-0.316950933549989,2.79495936202958,6.28459406792081,0.40534,0.20945,0.0047901396305293,1.0126577279643234,2.988433496053096,18.78109128006052,0.004912171680394,5.783392854094829,-0.0222141041535652,-0.0145082927290153,0.0677398476544019,0.0669208386324393,0.1901657108170036,0.3402792663927166,0.0047787034178519,0.0049001463293994
1.0022,-0.95483,0.0135128165527344,0.151705996046103,0.152269720550521,-0.351581357463355,9.01767491361339,6.58174190099391,11.2685404968152,1.95703,1.0022,0.0230147092363402,1.0037159006152605,6.581741896671503,74.16662460207353,0.0231860677965337,12.852391083658985,1.3731188391113545,-0.0535351950517178,0.1417336672913086,0.1412443179360993,0.6942465760032462,1.0841853862365287,0.0227538653962661,0.0229213548846072
0.45791,-0.35506,0.0123644990722656,0.142804311523992,0.143303854354166,0.0373668932956744,-0.334207455680855,3.19537811501083,11.5899442036925,0.81297,0.45791,0.0203930713898413,1.0034980927711017,3.195378112781027,37.03425376315466,0.02053599467276,5.673050477927085,-0.0478932165529656,0.0053548198345109,0.133922188813639,0.1334851641394956,0.3770039032861288,0.5949663844764039,0.0201879171701902,0.0203279742505943
0.41494,-0.3342,0.01910382,0.127466179687039,0.128859029528386,0.0158256034081028,-0.194567272333636,3.22010806319626,6.74519700920474,0.7491399999999999,0.41494,0.0162476269640085,1.010927210211164,3.220108060697316,21.720263163491573,0.0166046494909974,5.813639930088174,-0.0250717498908975,0.0020392718968692,0.1212074142433852,0.1199727961018311,0.3470871273693205,0.5591242385733988,0.0161170467863904,0.0164682995899461
0.184,-0.18734,0.0155108930371094,0.0627995480620826,0.0646718282113772,-0.161748497919319,-0.240621027250033,2.84513373270667,4.16944582472793,0.37134,0.18734,0.0039437832368018,1.0298135910860748,2.896779090549429,12.077963425058616,0.0041824453642018,5.741912818856757,-0.0155614017383592,-0.0104605710708865,0.0626666091511971,0.0609065096701628,0.1717155110067302,0.3157883639995507,0.0039360269098524,0.0041737232509734
4.7167,-4.8269,0.0123526157421875,1.00294306683102,1.002774263158,0.0622108916807609,3.75284639521692,4.70365083478098,81.1791027979001,9.5436,4.8269,1.0058947953044115,0.9998316915699546,4.813545956312708,390.759338885521,1.0055562228520696,9.517196790624617,3.763257778708803,0.0623834810655771,0.6945333509606877,0.6946176323311459,1.7624851265240598,2.3555190407734816,0.6960902431517002,0.6959214401666388
0.46167,-0.4164,0.0166388904882812,0.138734601017054,0.139695182828387,-0.02578327780016,-0.0439331588074832,3.3048383677421,8.39570300235909,0.87807,0.46167,0.0192472895193611,1.0069238798655753,3.304838365376345,27.746441239607343,0.0195147441054564,6.285614017558012,-0.0061372506518399,-0.0036017997062084,0.1307608431691959,0.1299176467932912,0.3795796176551467,0.6302446537868449,0.0190644034243703,0.0193267730224092
0.96505,-0.62918,0.0383857377587891,0.200976313330063,0.204561044633159,0.158462926718591,0.858591867617345,4.71766265043587,5.32908982806567,1.59423,0.96505,0.0403914785197436,1.017836585525505,4.717662648129637,25.140847977187825,0.0418452209814092,7.793419329079023,0.175634449353339,0.0324153418251826,0.1861152222644251,0.1831348204471223,0.6755176902901194,0.9532897481163012,0.0395970639780241,0.0409933919730253
2.1262,-2.2151,0.0100355954589844,0.649944243259231,0.649863038712659,0.0318572969329235,0.395145551667373,3.27176631588693,64.7558026196511,4.3413,2.2151,0.4224275193458143,0.9998750590571396,3.408564370805159,220.72431944678405,0.422321969084851,6.680330686188632,0.256790488940349,0.0207028797900011,0.5006922776264181,0.5007414953774255,1.167858461404924,1.6754690690368932,0.3523649327119854,0.352290725642828
1.5292,-1.3366,0.0223522174755859,0.289527495890788,0.290318552206654,0.0266439086798415,4.16744473408418,5.26731753233424,12.9883557425008,2.8658,1.5292,0.0838261708767902,1.002732231745931,5.26731753051991,68.41379361259712,0.0842848617553676,9.87122585597957,1.2098865216005632,0.0077352209930578,0.2548891275840733,0.2542758690206474,0.9279030472023212,1.3521686463905147,0.0804975311888294,0.0809206560920444
0.43809,-0.46646,0.0140285336035156,0.144135132517073,0.144781187206255,-0.0485642983208704,0.0284403987093533,3.02587655519013,10.3204790534894,0.90455,0.46646,0.0207749364257141,1.0044822839334973,3.221827425778041,33.25080224764356,0.0209615921688526,6.247703978878205,0.0041176346897594,-0.0070311967667343,0.1352135158670883,0.1346490088112633,0.382851333236578,0.644245760201773,0.0205620804324653,0.0207449206187913
0.22697,-0.22384,0.0079242642480468,0.0630450445823151,0.0635258282093941,-0.114324859563372,0.129204831578032,3.57287746413727,8.01662163462704,0.45081,0.22697,0.003974677646386,1.0076260319823975,3.572877458512981,28.64240641542257,0.0040355308496894,7.09648361929875,0.0082078439346497,-0.0072625813886858,0.0615896414087581,0.0611374734218624,0.2045477155521206,0.3721220211516836,0.0039667994837279,0.0040274099358705
0.34901,-0.29248,0.0082157648535156,0.116265855606962,0.116527453883969,0.0688236845268125,-0.367036784779223,2.99508818194486,14.1833969157607,0.64149,0.34901,0.0135177491800189,1.0022500000143322,2.9950881793745725,42.480523965167166,0.0135786475086805,5.505054629342983,-0.0427698620120811,0.0080198487248229,0.110223381233534,0.1099890574588326,0.2993709900965867,0.4956043659519196,0.0134271995143599,0.0134872838090973
1.3003,-1.2304,0.020384502734375,0.275476829768451,0.276162917958919,-0.0006542098507793,3.8604741776757,4.70845256709458,13.5476897110282,2.5307,1.3003,0.0758874837392761,1.0024905473567256,4.708452565389618,63.78865408516439,0.0762659572555846,9.163793668562258,1.0661198136119796,-0.0001806685013486,0.2438578554235633,0.2433200928278731,0.8330395492118361,1.2614961515695893,0.0731458872563293,0.073497603368202
2.5157,-2.4416,0.0159944246435547,0.568074198485417,0.568160667588726,0.0356295269641271,3.40796373358571,4.42779682493093,35.5224198588275,4.9573,2.5157,0.3227082949848489,1.0001522142768045,4.427796824151611,157.28605688139896,0.3228065441948667,8.725172793404136,1.936270949992224,0.0202432958258089,0.4499033832533178,0.4498482412712767,1.2572386519505292,1.784617358298408,0.2796813732820707,0.2797556493425244
1.4432,-1.3063,0.0216027157373047,0.271174874481346,0.271967982892709,-0.0327194082090427,4.03510107521407,5.30650698163004,12.5895274557106,2.7495000000000003,1.4432,0.0735358125499737,1.002924711637048,5.30650697967889,66.80641502990132,0.0739665837187288,10.109645884580868,1.0974183001941715,-0.0088986314520564,0.2405652939193109,0.239941570847856,0.8933086554822309,1.3216224977593072,0.0709576983298275,0.0713588817466947
2.286,-2.0832,0.0108149054052734,0.623642004310996,0.623583518713416,0.0715087330013976,0.563083669005412,3.66590830481937,57.6596368942212,4.3692,2.286,0.3889293495410364,0.9999062191174322,3.6659083042314977,211.37493978891777,0.3888564048110052,7.006599546302826,0.3511296956484552,0.0445916673437496,0.4846357548553354,0.4846717767436653,1.1896710196150764,1.680678921631344,0.3285331982172634,0.3284806781624437
0.21091,-0.21362,0.0123010963525391,0.0692229642746508,0.0702907959777019,-0.164052755115012,-0.0070625659722538,3.00053509234561,5.71418952939046,0.4245299999999999,0.21362,0.0047918187829695,1.015425973341329,3.0390892111089056,17.365931632533957,0.0049407959991789,6.039624299185768,-0.0004964333838347,-0.0115313987393692,0.0679303834922877,0.0669321830492196,0.1936076288109221,0.3538419347551268,0.0047803745638663,0.0049286303222557
0.52216,-0.49609,0.0124270176123047,0.162405759869803,0.162840974203758,-0.0364661820308225,-0.317370360107141,3.20656396556948,13.1037855810649,1.01825,0.52216,0.0263756308388881,1.0026797955567337,3.206563963600343,42.01812631867254,0.0265171828796289,6.253033085521774,-0.0516808986232443,-0.0059381886073907,0.1508661266150881,0.1504917884146213,0.4201303787500082,0.7022307992929878,0.0260337916746996,0.026171696625235
0.44456,-0.4552,0.0110868881738281,0.135928271569279,0.136346589158331,-0.143854368226897,-0.183663606479807,3.2605142728122,12.2980034632435,0.89976,0.4552,0.0184764950118116,1.0030774870004218,3.338550692584974,41.05750763941159,0.0185903923751107,6.599064963005835,-0.0250419062960396,-0.0196140524432639,0.1278183698566919,0.1274501770812423,0.3751433482217754,0.6417275624044099,0.0183078783740537,0.0184197032376583
2.0759,-1.6606,0.0131092197119141,0.653461731241326,0.653433687355409,0.0275986109374335,-0.263158172700644,3.17690997597878,49.8453532487177,3.7365,2.0759,0.427012234196911,0.9999570839659432,3.176909975492596,158.35419878407654,0.4269755837708863,5.7182543106257935,-0.1719564151454933,0.0180338621107344,0.5028541482239007,0.5028711090783384,1.123597541362018,1.555298466333452,0.3555829118264913,0.3555572281667392
4.064,-4.7317,0.0135075172705078,0.628320686865336,0.628312479210611,-0.647194073130103,16.4731115353054,6.46811918347677,46.5157635283919,8.7957,4.7317,0.3947868855429277,0.9999869369974674,7.530806972339075,350.3012337656625,0.3947765715317844,13.9989261547864,10.350261549060647,-0.4066401126187884,0.4875441897091768,0.487549230285936,1.7460121708432916,2.2819435138761803,0.3327416333826467,0.332734238669243
1.5275,-1.3662,0.0197903028564453,0.278521940106282,0.279156316511001,-0.194467046848579,4.74397756118093,5.47184466069498,14.1057122033928,2.8937,1.5275,0.0775744711205673,1.0022776528996211,5.471844658734849,77.18426561542476,0.0779282490479901,10.365876850396749,1.3243113015901102,-0.0542867044810215,0.2462007328855661,0.2457046764202259,0.9272306719124894,1.359359862379686,0.0747126553365177,0.0750409109469508
0.45457,-0.36466,0.0097374577929687,0.108325096154715,0.108735527265047,0.0634300831867683,0.731293300368359,4.18051037626339,11.1667264266412,0.8192299999999999,0.45457,0.0117343264569282,1.003788882027549,4.180510372418733,46.68261521605546,0.0118234148896077,7.534152083060032,0.0795175626009499,0.006897103539779,0.1032202013569517,0.1028499533712313,0.3747103242990294,0.5984133346433348,0.0116660131361047,0.0117540644241078
3.7669,-4.8194,0.0126343585888672,0.741181559372218,0.741108287374348,-0.538560458021932,9.20197423592738,5.08279297934401,58.6581647308458,8.5863,4.8194,0.5493501039534326,0.999901141499092,6.502963307054928,381.4518899361808,0.5492414936149391,11.5857562857131,6.819659366451015,-0.3991316186921784,0.554521857228808,0.5545639398819503,1.7611971636454151,2.260334995887216,0.4378355552334801,0.4377654521978795
2.2401,-2.2249,0.0139081557714844,0.603311747531001,0.603324766956816,0.0387847587141862,0.456551036431973,3.7129256458327,43.3792069106532,4.465,2.2401,0.3639850647089103,1.0000215797651315,3.71292564521729,161.0637686763944,0.3640007744234964,7.400657562562029,0.2754485476592129,0.0233998055127127,0.4720794525809103,0.4720713322805543,1.1756041935254793,1.698364121628502,0.3104106097344242,0.3104221271802707
0.35339,-0.34964,0.0141969561865234,0.127433298058672,0.128190755126893,0.0227091473949116,-0.299956910966144,2.75675105938949,9.02945345767698,0.70303,0.35339,0.0162392454541103,1.0059439485532098,2.756751057238975,24.891955209826133,0.016432869700003,5.484248834915297,-0.0384517029222802,0.0029111027528416,0.1206152479335728,0.1199436314949882,0.3026125559901094,0.5324090174972063,0.0161087992449061,0.0162993112758774
0.20423,-0.19881,0.0080019581445312,0.0664609306028792,0.066924807548965,-0.277749809521948,-0.182979226306964,3.05163372865251,8.3635538127256,0.4030399999999999,0.20423,0.0044170552966007,1.0069796922971124,3.05163372409272,25.522502587360723,0.004478929865466,6.022281036862017,-0.012245849506052,-0.018588352549018,0.0647804989357368,0.0643456249745017,0.1858403585430734,0.3386413110489084,0.0044073287391641,0.0044689293091706
0.50673,-0.42745,0.0198954534716797,0.141048530142319,0.142410683310973,0.0457598047894586,-0.0137064397779505,3.55823024100999,7.15795111248346,0.93418,0.50673,0.0198946878553086,1.0096573361403614,3.558230238511414,25.469637984092397,0.0202808027210982,6.559760669809549,-0.0019519434545386,0.0065166850682435,0.133140664197213,0.1319476029660755,0.4099417396907976,0.659683464054938,0.0196993747651428,0.0200778861943634
1.3981,-1.3727,0.0174607790380859,0.294187235946498,0.294633246165498,0.0578762590008199,4.03021800364897,4.74522145139952,16.874003475036,2.7708,1.3981,0.0865461297938404,1.001516075697212,4.745221449788979,80.07088280215561,0.0868087497460189,9.404234026947504,1.187436213169729,0.0170522700653266,0.258227447446447,0.2578828810877562,0.8746767571536906,1.3272871805398585,0.0830039770554391,0.0832456494633178
0.75185,-0.65276,0.0310673201416016,0.194950189010552,0.197363109941496,-0.152637668522932,0.363125339622213,3.80947584491788,6.35275617729291,1.40461,0.75185,0.0380055761952499,1.0123771145950295,3.809475842987689,24.20067112815264,0.038952197165779,7.116882175725127,0.0716675463264019,-0.030125044953905,0.1801217305674253,0.1781045016783622,0.5606723724105471,0.8773877282458573,0.0373011567863483,0.0382127025560478
5.1044,-5.1607,0.0155576192041016,1.00472395338715,1.00459910244989,0.0844536560699957,5.24012012215365,5.08103181413564,64.5728044420216,10.2651,5.1607,1.009470222509904,0.9998757359801898,5.1370740695477695,331.7152771979346,1.0092193566431245,10.218105883177632,5.264219971445164,0.0848420670865293,0.6954440918632876,0.6955063721712406,1.8181904074529425,2.4217094508976253,0.6978711164394775,0.6977462668524844
0.40826,-0.397,0.0170427767675781,0.110308601536689,0.111590781038343,0.142623710530397,0.531174411719324,3.65854594977446,6.54768777178562,0.8052600000000001,0.40826,0.01216798757298,1.0116235668173637,3.658545946495937,23.955016437295917,0.0124525024127474,7.216187500306957,0.0592741674713417,0.0159154912526735,0.1057921254354329,0.1046379960864328,0.3423548997793684,0.5907046257327868,0.0120945527149987,0.012375607700906
0.18629,-0.19881,0.0103656807958984,0.065377378585015,0.0661782589412556,-0.178183200324225,-0.336711019270099,2.81497281706012,6.3843620350958,0.3851,0.19881,0.0042742016306483,1.0122501126895775,3.00415881106908,19.179637304739643,0.0043795619564958,5.819131623875573,-0.0222829490216307,-0.0117918539700381,0.064080534034914,0.0633290824848556,0.1813293981005878,0.3257723391989158,0.0042650931758833,0.0043699995841992
5.0297,-4.8369,0.0117663338867188,1.05878313711681,1.05859000758733,0.0375268201611168,4.20714440816295,4.75132011822344,89.9677008810889,9.8666,5.0297,1.1210217314429136,0.999817592835878,4.751320117774619,427.46534355367214,1.120612804163743,9.320511178407273,4.45364103095821,0.039725516839085,0.7220212861139548,0.7221150981260479,1.7966972582576788,2.385693864716408,0.7518979213777297,0.7517051054823457
3.9538,-4.1007,0.0153974903076172,0.736333459203731,0.736314678736346,-0.358843786016033,8.19270045498931,5.36971503377532,47.8204346309664,8.0545,4.1007,0.5421869631429325,0.999974494480527,5.569222124541436,266.32262085848527,0.5421593061226084,10.938937157587484,6.03240560349857,-0.2642219470169294,0.5517648663645566,0.5517756825870122,1.6293777852136486,2.20326187169926,0.4332015149656981,0.4331835811684456
0.55033,-0.52175,0.0135140274462891,0.170714982124981,0.171207487522635,0.0827451494828789,-0.558537251492405,3.21440380887104,12.6688722664722,1.07208,0.55033,0.0291436051219325,1.0028849565002147,3.214403806993555,40.72287096611095,0.0293120037838132,6.261875662605439,-0.0956257595158127,0.0141665891476485,0.1580352572395114,0.157614657999957,0.4384678114962862,0.7285529336904983,0.0287270050562344,0.0288906215671057
2.3135,-2.2727,0.0087790236083984,0.60206565044585,0.601982661732703,0.0280710415585785,0.903975411013061,3.84313394233148,68.5705710093794,4.5862,2.3135,0.3624830474467845,0.9998621598606866,3.843133941693066,263.5258858894303,0.3623831250267899,7.61849184499362,0.5441775240625566,0.0168982803150424,0.4712420256991495,0.4712938281097749,1.1980050325461444,1.7202992706772466,0.3093088052369647,0.3092354640791135
1.2776,-1.2822,0.0235074822363281,0.274953002180743,0.275889183333036,-0.196752964450269,4.02811367662874,4.63084483619555,11.7362285147952,2.5598,1.2822,0.0755991534082036,1.003404876631742,4.647518195693294,54.54433535906599,0.0761148414801695,9.278363030210338,1.1113129926177363,-0.0542820146805385,0.2436433342335028,0.2429093168962934,0.8251398900184422,1.2697043635105156,0.0728778583243152,0.073357186044509
0.43601,-0.40868,0.0176842021875,0.133808486830908,0.134939614718012,0.125508733719275,0.0897552272890798,3.23114899142958,7.63051752560222,0.8446899999999999,0.43601,0.0179047111479772,1.0084533336640151,3.231148989035061,24.6553388675152,0.0182086996202455,6.259762940180329,0.012111535789316,0.0169361001718245,0.1265794466264225,0.1255823081780829,0.3618684343900862,0.6123112416950498,0.017746309766829,0.0180449065669082
0.17044,-0.20945,0.0099166579833984,0.0607663528770828,0.0615555581957225,-0.222134449896402,-0.0200572616643329,2.76888074766649,6.20728861464953,0.37989,0.20945,0.0036925496419821,1.0129875363581116,3.402617177051169,21.12102668444754,0.0037890867447869,6.171497920219474,-0.0012346359376256,-0.0136736100578727,0.0597353401186244,0.0589916213162136,0.1901657108170036,0.3220037858471634,0.0036857489167551,0.0037819262377621
2.6684,-2.6701,0.0147076239257812,0.510709433723875,0.510796519531975,-0.0603806192935261,7.34186313386193,5.2239980069656,34.730050354129,5.3385,2.6701,0.2608241256945611,1.000170519090372,5.227326141383631,181.54529890888867,0.2609130843659793,10.45132414732651,3.7501981356567926,-0.0308422101823183,0.4126370081283159,0.41257936415245,1.3002189096516634,1.8466421473966443,0.2317655751656866,0.2318361286485001
1.3203,-1.337,0.0191957364404297,0.270409176891228,0.271023791522383,-0.102999507618211,4.3439498636114,4.87152804033797,14.118957736446,2.6573,1.337,0.0731211229469914,1.0022729055943798,4.933146245193263,69.65088300644445,0.0734538955711681,9.804674283733776,1.1773137622191,-0.0279153170796261,0.2398227107751471,0.2393390351080917,0.848868055556721,1.2967251702570732,0.070571339800634,0.070881389646525
1.2853,-1.5008,0.0215400988769531,0.291242969088113,0.291967507922804,-0.217454999454953,4.21873816685893,4.40220218045575,13.5546038850915,2.7861,1.5008,0.0848224670432595,1.0024877466972364,5.140298008375577,69.67470305525455,0.0852450256826526,9.54250018732356,1.2317344691566203,-0.0634897942762173,0.2561662563776167,0.2556052963937992,0.9166106806850752,1.3313364655392097,0.0814163487594954,0.0818057916188997
0.18254,-0.20403,0.0084009480371093,0.0668036209655325,0.0673135992031768,-0.217930837857761,-0.256483503229936,2.71178487201417,8.01261939793384,0.3865699999999999,0.20403,0.0044627237741065,1.007633989438148,3.031036850088197,24.28654440785598,0.0045311206376859,5.742821718073784,-0.0172648277386466,-0.0146697090735698,0.0651448365442088,0.0646669075508696,0.185674263519729,0.3268330716366384,0.0044527953499484,0.0045208860151299
0.42975,-0.46313,0.0070575776660156,0.13741005314364,0.137557670138533,0.0381824005265864,0.0684045127434674,3.12414421941869,19.4907766726982,0.89288,0.46313,0.0188815227049379,1.001074280166614,3.3668060762944414,65.62166445123891,0.0189221126139414,6.490950293441973,0.0094095653999529,0.0052522820567335,0.1288835695807025,0.1287537945570049,0.3805779766002148,0.6380994787757082,0.0187054792816409,0.0187453162004738
0.20111,-0.18984,0.0116731855126953,0.0623972399186693,0.0634647754874348,-0.0857654137864396,-0.204739919955315,3.16884442520114,5.43680004214899,0.39095,0.20111,0.0038934155494679,1.0171086969302825,3.168844420208069,17.228373356907873,0.0040277777276705,6.160110019791877,-0.0129937730532794,-0.0054430827305433,0.0615322338002149,0.0605279017685376,0.1832461292450894,0.3299869669322076,0.0038858558228989,0.0040196879462441
3.2183,-2.7312,0.01300980859375,0.646982848503835,0.646955696542499,0.102031531636509,3.26236427682699,4.97452919450194,49.7283024481467,5.9495000000000005,3.2183,0.4185868062581363,0.9999580327957772,4.974529193733028,247.37489041987936,0.41855167328879,9.19614748100384,2.1106051530899714,0.0660098806191957,0.498928551345241,0.4989450373609729,1.439432203282743,1.938669714542676,0.3496611692055458,0.3496364027236829
0.59226,-0.57453,0.0072843887841796,0.194167821769192,0.194257037373981,0.0263704693753884,-0.349251272994121,3.04884707399192,26.6675822954247,1.16679,0.59226,0.0377011430105927,1.0004594762609489,3.0488470724224235,81.30537913568614,0.0377357965693162,6.006423320217066,-0.0678445175909294,0.0051226492550242,0.1775242659848121,0.1774495593391423,0.4651543906704045,0.773246809690348,0.0370078271131114,0.0370412211016889
0.62689,-0.50151,0.0117820901025391,0.171642741087939,0.172004833795092,0.0373881179625896,-0.0676133874517513,3.64460687626261,14.5988387712317,1.1284,0.62689,0.0294612305681812,1.0021095713378083,3.644606874143714,53.20702771948749,0.0295856628488772,6.560280745878491,-0.0116298294709616,0.0064309370160665,0.1587158155448582,0.158406816261933,0.4866702168548061,0.7553705237400772,0.0290355882707129,0.0291564522308735
0.22176,-0.26911,0.0087688820947265,0.0671419178058185,0.0676958582915621,-0.333247221337842,0.162390633326435,3.27582817614769,7.72001009481848,0.49087,0.26911,0.0045080371266432,1.0082502913682123,3.9752801189613542,30.689202343468537,0.0045827292298312,7.251108290270002,0.0109931733015433,-0.0225594566717433,0.0655029231008075,0.0649839698535137,0.2383158674026541,0.3993598421758497,0.0044979063624393,0.0045722604976264
2.7761,-2.7744,0.0189902100585937,0.426409596484321,0.426728239332025,-0.0424093652123581,9.98334226612099,6.50554555364215,22.4709594056815,5.5505,2.7761,0.1818251439739214,1.000747269175592,6.505545552117637,146.18584927790926,0.1820969902434099,13.00710730414212,4.260174067870799,-0.0180972737482584,0.3553838784045962,0.3551605153093901,1.328691730983432,1.8795413826115883,0.1670599757006706,0.1672899716609875
0.53614,-0.52801,0.0188563325878906,0.148949341137836,0.150102080405424,0.122885441788003,0.393698182834173,3.57183590361899,7.96030085414482,1.06415,0.53614,0.0221859062253954,1.007739135722308,3.5718359012393988,28.43288824365647,0.0225306345420363,7.089508662483505,0.0590949162952443,0.0184453604639188,0.1398507040056625,0.1388479083714407,0.4292727764052846,0.7247185193972633,0.0219433795690586,0.0222805689183243
0.38364,-0.34046,0.0141943101757813,0.110297841213488,0.111180717647533,-0.0120057487486701,0.315294987169026,3.45059834220735,7.83276652903024,0.7241,0.38364,0.0121656137763558,1.0080044751876485,3.4505983391037485,27.02773100955645,0.0123611519766204,6.512819980567783,0.035054722944122,-0.0013348077617731,0.1054231595784346,0.104628304748973,0.3247177077526093,0.5447051751996684,0.0120922074527132,0.0122853767445995
0.43601,-0.34672,0.0222377442431641,0.133626643225367,0.135432190633353,0.0269985789610892,-0.403101105076094,3.21939708691844,6.0901946327126,0.7827299999999999,0.43601,0.0178560797796795,1.013511881037,3.219397084541316,19.6067547711524,0.0183418782597488,5.779497442680268,-0.0545928657071808,0.0036564766926878,0.1270133631522609,0.1254219123162385,0.3618684343900862,0.5781458972404326,0.0176985326718739,0.0181756950100137
4.5231,-4.5848,0.0175954749462891,0.652787292623771,0.652865053629409,-0.504115244123825,12.9543725654773,6.92807797699566,37.104144993091,9.1079,4.5848,0.4261312494110728,1.0001191213531648,7.022584489413103,260.5669916804513,0.4262327782505312,13.950662465347584,8.457457139695682,-0.3291192258903037,0.5025101782585992,0.5024631309605126,1.7200486216740547,2.313317296323073,0.3549653580168787,0.3550365472749934
1.5043,-1.3595,0.0186809648681641,0.284477408732423,0.285020804850107,0.186478634553149,3.75187014078221,5.27786033300662,15.2572849883058,2.8638,1.5043,0.080927396079114,1.001910155255963,5.277860331154872,80.52581879809804,0.0812368591974027,10.047687573197717,1.0693610472188295,0.0531502905076875,0.250774908760948,0.2503519498167367,0.9180092543681192,1.3516511551763166,0.077819372737397,0.078105625846657
2.8804,-3.0799,0.0119220983886719,0.524084251881092,0.524091906129564,-0.17612926645098,9.19576882724545,5.49598260593614,43.9597031532255,5.9603,3.0799,0.2746643030697638,1.0000146048053211,5.8766410306877255,258.33539312952746,0.2746723260705197,11.3726236355752,4.819428012997894,-0.0923079229794959,0.4213987613054233,0.4213937391229277,1.4060724783117786,1.9402225768656771,0.2426828522330528,0.2426891464200693
0.39491,-0.38448,0.0203073397998047,0.144567465774734,0.145951825110767,0.0229674265429718,-0.325292264792301,2.70575581840303,7.1871464480134,0.77939,0.39491,0.0208997521605288,1.0095758698380486,2.705755816549166,19.446663223665148,0.0213019352531639,5.340049697045541,-0.0474769997408512,0.0033521378220442,0.1362355799837908,0.1350268064885377,0.3328298970630417,0.5762706089408715,0.0206843484271345,0.0210782204920859
5.1545,-5.1432,0.0121681516455078,1.13039541673307,1.13018491377853,0.0854304312819806,3.59242379832143,4.56075809998829,92.8805743636312,10.2977,5.1545,1.2777937981711311,0.9998137792745748,4.560758099584751,423.6058283792296,1.2773179393325833,9.111517835307769,4.060103180761844,0.0965521846124878,0.7562087899337487,0.7563076041507717,1.8171835215682133,2.424599165178245,0.8232073421268327,0.8229984081345616
4.8945,-4.8582,0.0184552836425781,1.07358869929344,1.0734852133788,0.0897894233068514,3.90539064254314,4.55944799145816,58.166822800933,9.7527,4.8945,1.1525926952505805,0.9999036073920128,4.559447991033423,265.2086019521835,1.1523705033429277,9.085080891235402,4.192379107237992,0.0963876182377147,0.729230869441254,0.729280777360351,1.774019712750045,2.375156885828276,0.7666730203881456,0.7665697944614185
0.5086,-0.40242,0.0181129396630859,0.145434994118797,0.146523337035615,0.0679898361850739,-0.17359084917587,3.47111941544421,8.08942887024733,0.91102,0.5086,0.0211513375143345,1.0074833627399238,3.4711194130752308,28.07937345634665,0.0214690882960524,6.2175761063700286,-0.0254351105000946,0.0099620976823418,0.1367341781331838,0.135784472386944,0.4111820684373934,0.6476371309281221,0.0209307529919866,0.0212418737271618
0.3801,-0.45165,0.0239941079296875,0.133778234251613,0.135880810244896,-0.0193703815405248,-0.232068819621343,2.79730448556313,5.66309073223651,0.83175,0.45165,0.0178966159594794,1.0157168757942845,3.3238689028539854,18.823371114324445,0.0184635945928094,6.1211733863584685,-0.0315336992427247,-0.0026320631384792,0.1274083942353423,0.1255556255564081,0.3727008405141914,0.6052717940579362,0.0177383569392224,0.0182952119052967
0.95254,-1.0345,0.0320508832958984,0.209305658246144,0.211694890466618,-0.0497504744944336,1.7848495087485,4.49958899763905,6.60496275600957,1.98704,1.0345,0.0438088585738516,1.0114150383671077,4.886749969406817,32.27680146040488,0.0448147266496733,9.386338964920368,0.3778435212539106,-0.0105319212487613,0.1920201154160602,0.1900463587414558,0.7102500884596076,1.0942829305068804,0.0428763870409918,0.0438395746260622
1.4465,-1.3883,0.0196116876660156,0.274617971676532,0.275250476685409,-0.208344497551282,4.25915317244972,5.25521342385627,14.035022450535,2.8348,1.4465,0.0754150303677325,1.0023032174652853,5.255213421947027,73.75703801008848,0.0757628249155448,10.29898306846556,1.1723339409929572,-0.0573469222657724,0.2431426116184443,0.242646503654713,0.8946584317470412,1.3441172822207044,0.0727066618326235,0.0730300145019423
0.55659,-0.60457,0.0131681865673828,0.169722362446665,0.170191116625867,0.0022254263516902,0.0062399090123217,3.27038220933444,12.9244156554879,1.1611600000000002,0.60457,0.0288056803144771,1.002761887544861,3.552300564393163,45.91140870576369,0.0289650161783594,6.82268277180602,0.0010619770824508,0.0003787477957627,0.1571670830133835,0.1567664235961314,0.4728558079143554,0.7706451145803291,0.0283985957869836,0.0285534583909388
0.19297,-0.21112,0.0113071810107422,0.0636373719482652,0.0646188057065142,-0.0717974199492731,-0.164445280503105,2.98628236610301,5.71484666647896,0.40409,0.21112,0.0040497151084818,1.0154222845265302,3.267160346976222,18.67132028153586,0.0041755900509362,6.253442708457851,-0.0106262576301833,-0.004639463529931,0.0626168061754742,0.061694516990439,0.1915455513214863,0.3393894061132403,0.0040415370839298,0.004166896466959
5.2976,-4.8269,0.0173974799511719,0.786167106159372,0.786167669541212,0.0492327232358573,16.0731948517996,6.73851164992774,45.1885946555298,10.1245,5.2976,0.6180587188070014,1.000000716491234,6.738511649070608,304.5038697798738,0.6180596046318603,12.87829605689659,12.636226138721096,0.0387051752915014,0.5800723579701543,0.5800720425563561,1.8401686084357425,2.409149883222076,0.4812271089586396,0.4812276564199932
3.9713,-4.3837,0.0172812948242188,0.555757375455465,0.555890357822701,-0.88176536389296,17.6556681872111,7.14403468978073,32.1671705434741,8.355,4.3837,0.3088662603731467,1.0002392811559238,7.885907603041341,253.6673333348696,0.3090140899202506,15.02994229153692,9.814615706187656,-0.4901648636501217,0.4420479591492587,0.4419624852275838,1.6833758701361845,2.235910959726053,0.269161312398075,0.2692742507508492
0.20528,-0.19339,0.0160916848681641,0.0626597187351771,0.0646781691478736,-0.198563782779581,-0.205236052416309,3.17386844285386,4.0193534535239,0.3986699999999999,0.20528,0.0039262403519715,1.0322128849318,3.173868437946687,12.75689900753882,0.0041832655643209,6.163903595850573,-0.0132742921134238,-0.0128427419292593,0.0626725648996689,0.0607749340344481,0.1867119050952475,0.3355217850852174,0.0039185527859055,0.0041745400346046
0.741,-0.63148,0.0321957742041016,0.185036078026069,0.187771670130111,0.123369839344514,0.694494524777838,3.94628220266957,5.83218371888663,1.37248,0.741,0.0342383501712694,1.0147841006561875,3.94628220056794,23.01544274105561,0.0352582001034512,7.309302826768537,0.1304063968137524,0.0231653607774028,0.1720790056080938,0.1697732197152563,0.554459660786052,0.8639358215401757,0.0336652622604299,0.0346508643041774
0.71659,-0.58496,0.008828164946289,0.187189827228627,0.187352231168624,0.0688987288319803,0.587796154951244,3.82482768168927,21.2221036091286,1.30155,0.71659,0.0350400314178832,1.0008675890261487,3.8248276796477514,81.1708884284198,0.0351008585238615,6.947074989108877,0.1101249211024538,0.0129083305713535,0.1717258122731121,0.1715890246852267,0.5403397648160642,0.8335828090011568,0.0344401036678074,0.0344988698187407
1.3915,-1.3424,0.0213801225390625,0.281813029018964,0.282554267990222,0.0353882725866754,4.16355036875868,4.92471768307586,13.2157459562723,2.7339,1.3915,0.0794185833248434,1.0026302505372988,4.924717681332925,65.08381750147977,0.0798369143594901,9.675663434420471,1.1764289266850276,0.0099991074561665,0.2488536113899614,0.2482755046633887,0.8719207841382145,1.317453263828939,0.0764225474011053,0.0768100245109975
0.21967,-0.20882,0.0131359501025391,0.0686537655266414,0.0698826965047176,-0.0613075499648598,-0.295121534081406,3.14341047193522,5.31995751804888,0.42849,0.21967,0.004713339520987,1.0179004147384934,3.143410467437095,16.722810045179614,0.0048835912707704,6.131560755643105,-0.0206238885982175,-0.0042843369076421,0.0675490130292257,0.0663996932629523,0.1985803303523804,0.3566179423141706,0.0047022665165213,0.0048717052209521
0.54073,-0.48086,0.0181850926806641,0.147279459245906,0.148362209764554,0.02962650136629,0.250748265092326,3.64466127094037,8.1584522207195,1.02159,0.54073,0.0216912391157664,1.0073516729587186,3.6446612684837656,29.73479467616184,0.0220113452862215,6.885783117767333,0.0372015667037256,0.0043954532102953,0.1383367618655741,0.1373934521029458,0.4322563300847438,0.7038843305026443,0.0214593317676386,0.0217725927827354
2.2551,-1.8358,0.0071093115966796,0.573309721596826,0.573213824795275,0.0691280205144475,0.396082192334638,3.93413400454083,80.6285977200643,4.0909,2.2551,0.3286840368774301,0.9998327310737604,3.9341340038544983,317.2037035671461,0.3285740889364283,7.136778323075859,0.2270397884014356,0.0396251370396126,0.4531205492277748,0.4531815033570968,1.1802229971548286,1.6274546322208987,0.2841890064520621,0.2841062535271607
0.22113,-0.20444,0.0148496417285156,0.0634171969708389,0.0651175014143162,-0.333690939207282,0.0742224915272391,3.39586125384387,4.38512272584137,0.42557,0.22113,0.0040217408716381,1.0268114079778394,3.395861248628899,14.891268257754644,0.0042402889904434,6.5354165946682965,0.004833183196999,-0.0217291202057746,0.0630851230419794,0.0614874936432904,0.1997766595674982,0.3545717337419408,0.0040136752897071,0.0042313242980719
0.47314,-0.41514,0.0133372795800781,0.163901206071318,0.164403075954889,-0.0139410052472715,-0.489377579389286,2.87792668873072,12.3265824164366,0.88828,0.47314,0.0268636053516326,1.0030620261759784,2.8779266869801963,35.47500025111788,0.027028371383429,5.403061921441368,-0.0804551793549565,-0.0022919441445546,0.1522085745509819,0.1517774711980241,0.387396177091717,0.6356663618119428,0.0265091133160659,0.0266695560599065
1.4094,-1.2838,0.0209594015917969,0.26789366255841,0.268647107683159,-0.032667259490959,4.490102336662,5.24628763791584,12.8174989398696,2.6932,1.4094,0.0717670144389592,1.0028124779708198,5.246287635962975,67.24428591640627,0.0721712684665268,10.025047439460398,1.2062530059456402,-0.0087759647781813,0.237951063126805,0.2373569901627531,0.8793777538506153,1.3064932909163358,0.0693087017503514,0.0696858152480502
0.61458,-0.59435,0.0132068971533203,0.174154390909958,0.174612040124614,0.0571761216751142,0.434543233489984,3.51968855962852,13.221276587341,1.20893,0.61458,0.0303297518732184,1.0026278356348182,3.5196885576128003,46.5347755957964,0.0304893645564798,6.923520270680535,0.0758764805220326,0.0099836392521048,0.1609379144578114,0.1605482212006184,0.4790748609331502,0.7925082353890338,0.0298788984550114,0.0300338006318284
0.47815,-0.41577,0.0173446916943359,0.138799339050587,0.139845228689848,0.0478130317784903,0.429599992870418,3.41913703084181,8.06271054881392,0.89392,0.47815,0.0192652565208798,1.0075352631047203,3.4191370283968605,27.56751204746948,0.0195566879873158,6.392209499999,0.0600775092481206,0.0066864243634179,0.1308924888824454,0.1299744960304521,0.390791305874371,0.6386487552234464,0.0190820309847736,0.0193679132014193
0.19839,-0.20215,0.0101220299902344,0.0649832963627592,0.0657512157238586,-0.193572789812942,-0.154814397573977,3.01728261319451,6.49585268837325,0.40054,0.20215,0.0042228288061701,1.0118171792275803,3.074467862944787,19.971290165895837,0.0043232223691653,6.091750471550359,-0.0101792348520457,-0.0127276462612598,0.0636799173839569,0.0629591148719673,0.1841116203404514,0.3368578765382948,0.00421393768627,0.0043139040903463
3.6008,-4.2535,0.0188470294042969,0.653533282525167,0.653645480482598,-0.571921914909842,11.7779206141024,5.50879659925357,34.6816183315114,7.8543,4.2535,0.4271057513681197,1.0001716788730028,6.507350125344447,225.6854322337773,0.4272524141553263,12.016146723755234,7.698584578890859,-0.3738341748697711,0.5029822329274894,0.5029143817676254,1.658894521146693,2.1809032167266724,0.3556484432247833,0.3557512073341422
2.4721,-2.4423,0.0104540061572266,0.599956485564578,0.599901087731594,0.038847293228827,1.52450694325647,4.12084600370997,57.3848033671665,4.9144000000000005,2.4721,0.3599477845709997,0.9999076634150847,4.120846003023044,236.473935367228,0.3598813150615496,8.192017150299927,0.9145533735139236,0.0233045334634015,0.4699418071670365,0.4699764323537647,1.2447595982266566,1.777390055260753,0.3074463053131094,0.3073974276027619
0.66381,-0.75623,0.0109208930859375,0.134842557242027,0.135251258656223,-0.0614460923231278,4.16252820964606,4.90797650680095,12.3846335269395,1.42004,0.75623,0.0181825152435693,1.0030309519654046,5.591297315487685,69.24616760960305,0.0182929029680925,10.499273818659844,0.5629871795466641,-0.0083106613262095,0.126853999699315,0.12649392522508,0.5631694661347203,0.8837840689576136,0.0180191901166638,0.0181276006809595
0.44519,-0.43955,0.0197806199365234,0.130157808514008,0.131620879964667,0.119066437844329,0.0781891253237905,3.38236608142651,6.65403209742881,0.88474,0.44519,0.0169410551171691,1.011240749719426,3.382366078856732,22.50637235728661,0.0173240560426732,6.7218818136249805,0.0102913214787849,0.0156716293233289,0.1236510119935551,0.1223572765258191,0.368240800809894,0.6337898803521314,0.0167991558165636,0.0171757054884116
0.45645,-0.38156,0.0187957009716797,0.129977904837822,0.131298457617496,0.0702054960456007,0.188651895213013,3.47643078435658,6.98555791110578,0.83801,0.45645,0.0168942557460299,1.010159824320185,3.4764307817088422,24.284808438869728,0.0172392849727333,6.382481672428145,0.024769702868086,0.0092178733470585,0.1233660505775664,0.1221980792922166,0.3760019679575229,0.6086834646151039,0.0167531350095714,0.0170923745168169
4.9926,-5.0326,0.008618861977539,1.04667150783496,1.04645143585941,0.0685296422618173,3.83612187086833,4.770981078448,121.414107638165,10.025200000000002,5.0326,1.0955212453135088,0.999789741027742,4.809205498758765,583.9053873614127,1.095060607612221,9.58018657675086,4.014315239901849,0.0717129425438104,0.7161072863288591,0.7162148188798181,1.797178095254914,2.4001835617579403,0.739802326872997,0.7395824826034849
0.50235,-0.40763,0.0168797213330078,0.139117094190933,0.140103679127499,0.110661578720071,0.132346867072104,3.58555894554949,8.30011801519083,0.90998,0.50235,0.0193535658961289,1.00709175850455,3.585558942990276,29.76056222217443,0.0196290409050611,6.495047132362479,0.0185422829977998,0.0155040943167392,0.1311192048740818,0.1302534835628919,0.40703054883287,0.6470927707995265,0.0191686674607379,0.0194388757594154
0.42599,-0.4285,0.0201156909716797,0.151333916370101,0.152628348193693,-0.0269067529318103,-0.160251751480337,2.79102804322693,7.58752699117191,0.85449,0.4285,0.0229019542439127,1.0085534806326628,2.8074732170688548,21.301778719562492,0.0232954126723351,5.598501258467131,-0.02445896012359,-0.004106733255238,0.1420448547151077,0.1409211974576105,0.3566249426886907,0.6176097256439432,0.0226436409726087,0.0230282162238854
0.74413,-0.74476,0.033998311640625,0.192847185637858,0.195774776222825,0.0590988392654148,0.590179074149301,3.80094930693754,5.7583676004926,1.48889,0.74476,0.0371900370084424,1.0151808825924302,3.804167288496449,21.905793607688967,0.0383277630050972,7.605116593492506,0.1155421761729734,0.0115700620322152,0.1787943236001332,0.1763430424031509,0.5566170103788538,0.9118368279532466,0.0365151689752681,0.0376114988748274
0.19422,-0.19756,0.0093803773291015,0.0673245353154359,0.0679586002951271,-0.159481714201487,-0.302498521863367,2.85791642494918,7.24476190145285,0.39178,0.19756,0.0045325930554393,1.009418035724697,2.907063989713447,21.060986244230826,0.0046183713540728,5.76498041045725,-0.0205573761371793,-0.0108381540698005,0.0657489760180612,0.0651550828825294,0.1802861534318841,0.3305835034446349,0.0045223517902006,0.0046077393993998
0.48378,-0.33796,0.0094701093310546,0.0912254534207172,0.0916935265179388,0.235740328306889,1.34652422062427,5.27605402880163,9.6824147760633,0.8217399999999999,0.48378,0.0083220833518154,1.005130947330564,5.27605402304762,51.08494294834414,0.0084077028052959,8.961810395012508,0.1234675543308583,0.0216158620449553,0.0877301845603345,0.0873013339170473,0.3945928857769343,0.5997920883257973,0.0082876457459912,0.0083725549431673
1.4609,-1.3303,0.0163935831298828,0.27665587512189,0.277073727563457,-0.288765138292441,5.20843022771988,5.27260384030967,16.9013525211823,2.7912,1.4609,0.0765384732394588,1.0015103685805764,5.272603838406715,89.11413566602207,0.0767698505059087,10.073852990458498,1.4431191779485324,-0.0800092332570637,0.2445713103591018,0.2442440615815831,0.9005271366946769,1.3326825916712417,0.0737507763749736,0.0739656803576397
0.43663,-0.44685,0.01088988203125,0.136909175772851,0.137308264638131,-0.147556392212038,-0.218345483765097,3.17992512068168,12.6087926613076,0.88348,0.44685,0.0187441224108014,1.0029149891724616,3.254356180614583,41.03350198049464,0.018853559537935,6.434281298980355,-0.0299806394673586,-0.0202607121508983,0.1286642990754929,0.1283133309910124,0.3693887795254742,0.633121129564248,0.018570616143582,0.0186780339407343
1.3414,-1.2911,0.0185988313085938,0.26583070907997,0.266415798236231,0.0071081667545864,3.81455850938998,5.03498669703731,14.3243300514872,2.6325,1.3414,0.0706659658899596,1.0022009836939678,5.034986695147414,72.12281086542839,0.0709773775498481,9.881170773054697,1.016258650197939,0.0018937279199193,0.236190704424914,0.2357285936746513,0.850749041063435,1.2899211164623008,0.0682808528924923,0.0685716685066208
1.3785,-1.2644,0.0200022325146484,0.258927962755541,0.259636366916496,0.0806931503742544,4.22341455886612,5.3093486724198,12.9803694025832,2.6429,1.3785,0.0670436898967348,1.0027359117692138,5.30934867037489,68.91730671057549,0.0674110430255973,10.17923656215727,1.0965520120462349,0.0209508763982179,0.2308230816257399,0.2302605355979965,0.8664700368901992,1.292780067745746,0.0648919179637451,0.0652361305880031
1.4472,-1.3508,0.0234146533251953,0.269903410770386,0.270851484943335,0.122946115321769,4.54286136999803,5.34314958732003,11.5676060277982,2.798,1.4472,0.0728478511454877,1.0035126420592153,5.343149585347316,61.8074491097418,0.0733605268960096,10.330384563157676,1.2304407479556796,0.0333001379029156,0.2396871363975155,0.2389408430667018,0.8949445138545566,1.334474612390094,0.0703166559666365,0.0707944061846661
0.39366,-0.36174,0.0130788659277344,0.123134420157905,0.12379716797873,0.120388067183156,0.131279915849055,3.17987888113592,9.46543596843609,0.7554000000000001,0.39366,0.0151620854276234,1.0053823108066524,3.179878878567304,30.09893970664001,0.0153257387995538,6.101916640933145,0.016252081794599,0.0149037017757077,0.1167132796525025,0.1161233659732932,0.3319333801502705,0.5626967511758802,0.0150482898211239,0.0152094859340305
5.2375,-5.2413,0.0138912943359375,1.0611889242677,1.0610207523049,0.0814480507176681,4.24772638763823,4.93628422311471,76.3802657006546,10.4788,5.2413,1.1261219329884382,0.9998415248605236,4.939865679460196,377.3082504421248,1.125765036821656,9.876149902109686,4.50692584739729,0.0864180720462278,0.7232013709041603,0.7232829640185761,1.8311884940162944,2.4405018558110942,0.7542996315152153,0.7541317549135301
2.5332,-2.4456,0.0140149988867187,0.341848043158428,0.342051815105332,-0.336598898488417,18.3927853246669,7.40589550510037,24.4061250286274,4.9788,2.5332,0.1168600846112464,1.0005960889667869,7.405895502935228,180.749210356746,0.1169994442168522,14.555689456029492,6.291285605145026,-0.1151342641904184,0.2941996481657775,0.294047800512693,1.26220397588884,1.7882198789295225,0.1105212522693517,0.1106460225192158
0.69323,-0.47084,0.0116988620947266,0.121648453954959,0.122180129190019,0.0871468709916506,2.71799098305372,5.67383587327741,10.4437618121077,1.16407,0.69323,0.0147983463496317,1.0043705868618749,5.673835868633597,59.25618991498862,0.0149279839688897,9.527490327308843,0.3320844894468102,0.0106476159562657,0.1152733371649703,0.1147994371094989,0.5266379474382166,0.7719907079656869,0.0146899192083863,0.0148176582217673
4.1967,-3.771,0.0105362085742187,0.685552075887773,0.685465664507147,0.0299318272166109,10.4638517427355,6.12240731710092,65.0580955833036,7.9677,4.1967,0.4699816487540348,0.9998739534403692,6.122407316207744,398.3121566554585,0.4698631772182245,11.623776961266811,7.172611088138457,0.0205172398329472,0.5220418843822283,0.5220931516180007,1.6480238087491883,2.193629232935564,0.3852499168719285,0.3851693197364418
2.6757,-2.7971,0.0137186733203125,0.731095717546378,0.731045937969155,0.0138502049185149,0.482912368010947,3.66009830713661,53.2883844450713,5.472799999999999,2.7971,0.5345009482146533,0.9999319108619822,3.826161742157716,203.889976406792,0.5344281634212016,7.48626004879366,0.3530311250294685,0.0101251360457207,0.5487258142412159,0.5487545707637268,1.3342376174843753,1.8676087815114928,0.4282052130081591,0.4281577796587282
1.8039,-1.9439,0.0117273879638672,0.585253512850764,0.585228125623959,-0.006282868673871,0.77714565711538,3.08238774080913,49.9026831402767,3.7478,1.9439,0.3425216743041593,0.999956621658404,3.3216106925744384,165.75728452180027,0.3424919590213323,6.403998432856875,0.4548074962504337,-0.003676911457551,0.4607283248110863,0.4607443395556584,1.0797352328984204,1.5576813528610656,0.2945496920036375,0.2945275578271406
1.4584,-1.5114,0.0219232593115234,0.278106919264871,0.278901994401655,-0.27774328058194,5.17474239732148,5.22907698501329,12.7217395205036,2.9698,1.5114,0.0773434585429974,1.0028588826146425,5.4191078937982695,68.94047876866208,0.0777863224812207,10.648184876936682,1.443245975127762,-0.0774631548859615,0.2460018929223807,0.2453800138525363,0.9208403665727264,1.3787157155963403,0.0744982503466341,0.0749092362170502
0.18671,-0.16856,0.0102233814648438,0.0639204945265701,0.0647174792084997,-0.175910559395667,-0.412072870606841,2.88500111999848,6.33033986172293,0.35527,0.18671,0.0040858296205212,1.0124683731968231,2.885001115540641,18.263037412401683,0.0041883521151025,5.489552494875066,-0.026668317435885,-0.0113844879702446,0.0627094862305272,0.0619606649382222,0.1711847723830379,0.3040006964742501,0.0040775052855167,0.004179605382807
0.48232,-0.45708,0.0171106349658203,0.141844798749575,0.142838708228557,0.0571544521928166,-0.0270174652286395,3.37667573434112,8.34794901030191,0.9394,0.48232,0.0201199469323074,1.007007020257655,3.3766757319771443,28.18831668986198,0.0204028965684028,6.576648661924302,-0.0038591398328688,0.0081638681207327,0.1335152621944152,0.1326451989767781,0.3936084279920221,0.6623786468883088,0.0199202154140999,0.0201975459412343
1.1947,-1.2043,0.0184258088818359,0.273308106082775,0.273861932335085,-0.0760625281377935,4.01388848762522,4.36241718523412,14.8629530508729,2.399,1.2043,0.0746973208505533,1.002026380263817,4.39747134365037,65.35940979238386,0.0750003579823066,8.759888527291569,1.0992512573985946,-0.0208306309341079,0.2420531779137987,0.241618321777236,0.7904099981801552,1.223481270713979,0.072039059934119,0.0723209945863675
2.848,-2.8624,0.0100921981787109,0.688299735446296,0.688205675543945,0.0282767160970029,1.41718172789986,4.13829775197508,68.1918511068962,5.7104,2.8624,0.473756525815441,0.9998633444159668,4.159221728768351,283.6250260796125,0.4736270518508976,8.297519480142116,0.9753125084178584,0.0194601965037022,0.52366623445257,0.5237219488027198,1.3512887519210752,1.903658561725464,0.3878146008938662,0.3877267440125239
4.7718,-4.9487,0.0101154523828125,1.10104956914409,1.10082720159526,0.0604378320848156,3.50200316598788,4.33474026903128,108.826294656452,9.7205,4.9487,1.2123101537123864,0.9997980402926068,4.495437605810489,489.2218127076866,1.2118205277720513,8.830177874448008,3.855100345192179,0.0665316095644117,0.7423311726905167,0.7424370147040599,1.7831727082907325,2.372157796346006,0.7940372879866925,0.7938159446414865
0.48837,-0.44748,0.0124079928808594,0.122714304593701,0.123310201967599,-0.0736722394486931,1.48416432652963,3.96049955484075,9.93796524156765,0.93585,0.48837,0.0150588005519156,1.0048559723773474,3.960499551628942,39.35930659804215,0.01520540590929,7.589396370358428,0.1830126028574742,-0.0090845387258236,0.11627986376391,0.1157492396445924,0.3976815614151207,0.6605465065138633,0.0149465423940235,0.0150909623736131
1.4518,-1.2759,0.0202289318847656,0.287419605263888,0.288060587805388,0.0993988637617804,4.31096836030529,5.03991195415051,14.2400295500687,2.7277,1.4518,0.0826100294900491,1.0022301277628174,5.039911952400916,71.76849480206616,0.0829789022467856,9.469188478140229,1.2418200798799717,0.0286328951224061,0.2531376667973798,0.2526399090926542,0.8968224486787568,1.315791421482287,0.0793748195998348,0.0797154869858729
4.4972,-4.1016,0.018822338671875,0.710635661256458,0.710711432274287,-0.0805791070994968,9.4933037696984,6.32774399816378,37.7589333963189,8.5988,4.4972,0.5050030430494034,1.0001066241422285,6.327743997273436,238.9288629062332,0.5051107399653685,12.0988626442575,6.746999519177238,-0.0572684926180665,0.5369093262586468,0.53686503316837,1.7042388716985597,2.2616380906606395,0.4087949201585313,0.4088664768662005
0.61333,-0.46187,0.012751094765625,0.10977267095291,0.110484143195354,0.272990304653084,4.06357367632896,5.55129435104123,8.66467901197022,1.0752000000000002,0.61333,0.0120500392881358,1.0064813230435203,5.551294346016722,48.1001832755118,0.0122067458976114,9.73171323893692,0.4489604559403999,0.0301610999102346,0.1047960852727804,0.1041551934063414,0.4783003659425938,0.7300575345800424,0.0119780155797568,0.0121328443652504
0.43768,-0.33358,0.0189398012060547,0.118369023129933,0.11984615257776,0.0471998330935643,0.0819508193331702,3.65201544301575,6.3277407863947,0.7712600000000001,0.43768,0.0140112256367346,1.0124790194893951,3.652015439968486,23.109006949301094,0.0143631002876917,6.435417264280055,0.0098214903976755,0.0056567183985761,0.1131913121018793,0.1118713946262842,0.3630307032416296,0.5716911577372324,0.0139139757553795,0.0142609281398478
0.397,-0.42203,0.0089207437841796,0.132238768349716,0.132507105112304,-0.104794225712472,-0.0741821476301596,2.996065755595,14.8538180580072,0.81903,0.42203,0.0174870918546498,1.0020291830129229,3.184961284331281,47.30883494463335,0.0175581329052431,6.181027037665212,-0.009829661633486,-0.013885979481645,0.1244338521852206,0.1241968836431974,0.3520854282049231,0.5983033919783239,0.017335952116207,0.017405769778987
0.58391,-0.48628,0.0132996476708984,0.135031730994733,0.135652297783877,0.0886957149705571,0.467528322245913,4.30446081296972,10.1996910851033,1.07019,0.58391,0.0182335683754339,1.004595710090605,4.30446080979658,43.90417025010855,0.0184015458940456,7.889213943991713,0.063421291191699,0.0120317775393398,0.1272071975536983,0.1266606073661346,0.4598964735962019,0.727640390504682,0.0180693302940921,0.0182342862234245
0.41556,-0.38677,0.0166809668701172,0.133651816749221,0.134656380100654,-0.0237688634310093,-0.176021306839933,3.08607731538138,8.07245653978736,0.80233,0.41556,0.0178628081203673,1.0075162708230618,3.086077313089556,24.912224857494596,0.0181323407018118,5.958351166164076,-0.0237023919996518,-0.0032006291087265,0.1263298562856968,0.1254441182554731,0.3475252125202944,0.5890802722756369,0.0177051429565531,0.0179699103683762
0.4915,-0.55554,0.0128141219238281,0.153923987198261,0.154418997880299,-0.0439521993409548,0.142102799030178,3.18289852121043,12.0506889819078,1.04704,0.55554,0.0236925938350104,1.0032159417822175,3.5976143302709205,43.35373106069717,0.0238452269063557,6.780512849420139,0.0219433718222256,-0.0067870545768653,0.1435971852723762,0.1431682969374747,0.4418227522290389,0.7163948472796358,0.023416280214878,0.0235653695944069
0.93814,-0.82633,0.0330099967041016,0.232770033995063,0.235042746342262,0.129401721548046,0.57880209401118,3.99135908084528,7.12035049409918,1.76447,0.93814,0.0541818887260627,1.0097637664402748,3.991359079147133,28.419875517329128,0.0552450926081129,7.507017454092931,0.1360432337650398,0.0304149360140693,0.2111055819038286,0.2092636974563299,0.6617287502815177,1.0168489348650207,0.0527650051795159,0.0537730552153699
5.1073,-5.1712,0.0105112944140625,0.952913845677597,0.952739158083498,0.0621293400316529,5.11172564063333,5.36064877429169,90.639565457217,10.2785,5.1712,0.9080447972840672,0.9998166804954371,5.427718547707708,491.9660459595845,0.9077119033456524,10.788367321436745,4.870141183210828,0.0591930551140403,0.6692330833655991,0.6693225370851421,1.8198933084718265,2.422898258504054,0.6460790514108878,0.6459045675717038
2.807,-2.7035,0.0145416096582031,0.410824438836741,0.410981468498744,-0.161290608976131,10.6736274568798,6.8299916544986,28.2624467413691,5.5105,2.807,0.1687767195455231,1.0003822303327654,6.829991652836724,193.03227405181445,0.1689057674493841,13.408147133222933,4.3866630864369744,-0.066287451332067,0.3442855391903441,0.3441742419095801,1.3368414774003603,1.873416258186646,0.1559576630026647,0.1560680697022143
0.44122,-0.35882,0.0197314458300781,0.130813358735411,0.132261518377806,-0.0003194180258472,-0.121141210428675,3.33596654122518,6.70308296294182,0.80004,0.44122,0.0171121348236393,1.011070425492377,3.335966538702929,22.361260374102425,0.0174931092436027,6.048924957218374,-0.0160223204294218,-4.224671309579196e-05,0.1242169764011662,0.1229371602937049,0.3654899771199638,0.5878088868774313,0.0169673713850842,0.0173418660695217
1.5458,-1.52,0.0091338508789062,0.488156444903393,0.488122716245487,0.0580038480037073,-0.183730382583723,3.16682659616805,53.4410647509869,3.0658000000000003,1.5458,0.2382967147007193,0.9999309058432982,3.1668265955192765,169.23858332809291,0.2382637861148722,6.280797630057575,-0.0896829734035893,0.0283129958402599,0.3975154036054729,0.3975380685882122,0.9344449424541972,1.402610525604827,0.2137368181632163,0.2137102259714743
1.8363,-1.8822,0.0129768366796875,0.310138894265092,0.310334603517835,0.0036780467555783,7.24238826697971,5.91716160294212,23.9145032936724,3.7185,1.8822,0.0961861337359739,1.0006310371136895,6.065066473598465,145.04305108824263,0.0963075661405718,11.982228074633882,2.2475636913553685,0.0011414251816124,0.2702825271309771,0.2701331577492433,1.0585538914221242,1.5514909524792506,0.0918370041574043,0.0919477751983691
2.5704,-2.7932,0.0131191543066406,0.654521725624177,0.654493409039583,0.0169509432780394,1.3039382613077,3.92731227617992,49.8883840941099,5.3636,2.7932,0.4283986893140504,0.9999567368301446,4.267728232239995,212.91006366890156,0.4283616224762548,8.195040507819861,0.8534189978204231,0.0110942806524806,0.5034948647146491,0.5035119795258194,1.3332099900274352,1.850594254948948,0.3565540191474597,0.3565280688864983
0.46375,-0.40617,0.0117296423388672,0.136033630905852,0.136505302203506,0.0881730410302808,0.0680106067371113,3.39730393262401,11.6376355100943,0.86992,0.46375,0.0185051487374295,1.003467313150185,3.39730393013524,39.53658454782251,0.0186336975296705,6.37279274372668,0.0092838084256931,0.0120360876120406,0.1279580296788177,0.1275429245313943,0.38100163592979,0.6258956492027099,0.0183360118878806,0.0184622171219
2.514,-2.7611,0.0153585123583984,0.421836944206694,0.422013511045818,-0.644625962076904,12.64030203027,5.95715524313405,27.4774992003083,5.2751,2.7611,0.1779464074976414,1.000418566324043,6.542681518663413,179.77652506901245,0.1780954035052187,12.49983676038585,5.334378240473825,-0.2720408655673626,0.3520738327746013,0.3519496582850287,1.324711467807952,1.836589421145847,0.1637725897103142,0.1638990696455005
2.4131,-2.0357,0.0123706443261719,0.594516336255242,0.59449989408471,0.0464123236826215,0.830151795626151,4.05904193425501,48.0573103881873,4.4488,2.4131,0.353449674074356,0.9999723434504209,4.059041933572244,195.06663653630972,0.3534301240667314,7.483264578374788,0.4935251545739786,0.0275921215135437,0.4665601410425795,0.4665704527935049,1.2276209692316435,1.6953954009449717,0.3026566473154563,0.302642202634434
1.4238,-1.5577,0.02096188703125,0.293150095498638,0.293827190340671,-0.0115913152782184,5.03751306304125,4.84570539012816,14.0172108504655,2.9815,1.5577,0.0859369784908605,1.0023097203521298,5.3014154260666615,74.31105750387232,0.0863344177834929,10.147120814545644,1.480158309617838,-0.0034058436005518,0.2576046402831511,0.2570811761915254,0.9391084171546008,1.3816586327153626,0.0824431889723273,0.0828091094533027
1.3506,-1.2847,0.0224290176757812,0.277898255041343,0.278734268216003,-0.204711396789919,3.89764508392679,4.84547525729188,12.4273952718392,2.6353,1.3506,0.0772274401550233,1.0030083422950415,4.845475255553491,60.21663603380682,0.0776927922779107,9.454524611994756,1.0864072502340354,-0.0570600813797139,0.2458707357376442,0.2452167401423817,0.8546706147166168,1.2906916385290972,0.0743905552244579,0.074822452538444
5.1562,-5.1048,0.0078230635253906,0.990128510581395,0.989917662780211,0.0623952503675968,4.9002543445342,5.20871603151182,126.538364359093,10.261,5.1562,0.9803544674661316,0.9997870499648184,5.208716030985647,659.1023986133763,0.9799369790842356,10.365508551635646,4.85084832776987,0.0617661604124775,0.6880932623930808,0.6881992148329256,1.8174597040778688,2.421345428714889,0.6832758526563585,0.683065015454563
5.1107,-5.0714,0.0195859126123047,1.12138241564111,1.12127967837275,0.109462468186541,3.78037728962427,4.55791726058646,57.2492944581157,10.182099999999998,5.1107,1.2574985221090913,0.9999083832893064,4.557917260179974,260.9375460347702,1.257268117131698,9.080785280857516,4.23886023143755,0.122738041122092,0.752019528451455,0.7520679590198592,1.8100413329060676,2.4143142855084827,0.8142573516505793,0.814155284369586
0.43726,-0.44435,0.0211192745117188,0.138763372626031,0.140327813883771,-0.131328677344107,-0.168557468476016,3.11598953834034,6.64453761448599,0.88161,0.44435,0.0192552735825507,1.0112741649832104,3.1665140885853846,21.04002188377418,0.0196918953493982,6.282503624705211,-0.0236533010650219,-0.0184290661919456,0.1313157771084862,0.1299429127731617,0.3676593933722656,0.6321277933338985,0.0190722366872115,0.0195005182829041
0.48545,-0.46897,0.0116319880810547,0.16715422164756,0.167517742709668,0.0146342475886817,-0.50020721840553,2.89790199024681,14.4014713170579,0.95442,0.48545,0.0279405338146016,1.0021747638696017,2.897901988516903,41.73405203339736,0.0280621941225425,5.697426338202292,-0.0837935841143762,0.0024514961223103,0.1548799076271678,0.1545684967989268,0.3957177566532843,0.6700934742287226,0.0275573188759504,0.0276756653221197
0.98466,-0.61813,0.0325360885009766,0.179815187449297,0.182691846697582,0.134724027607869,1.20029082850726,5.38973149485948,5.61505254978941,1.60279,0.98466,0.0323335016374258,1.0159978652943114,5.389731491909316,30.26362547987543,0.0333763108497728,8.773188448720708,0.219283348034162,0.0246129813982176,0.1677930664468105,0.1653578054055737,0.6854476148335047,0.9565839466150212,0.0318217753556445,0.0328314131030446
0.2858,-0.39074,0.0129837570898438,0.0940120723677236,0.0948816744036507,-0.311210465263737,0.555412897996752,3.01217281204518,7.30772100456729,0.6765399999999999,0.39074,0.0088382697508741,1.0092498964558585,4.118181957096107,30.09452458843316,0.0090025321376403,7.130354765966628,0.0526985057473158,-0.0295281700361625,0.0906462975242301,0.0898517390099488,0.3298359795825037,0.516732145870059,0.0087994408638477,0.0089622509199982
0.40743,-0.41619,0.0125565498193359,0.131372392916259,0.13193917333967,-0.128530577756505,-0.0467672648225763,3.08801389069715,10.5075976472849,0.82362,0.41619,0.0172587056205439,1.0043143031073574,3.154408119665123,33.14525109792354,0.0174079454615554,6.242422008021789,-0.0061704342600481,-0.0169582181780634,0.1239322445384008,0.1234314028127551,0.3479701670610513,0.6008235366144029,0.0171114658581708,0.0172581629509843
1.4745,-1.5004,0.0229499708300781,0.282675008291609,0.283536320922388,-0.248109934921651,4.90990719090252,5.20039194697603,12.3545394903416,2.9749,1.5004,0.0799051603126612,1.003047006297726,5.291738266863978,65.37698912871319,0.0803928452822034,10.492130212005897,1.3921370209788777,-0.070348178131978,0.2496190192710033,0.2489477474600527,0.9164507190755202,1.3799995905571425,0.0768732227548934,0.0773247206283939
0.64525,-0.66027,0.028094553984375,0.176635510792978,0.178813235558936,-0.0475618082702881,0.484139374960281,3.60851364264548,6.36469387121733,1.30552,0.66027,0.0312001036730962,1.0123289176392023,3.692511896934648,23.50170776930801,0.0319741732110555,7.301025537562091,0.0865705280981287,-0.0085046808258439,0.1645081998120373,0.1626591038469231,0.5069802397446864,0.8353062475348255,0.0307232731791972,0.0314736407879369
0.47272,-0.33066,0.0092966429394531,0.103652874587971,0.104043740447862,0.160079204372803,1.07593128891759,4.54347371562336,11.1915388302503,0.80338,0.47272,0.0107439184103496,1.0037709109474062,4.543473711256472,50.84846196566552,0.010825099926382,7.721560141625538,0.1119439157638753,0.0166552391908641,0.0989795670409427,0.0986254732208834,0.3871110311561695,0.5896626818591475,0.010686612612751,0.0107669279671511
4.7714,-4.6733,0.0154489474951172,1.03382729635993,1.03369031833771,0.098631526398863,4.13612006350607,4.61588922267644,66.9100803575399,9.4447,4.7714,1.0687988786988825,0.999867503863857,4.615889222229882,308.8495168116209,1.068515674225116,9.136875746572194,4.2754672651285786,0.1019544539213749,0.709852033496775,0.7099193856438323,1.752914685404488,2.3460946727195524,0.7269681870297419,0.7268312844710478
4.6591,-4.6566,0.0077854037451171,1.07862887071812,1.07839360495279,0.0292245337282548,3.0267855720013,4.32040766803693,138.51479515486,9.3157,4.6591,1.1634402407466469,0.999781884323983,4.320407667636276,598.4403754369306,1.162932767203074,8.638497072267016,3.2640662044095743,0.031515550280277,0.7315952900206836,0.7317084795773713,1.733264868970859,2.333667006557074,0.7716996587374868,0.7714650633639637
1.3637,-1.0566,0.0297801856591797,0.239936608498853,0.241719518060184,0.19407589878401,2.32125482367441,5.64166274591223,8.1167901646602,2.4203,1.3637,0.0575695760979318,1.0074307521129957,5.641662743578265,45.79219253458288,0.0584283254112476,10.012844715320435,0.5610925972734558,0.0469119327211679,0.2164971271382394,0.215060256131818,0.860228187937615,1.2297282665256468,0.0559734227744398,0.0567850959427823
0.49004,-0.50235,0.0221446252636719,0.136898352941883,0.138644843069287,0.0754711786540825,0.466855511025497,3.53449857312835,6.26088007444106,0.99239,0.50235,0.0187411590382003,1.0127575678494078,3.623286582585871,22.68496268282332,0.0192223925097072,7.157785153164909,0.0647271090621618,0.0104636897207493,0.1298388211517878,0.1283038114245307,0.40703054883287,0.6893349231319202,0.0185677072905679,0.0190399762671998
0.20799,-0.21613,0.0125714654345703,0.0671284825681372,0.0682793863908232,-0.154754098047234,-0.071405276742798,3.04616094247669,5.43129890037016,0.42412,0.21613,0.0045062331719006,1.0171447897664505,3.165377006265984,17.192108541813493,0.0046620746059073,6.211537944281354,-0.0048755084810651,-0.0105665148561304,0.0660493040714958,0.0649713798483493,0.1956736857244704,0.3535540791022168,0.004496110501883,0.0046512407950653
1.0114,-0.61041,0.0293492649658203,0.179615278273764,0.181954045806876,0.356345537569775,1.70622355274047,5.55854636545696,6.19961167745689,1.62181,1.0114,0.0322616481893616,1.013020982704184,5.558546362402044,34.46082883955622,0.0331072747854907,8.913294518496398,0.3104542784721102,0.0648385122660466,0.167169039892148,0.1651883499552728,0.698830997028243,0.9638649189477664,0.0317521699919981,0.0325710325535234
0.20444,-0.20069,0.0110048586962891,0.0630562284297286,0.0639941669960326,-0.0682999397297033,-0.0929528703168234,3.1946661640689,5.81508302488355,0.40513,0.20444,0.0039760879437821,1.0148746363075265,3.194666159076778,18.577248812037308,0.0040952534095161,6.330733227483737,-0.0059484415058153,-0.0043707977488815,0.0620299087578397,0.0611479939436791,0.1860147286315722,0.3401298251957703,0.0039682041968515,0.0040868906831529
4.6591,-4.3924,0.0125317431835937,1.05042165756419,1.05023994436436,0.0788279684101384,3.6873655328961,4.43622433616332,83.8063730622338,9.0515,4.6591,1.1033856586799005,0.9998270091838796,4.436224335740933,371.7838687375281,1.103003940738454,8.618506701929356,3.8726185721198583,0.0827882811574192,0.7179568323323596,0.7180454586164029,1.733264868970859,2.307721877099198,0.7435482649194274,0.7433667705839777
0.46021,-0.31897,0.0192328214404297,0.126002090599995,0.127431063896367,0.119930331022616,-0.0650984287872998,3.61144281408704,6.62570826080107,0.77918,0.46021,0.0158765268355693,1.0113408689366457,3.6114428112529953,23.92836636229288,0.0162386760457599,6.114521652445859,-0.0082955620383474,0.0152828496756554,0.1199416498571188,0.1186733863765166,0.378580260993333,0.5761525840037514,0.0157518130659304,0.0161082389353999
4.5268,-4.7459,0.0137508567578125,1.1006932116068,1.10051036657126,0.0612852536273549,2.83927142239587,4.1133642512643,80.0321307940329,9.2727,4.7459,1.2115255460772918,0.9998338818359236,4.312453697601266,345.134855891081,1.2111230669308088,8.425817948491806,3.1246476338561813,0.0674450569348529,0.7421803469025575,0.7422673910232496,1.748486556994588,2.329489891043189,0.7936825697301537,0.7935005615342459
5.1378,-5.0856,0.0106895163574219,1.07640948448756,1.07619974604241,0.087869662285542,4.42890683040695,4.77402082549604,100.678057833289,10.223400000000002,5.1378,1.1586573782947749,0.999805149854072,4.7740208250524265,480.6391402702546,1.1582058933817476,9.499537643123707,4.766388406129455,0.0945653082365326,0.7305391774585389,0.7306401927160239,1.814466371763126,2.418000884493172,0.7694864443097827,0.7692772716368211
1.8629,-1.7469,0.0127778442773437,0.54118170655028,0.54120043066237,0.0330278724578517,-0.0246289723614876,3.44216281890244,42.3545958860969,3.6098,1.8629,0.2928776395046733,1.0000345983832415,3.44216281826642,145.79141402779126,0.2928979061491347,6.669987300111719,-0.0133292104488086,0.0178746987980511,0.4325616132029759,0.4325494640850166,1.0518350971091808,1.5281844721195073,0.2568704622913727,0.2568861377775887
1.2169,-0.84093,0.0093330027392578,0.170541009689455,0.170754618206733,1.05951247302841,13.4849327292972,7.12660080752075,18.2957857162605,2.05783,1.2169,0.0290842359858987,1.0012525340241722,7.126600803347154,130.38675986267813,0.0291571396389271,12.051387074658455,2.302614539734621,0.1809166478172376,0.1576485137303497,0.1574660433790403,0.7961098236177704,1.11770551407146,0.0286693154896426,0.0287401562121373
0.63899,-0.5036,0.0146409456005859,0.18389969359314,0.184436822138706,-0.0543063899750681,-0.284445994044927,3.46454678946619,12.5973299246003,1.14259,0.63899,0.0338190973036507,1.0029207685710573,3.4645467875877403,43.64403864802456,0.0340169413606246,6.1950210707990365,-0.0524623152117316,-0.0100160979888268,0.1692674060382162,0.1688138146239832,0.4940801984618106,0.7620153776086953,0.0332598065281685,0.0334511602466243
4.5147,-4.6044,0.0148424244628906,0.996398838189504,0.996266114793984,0.0622464288579053,3.34734183874801,4.53162055093441,67.122869129964,9.1191,4.6044,0.9928106447453936,0.9998667968182822,4.621656735248864,310.21885814478287,0.9925461714866995,9.153277285728416,3.33484324857683,0.0620140078380654,0.6912784930474938,0.6913449766603849,1.7235520035149392,2.3144247270982388,0.689546026554033,0.6894133040545042
0.40763,-0.37926,0.0195819060058594,0.133238064396621,0.134637159401863,0.0045559571538562,-0.0493134562697422,3.02761883725809,6.87559011679333,0.78689,0.40763,0.0177523818041581,1.0105007147208858,3.027618835009361,20.816666048563413,0.0181271646918026,5.844523182985835,-0.006639423672446,0.0006134011295517,0.1263129164773759,0.1250790785941858,0.3419074391111523,0.5804766786027519,0.0175966486626766,0.0179648265271512
0.49421,-0.44769,0.0187815422705078,0.141421267436494,0.142628733432879,-0.0697063226871941,0.367540212357361,3.46501008671282,7.59409059057121,0.9419,0.49421,0.0199999748833443,1.008538078589017,3.4650100842834304,26.31360035563671,0.0203429556006672,6.603858680290895,0.0524217949741817,-0.009942124517138,0.133331514403971,0.1322742117105888,0.4015976390816742,0.6636668752374372,0.0198026026720072,0.0201388017642569
5.0047,-5.0944,0.0149342413427734,1.05859280856465,1.05843969539738,0.0592884320287554,3.89205080646907,4.72837519394155,70.8733487764042,10.0991,5.0944,1.120618734344794,0.9998553615082052,4.813122581920975,341.12211320014205,1.1202945887928986,9.541497775415774,4.11950107007025,0.0627532299371041,0.721948266388152,0.7220226467420566,1.8073703167422024,2.406864023949959,0.7517079019253113,0.7515550360080768
0.23281,-0.20736,0.0100020417285156,0.0653173775772112,0.0660629810771527,-0.0087034921765741,-0.0316128805040896,3.52406137603917,6.60494955632992,0.4401699999999999,0.23281,0.0042663598135639,1.0114150847210397,3.524061370704768,23.27624738943441,0.0043643174688002,6.662884298540087,-0.0020884411265359,-0.0005749786389661,0.063972405684283,0.0632727618808403,0.2092961166067038,0.364761162175456,0.0042572847031693,0.0043548214543719
4.19,-4.0214,0.0171689250732422,0.64006400927517,0.64013800695614,-0.0969765765959886,10.9142847176819,6.54546356327674,37.2846875518023,8.211400000000001,4.19,0.4096819359694049,1.0001156096576065,6.545463562254222,244.04556241704185,0.4097766679497791,12.827546418876926,6.986648466528749,-0.0620783924635855,0.4947803888786575,0.49473527112029,1.6467336971777973,2.2204418474012764,0.3433641016170218,0.3434313003198352
0.19756,-0.22614,0.0147257383837891,0.0619580906250445,0.0636692857533999,-0.34941674677374,0.387189823742585,3.1029090033329,4.32367356352675,0.4237,0.22614,0.0038388049939012,1.0276185887642872,3.551791055434373,15.356785009386616,0.004053777948348,6.6547000538938,0.0246520995286751,-0.0222471146973606,0.0617245209440501,0.0601144593527927,0.2038710234904746,0.353259116637563,0.0038314555846386,0.0040455835286278
0.35381,-0.32127,0.0116047225927734,0.0840162328801176,0.0847935748131264,0.0496090184795532,0.538535904532881,4.17260388867611,7.3068161806754,0.67508,0.35381,0.0070587273873661,1.0092522814393827,4.172603883755216,30.48844934660333,0.0071899503295892,7.961452276208901,0.0456643845105635,0.0042065260198517,0.0813897152634505,0.0806728778869888,0.3029228396805421,0.5158609253305301,0.0070339311892226,0.0071642258681869
0.4527,-0.43267,0.0135910268603516,0.131557881041668,0.132226098631267,-0.0709406987414179,0.0109909467061957,3.42368113924637,9.72892629746792,0.88537,0.4527,0.0173074760641736,1.0050792661283396,3.423681136657114,33.30874122467996,0.0174837411592455,6.695879319554029,0.0014532900032244,-0.0093802118287537,0.1241856936100608,0.1235953390400079,0.3734238938967008,0.6341240881104535,0.0171594077182863,0.0173326590022714
2.7269,-2.4998,0.0135502645507812,0.473998462166195,0.474076415189615,-0.0620689053074978,6.06441002803687,5.75202628232271,34.9865062348382,5.2267,2.7269,0.2246745421359178,1.0001644581778752,5.7520262811094005,201.243301904276,0.2247484474390362,11.025015865442262,2.8749937663316723,-0.0294254041229222,0.3880316344787617,0.3879787504600843,1.315576788905604,1.828846497437316,0.2026751288084896,0.2027354738803333
2.513,-2.5368,0.0133205006591797,0.655995803326693,0.655970889147171,0.0507216676996949,0.773840027606078,3.83096268687648,49.2452127687194,5.049799999999999,2.5368,0.4303304939822333,0.9999620206724008,3.867244784157074,190.44329082386696,0.4302978074085302,7.698207470449539,0.5076165309664303,0.0332719374599962,0.5043874767911465,0.5044025217368453,1.2632223635298965,1.8000252136450876,0.3579055322418245,0.357882679518394
0.6634,-0.51319,0.0170486421337891,0.14245255882839,0.14343458144761,0.144587437144776,1.3297098198735,4.62510500121137,8.41325545588959,1.17659,0.6634,0.0202927315167559,1.006893681142742,4.625104997986825,38.91218965726151,0.020573479155051,8.202973002082182,0.1907263714603323,0.0207388385294435,0.1340365237909496,0.1331773189226683,0.5088637004524501,0.7777594319478516,0.0200895778050382,0.020364703767336
4.8598,-4.7501,0.0104057447119141,0.904996019062059,0.904834881626866,0.0959386978551663,5.35651376838919,5.37092468325516,86.9553219570028,9.6099,4.8598,0.8190177945181746,0.999821946691719,5.370924682661585,467.0304805510656,0.8187261630087046,10.620611775774632,4.846760501553111,0.086808680317215,0.6443953285106993,0.6444799188452781,1.7681154733136573,2.361787527510788,0.5982966820709698,0.5981363456022685
2.2879,-2.5545,0.0096345460302734,0.593743726921771,0.593676935007061,0.0211458069693125,1.68561780585093,3.85377949704714,61.6196064808475,4.8424,2.5545,0.3525316132589546,0.9998875069972613,4.3028452832504485,265.1396303945572,0.3524523031593781,8.156624779648451,1.0007124125709073,0.0125537778697923,0.4660438841722468,0.4660857938677681,1.2682144063874008,1.7651416713237629,0.3019781054091073,0.3019194654304237
4.2781,-4.3616,0.0087765793505859,1.01364086480796,1.01343136812052,0.0218442841558109,3.44980737007364,4.22140081171362,115.469971573021,8.639700000000001,4.3616,1.027467802808629,0.9997933224727882,4.303794155946165,496.95898322994526,1.027043137890629,8.525194967243234,3.496143002805982,0.0221376827776368,0.6998404148682519,0.6999444590350865,1.679262438000909,2.2658899878062564,0.7067876266389854,0.7065781488865442
4.8682,-4.9579,0.0141670196289062,0.98411084760926,0.983972548933027,0.109966321712162,5.15472083216529,4.94749574597263,69.4551553331188,9.8261,4.9579,0.9684741603822162,0.99985946829409,5.038656825205384,349.9606900302374,0.9682019770537582,9.986152570675207,5.072103796263854,0.1082038418719053,0.685101172543687,0.6851708780727641,1.784718069994478,2.3819598853541093,0.677258704763414,0.6771204239806473
0.59706,-0.47064,0.0235755043066406,0.147447803706114,0.149285108330679,-0.0210204787760383,0.371463404765206,3.99946121000536,6.33221272338295,1.0677,0.59706,0.0217408548177567,1.0124607113645516,3.9994612073262927,25.32543905324986,0.0222860435693025,7.152086442002952,0.0554539546212566,-0.0031380444512436,0.1391401041439909,0.1375401749516502,0.4681644389717075,0.7264368784245873,0.0215078929135141,0.0220413386963504
0.22322,-0.18483,0.0147154645947266,0.0652545997000874,0.0668777130231843,-0.0881835258870658,-0.0730382172431505,3.33773375178988,4.54472317830526,0.40805,0.22322,0.0042581627820186,1.0248735449772035,3.3377337467990817,15.169075841688684,0.0044726284992113,6.101434707380007,-0.0048846289325124,-0.0058975125376477,0.0647363575258975,0.0632138313421761,0.2014867260549655,0.3422057684689735,0.0042491224612319,0.0044626560207696
1.3875,-1.4497,0.0190841053564453,0.284053879026955,0.284625036689654,-0.390605330924863,4.88061308068822,4.87483468122619,14.9142457230004,2.8372,1.4497,0.0806866061902599,1.0020107367111284,5.093367808930209,75.96373868864735,0.0810114115105868,9.96820248844367,1.3891446771588898,-0.1111760566456635,0.2504668755236944,0.2500221662463945,0.8959655680795554,1.3447429339616557,0.0775965856074124,0.0778970950403782
1.4155,-1.3043,0.0248388623193359,0.270198288949797,0.271271886540376,-0.0844968605848721,4.41203657380356,5.21801215029085,10.9212685771523,2.7198,1.4155,0.073007115351398,1.0039733689445425,5.218012148367303,56.98731190274233,0.0735884364271746,10.026103455407554,1.1968614848608286,-0.0229216227775973,0.2400178847833644,0.2391730213143429,0.8819063050123244,1.3136699033988894,0.0704650948953519,0.0710067163382045
0.60332,-0.64817,0.0142628306298828,0.142313121595296,0.142991481367307,-0.0026666060980217,1.90709947853099,4.21927232469345,10.0254630429193,1.25149,0.64817,0.0202530245781975,1.0047666698891156,4.532927369860106,45.44469553592789,0.0204465637436169,8.752199691602858,0.2726989795499649,-0.0003813019561792,0.1336489319129034,0.1330552606875837,0.4996655815069396,0.8115922192661704,0.0200506598455219,0.0202403390781804
0.54073,-0.4819,0.0110669293701172,0.17112789659355,0.17144367798337,-0.0181993166117385,-0.296286974538443,3.15398039962984,15.4915308709117,1.02263,0.54073,0.0292847569925327,1.0018452940515332,3.1539803977901864,48.85998428562079,0.0293929347204654,5.96481603423553,-0.0507965286534357,-0.0031201577767002,0.1582369009712057,0.1579672986289252,0.4322563300847438,0.7043986447698825,0.0288641503399074,0.0289692447201183
0.75289,-0.75686,0.010758426328125,0.146211182067308,0.146570853732019,0.0507400157271281,5.70077491267442,5.13669655889799,13.6238190662559,1.50975,0.75686,0.0213777097615194,1.0024599456715932,5.163782431583685,70.35043693949461,0.0214830151637329,10.300478986977074,0.8355674458847657,0.0074370074235012,0.1367756214342066,0.1364618788611705,0.5635281247553383,0.9201831465894988,0.0211524117717369,0.0212555077890247
2.0924,-1.8008,0.0062853539794921,0.488385815469578,0.488307019444391,0.114680596805935,0.64508243540356,4.28500905512435,77.6896609224614,3.8932,2.0924,0.2385207047518847,0.9998386600866056,4.285009054246832,332.900895245838,0.2384437452386648,7.972852824504763,0.3149982813278413,0.05599934041441,0.3976392453995052,0.3976921873922303,1.1289474884641826,1.5878464861906243,0.2139176874109992,0.2138555472270777
0.55554,-0.5641,0.0106661252197266,0.148863713467278,0.149209084522778,-0.0504557153069584,1.31075376113465,3.72323174407784,13.9890617678875,1.11964,0.5641,0.0221604051872678,1.0023200479634946,3.780600902593336,52.88705908571299,0.0222633509041255,7.503832644175859,0.1955763687336891,-0.0075284510898931,0.1390739531759658,0.138773378661179,0.4473105786980588,0.7512462629435916,0.0219184317038299,0.022019140489509
3.0549,-2.7895,0.0120098239746094,0.408592501957055,0.408669244048306,-0.300938494844867,14.1449459355259,7.47523833635717,34.0279128913376,5.8444,3.0549,0.1669478326555259,1.0001878203610313,7.475238334528001,254.3667568335597,0.1670105510310139,14.301051727492045,5.780604362575528,-0.1229843071932868,0.3426454601844974,0.3425909802687574,1.399926026350837,1.9234307996756783,0.1543916502105855,0.154445394421229
0.28831,-0.2301,0.0105216331054688,0.0781302826235604,0.0788166555415727,0.104123623419308,-0.0097659146481889,3.65798317651182,7.49091464713845,0.51841,0.28831,0.0061043410628374,1.0087849780403435,3.65798317187069,27.40163949548688,0.0062120651907589,6.577416864241561,-0.0007697167308747,0.00820667576078,0.0758647511164022,0.0752283210503351,0.2533312819524136,0.4176637347317131,0.0060857850494651,0.0061928498506958
1.979,-2.1434,0.0168147556396484,0.338078254129586,0.338413700795991,-0.444076358253195,11.4983575435476,5.84787198433498,20.1259957651735,4.122400000000001,2.1434,0.1142969059153089,1.0009922157435691,6.333667916887203,127.47137295286213,0.1145238328864385,12.181539899494172,3.891201729387444,-0.15028152383247,0.2914851073356251,0.2912344458923549,1.145305016660092,1.6336230792224555,0.1082236283599434,0.1084272579905935
1.788,-1.5736,0.0108634307910156,0.522346601581084,0.522332040697776,0.143218199035438,0.172995089558602,3.42310993905607,48.0816834705442,3.3616,1.788,0.2728459721833077,0.999972123905351,3.4231099384007253,164.5888870594954,0.2728307607395031,6.435753002756084,0.090360878159839,0.0748074541672405,0.4202433964197273,0.4202529612277212,1.0253244928982774,1.4728389625200764,0.241255316326398,0.2412433655208553
0.62272,-0.62,0.0315317854394531,0.185821261399227,0.188432838309745,-0.0316353344018296,0.370409126221546,3.30473183753872,5.97596475060288,1.24272,0.62272,0.0345295411879998,1.014054241099471,3.304731835784921,19.74896090869457,0.0355069345534665,6.595028820283012,0.0697972429897585,-0.0059611358522146,0.1726354965955895,0.1704355821347976,0.4841037536245172,0.8076894149326106,0.0339467738015454,0.0348910986475596
0.39324,-0.3632,0.0121614245849609,0.125867116782403,0.12642268674636,-0.0096147975097301,-0.151480782707729,3.11051766198382,10.3953846741521,0.75644,0.39324,0.015842531087115,1.0044139396986114,3.110517659523404,32.3350273661843,0.0159826957241682,5.983419739522642,-0.0191506075403526,-0.0012155285337022,0.1190468471513079,0.1185535092386161,0.3316319699789836,0.5632890333017188,0.0157183480567551,0.015856317243697
0.95087,-0.83696,0.0106085144726563,0.153309527215871,0.153638781706279,0.125647454552451,6.90386345650939,6.18899726644433,14.482591516681,1.78783,0.95087,0.0235038111351538,1.0021476446778783,6.188997262416065,89.63271846285531,0.0236048752441896,11.636580158870627,1.060701170524603,0.0193043218419336,0.1429211049674208,0.1426356590461835,0.6682754269247749,1.0252635154294332,0.0232318497421268,0.0233305881332931
0.53531,-0.58934,0.0120052152832031,0.178717574350992,0.179076801643169,-0.0438371519272351,-0.135849169468732,2.98927608203918,14.916583952786,1.12465,0.58934,0.0319399713819023,1.0020100272358805,3.2909902023224,49.090331259242994,0.0320685008867469,6.280266282692311,-0.0243274347743413,-0.0078502169602749,0.1647317607764353,0.1644270460832339,0.4633188357170139,0.7536070829285237,0.0314404981019914,0.0315650416847699
0.64879,-0.59622,0.0112420043261719,0.209874781247884,0.210124484375245,-0.0337410431889735,-0.101147796151221,3.08764588728925,18.6910161461214,1.24501,0.64879,0.0440474238038471,1.0011897714711473,3.0876458858198155,57.71123861947494,0.0441522989339625,5.925106743791564,-0.0212536285119677,-0.0070898193023659,0.1907232339658643,0.1905168676815482,0.5000416855587378,0.8087099755272814,0.0431049135282288,0.0432053590259095
2.6653,-2.8211,0.0090976132519531,0.671368660237631,0.671266384260563,0.0041739592274064,1.89696523594553,3.97055485347442,73.7848890330056,5.4864,2.8211,0.4507358779492715,0.9998476603346116,4.202653470704231,310.0923166177818,0.4505985586382497,8.173208323587144,1.2733689950011415,0.0028018385186321,0.5135816529824084,0.5136428478037027,1.3405383392816863,1.869707677275544,0.37207092973086,0.3719762703152527
5.0414,-5.1203,0.011610849609375,1.07496322202057,1.07476346658927,0.0573731165175303,3.84892566131433,4.69070651982498,92.5654454882848,10.1617,5.1203,1.1555459286968457,0.9998141745436592,4.764118021030905,440.9927032184125,1.1551165091149849,9.454824540419455,4.136684686398588,0.0616625295974109,0.7298471551799082,0.7299434291981477,1.811611114930656,2.412488275101271,0.7680440226546164,0.7678447866487931
5.0543,-4.9141,0.0107741973095703,1.15879467291842,1.15856182863151,0.07697740406027,3.30947501239971,4.36256389179518,107.531150149107,9.9684,5.0543,1.342805093984108,0.9997990632919432,4.362563891418612,469.1115085296713,1.3422655107619883,8.60411568272902,3.8342314221760976,0.089183082011373,0.769442179861442,0.7695500441469382,1.8007687633856424,2.3950184113251325,0.8513489695456679,0.8511186279905337
1.1251,-0.96088,0.0144807100390625,0.307455714562731,0.307721547237462,-0.0093974085189392,0.174495093464926,3.65622755410035,21.250446035268,2.08598,1.1251,0.0945290164172795,1.000864620698375,3.6562275529121857,77.69646579451803,0.0946925506342175,6.778790819326071,0.0536959001463725,-0.0028917850894704,0.2682863459968828,0.2680830460680179,0.7538188600926778,1.1268692730385683,0.090324148746114,0.0904735481670803
3.8077,-3.8478,0.0131430465283203,0.596615348655493,0.596614456976886,-0.0624061237304401,15.3268414016854,6.38217856686554,45.3939241325301,7.6555,3.8478,0.3559498742513155,0.9999985052704244,6.4493911509491495,292.7631704287543,0.3559488102738245,12.83156971674495,9.144215160037389,-0.0372323956214688,0.467885423040681,0.46788598152138,1.578524993790626,2.158194957034647,0.3045022229435882,0.3045014382701068
0.45812,-0.42891,0.0102887364550781,0.108194415421283,0.108656218370087,0.165569983248995,1.311842950666,4.21623361158794,10.5606960431432,0.88703,0.45812,0.0117060315283531,1.0042682688064724,4.2162336077076,44.52636118609634,0.011806173790488,8.16363768673027,0.1425398941148241,0.0179902082554344,0.1031486678580561,0.1027320381145409,0.3771479347263836,0.6350041645112297,0.0116380459875152,0.0117370246464562
0.48545,-0.53406,0.0191150411767578,0.143732860494607,0.14496355582283,0.0150127700110136,0.140948983831617,3.34877271217948,7.58374279617523,1.01951,0.53406,0.0206591351859621,1.0085623790073597,3.684098369415702,27.93925434256685,0.0210144325167987,7.032871079285104,0.0204324658858457,0.0021763045235468,0.135372807523956,0.1342973521354059,0.4279178156090981,0.7028549077297936,0.0204486295584091,0.0207966747503963
0.44602,-0.40972,0.0091468892041015,0.127439283006079,0.127736080929871,-0.0285750614016514,0.152498648828376,3.49173073694716,13.9649752040937,0.85574,0.44602,0.0162407708531035,1.0023289351333289,3.491730734213605,48.76193262774078,0.0163165063713225,6.699281777713892,0.0194795797484374,-0.0036500663557773,0.1202121548935758,0.1199489399522884,0.3688149548995665,0.6182835383441231,0.0161103002672837,0.0161848226623992
0.19088,-0.22155,0.0093855197802734,0.0659576509860842,0.0666061219459112,-0.258774416660511,-0.0456815509169157,2.86580263830715,7.09668974177695,0.4124299999999999,0.22155,0.004350411723602,1.0098316245219323,3.326270817077249,23.605511769854807,0.0044363754806735,6.192073451081786,-0.0030426709510504,-0.017235960352572,0.0644817588509148,0.0638735979245736,0.2001205441566699,0.3453116252883205,0.0043409760386976,0.0044265637752076
1.9779,-1.7985,0.0083872813134765,0.616907927245918,0.616814323244197,0.0634451899326139,0.0533825239350234,3.2066375981625,73.5416281141195,3.7764,1.9779,0.3805753906988549,0.9998482689270608,3.2066375976426293,235.8213469291675,0.3804599093591968,6.122425918265647,0.0329271053740486,0.0391339018913847,0.4804577460760721,0.4805156384950843,1.0912183541143972,1.5636871246770925,0.3225003620514862,0.3224167112993767
0.79754,-0.79754,0.0271137194238281,0.18362545172253,0.185572078407398,-0.0618907815329039,1.03221964307109,4.29773706715247,6.84421327471264,1.59508,0.79754,0.0337183065203032,1.0106010717226137,4.297737064836537,29.41462897774336,0.0344369962844414,8.595474129673073,0.1915511445376446,-0.0114852009633191,0.170225424681318,0.1685821449647365,0.5864190634948139,0.9536173446590408,0.033162308138789,0.0338573137721598
0.94607,-1.0823,0.0318133462011719,0.213549301560429,0.215854409162948,-0.0486556386704526,1.71598919658986,4.38290792237566,6.78502688142238,2.02837,1.0823,0.045603304196947,1.0107942638285206,5.014027759245684,34.02031303950354,0.0465931259550853,9.39693567959084,0.3704038341599061,-0.0105025341376564,0.1954470470690634,0.1935493729327305,0.7334730520315107,1.108024520976841,0.0445940434194266,0.045540246957223
0.65756,-0.72953,0.0110680690039063,0.147683699355769,0.148061904488823,-0.200127248862032,2.31579500125423,4.44111537177775,13.3773926090059,1.3870900000000002,0.72953,0.0218104750554051,1.0025609125072552,4.927195837619066,65.91303263028273,0.0219223275608573,9.368311206397312,0.3428810182913975,-0.029631221606621,0.1380752202142921,0.1377457367246214,0.5478496952984181,0.8700750508771591,0.0215760294331675,0.0216854884636442
0.22718,-0.20444,0.0092894542626953,0.063097260308969,0.0637621693663867,-0.0842932720190668,0.0663650011855768,3.56292770866359,6.86393059950179,0.43162,0.22718,0.0039812642584977,1.0105378419460378,3.562927703075752,24.455688260045942,0.0040656142423077,6.769217603669143,0.0042315764455952,-0.0053747218869266,0.061811840902418,0.0611865912316575,0.2047188542359929,0.3588066701949373,0.0039733599983032,0.004057371965118
4.9283,-5.1211,0.0115463056494141,1.22756825003476,1.22732282755055,0.0782770716764779,2.85939131200508,4.01548792980224,106.295716120492,10.0494,5.1211,1.5069238084934031,0.9998000741839136,4.172577812964876,443.5271428924236,1.5063213230266774,8.18806574243995,3.509396230123552,0.0960712369423519,0.8008003385016123,0.8009105196396845,1.8117418189352863,2.4023761278470035,0.9190564272079044,0.9188160697333264
2.1742,-2.1836,0.0108527867333984,0.613726541088338,0.613672660357315,0.0001929169052482,0.17056325520006,3.54293117561088,56.5451690365199,4.3578,2.1836,0.3766602672362554,0.9999122071029898,3.5582487875095485,201.20177734258843,0.3765941340700245,7.101179962543099,0.1046700065778244,0.0001183878304715,0.4785127366126352,0.4785461261796921,1.1580126319495574,1.6785534430647782,0.3196604697973607,0.3196124298006119
0.83592,-0.7869,0.0283638698730469,0.195026622961515,0.197031268618127,0.0668195474648098,1.43507717936614,4.24257533264999,6.94655805078835,1.62282,0.83592,0.0380353836637729,1.010278830270161,4.2425753304967415,29.471295729191496,0.0388213208132685,8.23635766321744,0.2827550772154339,0.0131655402054806,0.1798445487226423,0.1781684637641918,0.6075457182642192,0.9642500748167164,0.0373298724707701,0.0380867250598952
0.87285,-0.84385,0.0109138579003906,0.174057125951864,0.174356538383927,0.0259849006507794,3.07446932014322,5.00612141127747,15.9757017156771,1.7167,0.87285,0.030295883094623,1.0017201957705184,5.006121408406277,79.97630168623793,0.0304002024772258,9.84591696375214,0.5360538280277574,0.0045306373277201,0.1607203706864452,0.1604653794655778,0.6274613348304899,0.9994179084480368,0.0298460261292248,0.0299472728714516
1.2137,-1.424,0.0207035704882812,0.271068025668519,0.271791527650081,-0.184187392433768,4.31896282053041,4.46555494387075,13.1277611175291,2.6377,1.424,0.0734778745398288,1.0026690786547428,5.239309745186034,68.78040644863566,0.0738706345023647,9.704864687413766,1.1738575028558629,-0.0500605727634587,0.240426558129092,0.2398575121508026,0.885419068207068,1.2913516138039804,0.0709037275419305,0.0712695367855273
0.52321,-0.55638,0.0103982593798828,0.179859624377923,0.180116108754268,0.0228480037317581,-0.344031410137959,2.9048484536928,17.3217557067996,1.07959,0.55638,0.0323494844813675,1.0014260247517446,3.089007438252884,53.50703173703365,0.0324418126327793,5.993855890332922,-0.0619655988832928,0.0041152935249672,0.1656128308862612,0.1653954690093961,0.4423626118786452,0.7321707588988206,0.031837257484426,0.0319266884613992
0.39199,-0.3365,0.0189354610107422,0.124172233602296,0.125577731298488,0.0967217664007411,-0.175530073035385,3.12149292670587,6.6318813799805,0.7284900000000001,0.39199,0.0154187435977831,1.011318936241106,3.1214929242201586,20.701370709035533,0.0157697665980752,5.801108141445301,-0.0220426683464415,0.0121460999917873,0.1182964427723819,0.117046972474818,0.3307343779783775,0.5472481949997754,0.0153010826849763,0.0156467157978307
0.42182,-0.45395,0.0140822052490234,0.140653331948752,0.141322356509205,-0.0625722196375088,-0.0831493205053184,2.98480729036333,10.0355273914932,0.8757699999999999,0.45395,0.0197833597882858,1.004756548961251,3.2121598513623435,32.235717968100886,0.0199720084493148,6.196967139613612,-0.0117508579159507,-0.0088428535311842,0.1321875520206321,0.131601196449006,0.3742839906245896,0.629019241788564,0.0195902123733015,0.0197751842228718
0.41848,-0.4043,0.0123750680517578,0.144681293366392,0.145174370761292,-0.0708690722086719,-0.332449958092637,2.88260247181027,11.7311977723363,0.8227800000000001,0.41848,0.0209326766501719,1.0034080238231664,2.8826024698246497,33.81637942256969,0.021075597925937,5.667529296793934,-0.0482632134757164,-0.0102883729643305,0.1355569142859203,0.1351262518557546,0.349585875766596,0.6003628082166084,0.0207165983700597,0.0208565794639445
0.51945,-0.55721,0.0133493567138672,0.176267771697231,0.176729628544594,-0.0129042184457656,-0.169565463287172,2.93923551063724,13.2388123512355,1.07666,0.55721,0.0310703273391071,1.0026201996125206,3.15289521215799,41.740587787808245,0.0312333616055101,6.092130721132107,-0.0299672413407339,-0.0022805577325784,0.1627390895236826,0.1623465205788577,0.4428957585162309,0.7307608338532259,0.0305974154524813,0.0307555243358786
0.45791,-0.42119,0.0171859139501953,0.153961116339247,0.154879975308641,-0.0192199023650902,-0.346001017723856,2.95654747547246,9.01203018690089,0.8791,0.45791,0.0237040253444271,1.0059681229302893,2.956547473563534,26.6444949429266,0.0239878067516052,5.676008132623667,-0.0535886290818354,-0.0029767780037396,0.1439964210922651,0.1432004728382007,0.3770039032861288,0.6307929388129698,0.023427447088272,0.023704619077286
0.43121,-0.37551,0.0224696083398437,0.129732809371243,0.131633077374202,0.0264240367483031,-0.113638045898155,3.27584835515293,5.85827199937379,0.80672,0.43121,0.0168306018273552,1.0146475506905617,3.2758483526643243,19.19081060777931,0.0173272670590026,6.128550782823598,-0.0149585256883649,0.0034782772738281,0.1236617906421425,0.1219811528812393,0.358520240331618,0.5915130466429328,0.0166905366512356,0.0171788618192216
0.58391,-0.43788,0.0112273037255859,0.165090055760256,0.165431166616034,0.0393521696098116,-0.326534288405191,3.52962511202775,14.7347190972515,1.02179,0.58391,0.0272547265109244,1.0020662101905564,3.5296251098941567,52.00803408110572,0.027367470887942,6.176526589780531,-0.0540189482710072,0.0065100753274231,0.1530911186471153,0.152798385111854,0.4598964735962019,0.7039832576379436,0.0268899299009253,0.0269996769651529
1.2381,-1.2029,0.0209572536962891,0.275140340881953,0.275870349430268,-0.158589661211822,3.52420033446004,4.48797778578577,13.1634780696059,2.441,1.2381,0.0757022071806372,1.002653222154591,4.487977784158924,59.07739687817448,0.0761044496947781,8.848359398378106,0.9722223777297586,-0.0437501852545331,0.2436285727306837,0.2430562438329537,0.8056272916439466,1.2357621268153434,0.0729736643089164,0.0733475292354337
3.5465,-3.6475,0.0135834308837891,0.492238453020704,0.492305691940792,-0.483988672405254,17.4773420635865,7.20385739603946,36.2431035393515,7.194,3.6475,0.2422986946322158,1.000136598064742,7.40901447813805,268.5256769333936,0.242364894317302,14.612871872714225,8.604194977899862,-0.2382703782599738,0.4003223681548007,0.4002773100709972,1.536329440613462,2.1034021791246795,0.2169634494699904,0.2170167361083878
1.1828,-0.96881,0.0323457430273437,0.213504603409834,0.215889334732799,0.256637975742584,3.21017357679241,5.47873289555467,6.67442805534859,2.15161,1.1828,0.0455842156771904,1.011169460441424,5.478732893016923,36.56740843279968,0.0466082048513705,9.96626351026728,0.6930422378705232,0.0554054018502386,0.195475771781477,0.1935125396753327,0.7806084563299398,1.1479134333758585,0.0445757872663311,0.0455546544545463
2.8497,-2.8449,0.0105749528857422,0.679918768269334,0.679835004808628,0.0137012414001071,1.68334190373228,4.19175238086215,64.2872845065083,5.694599999999999,2.8497,0.4622895314448882,0.9998768035762464,4.191752380245569,269.4763753410668,0.4621756337631473,8.37644422379423,1.1443947512183996,0.0093145835131259,0.5186955771686742,0.5187454400255267,1.347995223185688,1.901301231279104,0.3800033796446658,0.3799254866451844
0.85532,-0.90289,0.0314434309130859,0.200994898046192,0.203391033083686,-0.203795550004016,1.32504359672996,4.20529846882717,6.4684745645565,1.75821,0.90289,0.0403989490405991,1.0119213719332876,4.4391829170983375,28.71474170946045,0.041367912338849,8.64448138385791,0.2695019860198296,-0.0414501874531748,0.1851434324581596,0.1831502950007234,0.6433737831751195,1.0145819186044247,0.0396042444424827,0.0405351492293731
5.1624,-5.2146,0.0095589135742187,1.05162282499353,1.05140950323008,0.0991631781763512,4.05287165219855,4.90998034936947,109.992573430711,10.377,5.2146,1.1059105660473727,0.9997971498351312,4.959627988413688,545.5222400495437,1.1054619434825237,9.869608337316157,4.261227770493352,0.1042611079051133,0.7185271194387353,0.7186311019309884,1.826901362473111,2.431593773557579,0.7447479465457609,0.7445348936441092
0.45749,-0.62063,0.0096050481201171,0.107083964352154,0.107487828434994,-0.442018146962128,2.94070093655955,4.25620283394858,11.1907641784602,1.07812,0.62063,0.0114669754213733,1.0037714702187783,5.773956069806975,64.61498014139418,0.0115536332616707,10.030158899795849,0.3160895577475391,-0.0475115707458191,0.1020942327503455,0.1017294994067415,0.4828149625354964,0.7314636388441499,0.0114017279788514,0.0114873997114857
5.4212,-5.518,0.0139353815039063,0.728725431721214,0.728680761686046,-0.547186176844581,17.2190852671479,7.43974629912864,52.2899758059576,10.9392,5.518,0.5310407548372696,0.9999387010069674,7.572589108123298,395.9704984650883,0.5309756524513561,15.012335406230951,12.547216168002304,-0.3987240401271847,0.547358552109325,0.5473843923101412,1.8745675804153696,2.479827104044701,0.4259477360712603,0.4259052135127473
0.17774,-0.20277,0.0135227504443359,0.0611247266641519,0.0625881191378475,-0.219520827932071,-0.206312096663638,2.83983609746341,4.62835718188254,0.38051,0.20277,0.0037362322097672,1.0239410865481993,3.23975224801744,14.994730497704232,0.0039172726572133,6.079588340943514,-0.0129126860855628,-0.0137393957318513,0.0607075540366137,0.0593294084853402,0.1846272300187241,0.3224529961140999,0.0037292698308587,0.0039096201228767
0.54323,-0.39491,0.0153425676123047,0.132071959114295,0.13292809964119,0.0737654154103985,0.285926979413318,4.08664534787098,8.66400611684985,0.93814,0.54323,0.017443002384288,1.0064823784850945,4.086645344796658,35.40672006057571,0.0176698796742181,7.057499519112597,0.038007730009558,0.0098054964897472,0.1248055198743683,0.1240495458827924,0.4338776225448423,0.6617287502815177,0.0172926194528456,0.0175155823094716
0.59977,-0.59142,0.0120208059521484,0.188359222318897,0.188696509193567,0.0085290834156958,0.469423206271922,3.17849017219893,15.6974923266141,1.19119,0.59977,0.0354791966325796,1.001790657077145,3.178490170514496,49.89432467324494,0.0356063725818379,6.312729389958088,0.0885785203579634,0.0016094082671625,0.1728573363412308,0.1725735509234451,0.469859868912714,0.7844447752469346,0.0348643114851824,0.034987122392958
0.43809,-0.40534,0.0083719180810546,0.125187465514475,0.125436590509423,0.0305896784682277,0.493575035336303,3.49252158577356,14.983016949638,0.8434299999999999,0.43809,0.0156719015219378,1.001990014684978,3.4925215829892777,52.328509491574415,0.0157343382386286,6.723955074849109,0.0619123695931538,0.0038370649718339,0.1181710408254617,0.1179496577870118,0.3633158442666614,0.6116279667207969,0.0155503654297656,0.0156118368533424
2.6843,-3.0779,0.0110646139892578,0.696740296721604,0.696658045292247,0.0035766396259593,1.69457214052316,3.85310988387989,62.9627066943867,5.7622,3.0779,0.4854470410757087,0.9998819480806088,4.418092951567101,278.17508818389,0.4853324320704144,8.271202834893906,1.1805373150235634,0.0024916947705355,0.5286604605212427,0.5287089378416651,1.4055821500271748,1.9113482808965123,0.3957157647133077,0.3956386071818334
0.81193,-0.9444,0.0328731264794922,0.187814440991263,0.190624455219048,-0.0383732679658855,1.63699408310177,4.25931709059576,5.79879298484034,1.7563300000000002,0.9444,0.0352742642448606,1.0149616510394937,4.9542436641686844,28.728633332649324,0.0363376829275588,9.213560752530055,0.3120511052880799,-0.0073148833009714,0.1744779217740192,0.1721150142890306,0.6649534461891634,1.0139000847351145,0.0346663812223482,0.0356930394993057
1.7747,-1.9249,0.0098237356933593,0.562281501267868,0.562230039408594,-0.0053877776744932,-0.0551293528543608,3.15653713890278,57.2317962288673,3.6996,1.9249,0.3161604866680474,0.9999084765208373,3.423687574008712,195.94378762722872,0.3161026172133891,6.580224712350059,-0.0309953782278775,-0.003029170454255,0.4461143129226382,0.4461472536614441,1.0732602920652077,1.5474773987112806,0.2747187758234445,0.2746748064690267
1.57,-1.3792,0.0174273741845703,0.277011039721399,0.277491191175644,-0.195707003813167,5.02229109380128,5.65783725727796,15.9227195237092,2.9492000000000003,1.57,0.0767351161275305,1.0017333293090216,5.657837255239036,90.0881552414946,0.0770013611800778,10.628085116656663,1.393641538049745,-0.054306969609532,0.2448981477104182,0.2445222220571993,0.9439058989071284,1.3735130267551576,0.073933421896276,0.0741806620361063
2.2495,-2.3073,0.0087744600732421,0.666585634494442,0.666480635973139,-0.0101868867734902,0.490033505055679,3.37519183391648,75.9568828634344,4.5568,2.3073,0.4443364081143577,0.9998424829221428,3.4619160334416663,262.95634767779336,0.4441964381271598,6.837107866851724,0.3265978420976553,-0.0067893627753821,0.5107139991200751,0.5107770032806992,1.1961321465467751,1.7150224030076724,0.3676499829457104,0.3675530687025577
0.78752,-0.83571,0.0351561958398438,0.206613454816042,0.209533370898805,-0.394344926437924,1.39403238044534,3.75844666948223,5.96006950960644,1.62323,0.83571,0.0426891197110206,1.0141322644449728,3.988433899652033,23.771343220125225,0.0439042335202161,7.746880567340548,0.2920963038167974,-0.0826284217333795,0.1902346413436381,0.1878176379784652,0.60743132765284,0.9644063828964468,0.0418030680327964,0.042967754908341
0.56368,-0.5812,0.011964591484375,0.126880453079392,0.127412480371352,-0.165896903528011,2.35643679949065,4.42405640606883,10.6491291857098,1.14488,0.5812,0.0160986493736317,1.004193137545054,4.561562555331302,48.57666857254121,0.0162339401543801,8.98561895792791,0.300239457461434,-0.0211373359644307,0.1199251666513881,0.1194531540802238,0.4581840524403934,0.7630836067591092,0.0159704402829829,0.0161035787088934
0.89329,-0.8209,0.030112543125,0.199393654380765,0.201606502023449,-0.0055947161098615,1.84473817992337,4.43085907961491,6.6951004830964,1.71419,0.89329,0.0397578294073159,1.0110978834730042,4.43085907741713,29.66504666594796,0.0406451816581309,8.502652354686239,0.3719112116034545,-0.0011279311447234,0.1836594131511165,0.1818161410769169,0.6383160564790878,0.9984935663314726,0.0389878296989153,0.0398408877842058
1.2292,-1.1968,0.0227192270898437,0.273491277724914,0.274366761953097,-0.252027582362877,3.5278733066649,4.48013451501874,12.0764126732,2.426,1.2292,0.074797478991606,1.0032011409473305,4.480134513385839,54.103952996671296,0.0752771200646274,8.84217892082171,0.967931175730414,-0.06914799169577,0.2424493979436163,0.2417621663561372,0.8016427767132442,1.2313933999019282,0.0721322521959775,0.072578414465127
0.20486,-0.17086,0.0134453014697266,0.0643157220799128,0.0656907029721127,0.0217804617095468,-0.159504124678214,3.11855393124607,4.88577389804326,0.37572,0.20486,0.0041365121066605,1.0213786107905871,3.1185539264987416,15.236549283599718,0.0043152684569703,5.719530807693582,-0.0104779380770633,0.0014307738407573,0.063623136337069,0.0623320781815475,0.1863633776202863,0.318977230432491,0.0041279802604206,0.0043059843853009
0.62084,-0.47877,0.0229882781347656,0.156874510222445,0.158512007359205,0.0601753991216467,0.223935747683234,3.91667489638882,6.89534059184209,1.09961,0.62084,0.024609611957532,1.0104382607052875,3.91667489391793,27.00680728063801,0.0251260564770446,6.937076992624663,0.0354965048847538,0.0095385233084135,0.1471364294107771,0.1457219809829809,0.482944533378536,0.7417516131966296,0.0243116736594537,0.0248155869575381
0.19401,-0.19652,0.0117933344580078,0.0648981807689391,0.0659454325525868,-0.132857553817239,-0.243676296106552,2.94197782151615,5.59175462948133,0.39053,0.19652,0.0042117738671178,1.016136841890262,2.980039588720346,16.66365005023629,0.0043488000745477,5.922017405775273,-0.0160693387495587,-0.0087613488543564,0.0638621354583932,0.0628791896791532,0.1794173436465648,0.3296849694321774,0.0042029291734335,0.0043393713693226
2.2953,-2.0508,0.0153204057617187,0.434650004456493,0.43481386225273,-0.0594389950455743,4.80271332615818,5.27881054230485,28.3813541896654,4.3461,2.2953,0.1889206263740293,1.0003769876786364,5.278810541090811,149.81979072338393,0.189063094807136,9.995311502912374,2.0882863306394936,-0.025844899004187,0.3610351280822949,0.3609209201298505,1.1924972108509115,1.6763673231160414,0.173045858856293,0.173165681739863
0.85032,-0.75957,0.0330850168847656,0.183243093206607,0.186161902727545,0.0295171395605906,1.45730989426523,4.56763702745603,5.62677369565633,1.60989,0.85032,0.0335780312079252,1.0159286190178756,4.567637025002435,25.70105979971357,0.0346562540271399,8.647795147922158,0.2712955827800926,0.005494966863674,0.1707228028333351,0.1682590526493071,0.6153585971051065,0.9593080748525818,0.0330265991840221,0.0340692498397934
0.39971,-0.31939,0.0139159956152344,0.129803435472642,0.130515745321987,0.141990281232902,-0.100098103839692,3.06254236999454,9.37882914960867,0.7191000000000001,0.39971,0.0168489318605003,1.0054876032071305,3.062542367648033,28.72306144521311,0.0170343597769537,5.509680059482376,-0.013064378627955,0.0185319673835907,0.1226739403894386,0.1220436666838686,0.3362650723070253,0.5418008980653108,0.016708563122803,0.0168909019204416
0.53969,-0.56702,0.0119169476513672,0.181520425844299,0.181866956691996,-0.0728523923514521,0.175581001498838,2.9674989333769,15.2612029533528,1.10671,0.56702,0.0329496649986956,1.0019090454746031,3.11777361870364,47.5809755845365,0.0330755899364083,6.085272550448848,0.0319323823955264,-0.0132494428846898,0.1670953548586135,0.1668021055565812,0.4491757265342977,0.7451274888993579,0.032418461940327,0.0325403626165823
3.842,-4.0865,0.0154006072558594,0.540256059890278,0.540343660160753,-0.501040779705898,16.1775344375169,7.11028977161868,35.0858671469056,7.9285,4.0865,0.2918766102481677,1.000162145650854,7.56277957999541,265.34667793119394,0.2919712710759193,14.673069350298205,8.741428170344511,-0.2707342087960824,0.4320055474784937,0.4319486752597965,1.6265899712516658,2.1892484076550423,0.2560958978958224,0.256169169103836
4.9183,-4.8548,0.0117975415380859,1.02267162689257,1.02248998330005,0.0041495386928705,4.03930146677434,4.81012047093737,86.669750642467,9.7731,4.9183,1.0458572564510955,0.9998223831699976,4.810120470466957,416.8919382426501,1.0454857659489365,9.558137643071918,4.130145289305963,0.004242861748776,0.70432941730539,0.704419225135161,1.7780492454948034,2.3770522863343966,0.7158168979651436,0.7156352996483335
1.4966,-1.4488,0.0183220475683594,0.286876175493968,0.287390766991731,-0.255458577233328,4.81134148672201,5.20754377625173,15.6855158201876,2.9454,1.4966,0.0822979400660459,1.0017937752993868,5.207543774439722,81.68300984089782,0.0825934529520954,10.248763486058238,1.3827351201281737,-0.0734164364457024,0.2526175087850673,0.2522177122479449,0.9149298062348136,1.3725503433276314,0.0790865030242076,0.0793595078399115
0.48962,-0.49108,0.0179630275048828,0.152361476167988,0.153379773134562,-0.0652405537094194,0.155256719482891,3.19220709480677,8.53863710295322,0.9807,0.49108,0.0232140194200883,1.0066834274090577,3.201725948890254,27.33837584631402,0.0235253548068097,6.393933041615769,0.0238132404119021,-0.0100065813271239,0.1426965653144893,0.141813294450436,0.399500689608132,0.6834503175810813,0.022948672732892,0.0232528984619155
0.41723,-0.35715,0.008045845336914,0.127233633488615,0.127456771600957,-0.0502085381711911,-0.194457584562769,3.27350202550452,15.8413151463638,0.7743800000000001,0.41723,0.0161883974907152,1.0017537659347486,3.2735020229361984,51.85657657376394,0.0162452286269385,6.075628541862603,-0.0247849359416906,-0.0063994181821034,0.1199644516162009,0.1197665192414795,0.3487042622864004,0.5734510661347529,0.0160587625672589,0.0161146867908181
0.31543,-0.45854,0.0092480795458984,0.0997026988709765,0.100106449917571,-0.320826039441004,0.966283095892976,3.15094582077109,10.8245662702986,0.77397,0.45854,0.0099406281621566,1.0040495488162466,4.58052403136377,49.58218544358734,0.0100213013150991,7.731469848987257,0.0967311703452056,-0.0321167558495535,0.095406947774491,0.0950398695201338,0.3774359353866615,0.5732199728086579,0.0098915451274564,0.0099714210417577
3.3529,-3.0983,0.0105967416455078,0.432667402276415,0.432691535794605,-0.076807478335131,16.0690076869535,7.74893826809589,40.8325077905464,6.4512,3.3529,0.1872010809926211,1.000055778221464,7.748938266305027,316.4085792145846,0.1872219651482939,14.909466594168329,6.952923614763224,-0.0332339457613386,0.3595548680297059,0.3595380230069969,1.4708422896437532,2.008375093245976,0.1715985039701711,0.1716160949009088
0.20173,-0.19756,0.01614952296875,0.0634364504091978,0.0654448271402247,-0.163705946541561,-0.428657192808845,3.08244377462813,4.0524309768693,0.39929,0.20173,0.0040241832405186,1.0316596627791417,3.082443769918146,12.491390559412617,0.0042830253994138,6.101169746148895,-0.0280533958857888,-0.0107137073732393,0.0633923900241248,0.061505598733298,0.1837621852569417,0.3359649651236367,0.0040161078723997,0.004273879351997
2.1268,-2.2082,0.0120896290917969,0.665030899940355,0.66497842578835,-0.0122432364194866,-0.0382908814822129,3.19829924930064,55.0040386466079,4.335,2.2082,0.4422660978754785,0.9999210950167852,3.3207092351154825,182.65241761908763,0.4421963067639521,6.519008483935157,-0.0254626100900902,-0.0081414880807847,0.5098121658639837,0.5098436817829357,1.1657100322006038,1.6742888847537167,0.3662155557327018,0.3661671646623742
1.9535,-2.0924,0.0084452429980468,0.585154603993638,0.585072681227063,-0.0222568201905291,0.164009107380312,3.33890140948464,69.2783714290249,4.0459,2.0924,0.3424059105749512,0.99985999791166,3.57630781060229,247.76077795604564,0.3423100423182245,6.91520921951625,0.0959572482006564,-0.0130218574644614,0.4606302619416673,0.4606819445241591,1.1289474884641826,1.618576032345125,0.294463459711987,0.2943920419095456
0.38594,-0.31271,0.0083169355029296,0.116670738675913,0.116938386191423,0.03981002225247,-0.267145764846473,3.30037049911253,14.0602733002114,0.69865,0.38594,0.0136120612631831,1.002294040633651,3.3003704962902103,46.40411065153066,0.0136745861650543,5.974513777356987,-0.0312395946190199,0.0046553197564484,0.1105913584863915,0.1103517037376611,0.3263786097873805,0.5298338179366638,0.0135202493849172,0.0135819327210851
1.4799,-1.1338,0.0108987637744141,0.278933955043486,0.279078741612062,0.0143756412525965,3.75489479461676,5.30280447536617,25.60645843772,2.6137,1.4799,0.0778041512762014,1.0005190707904368,5.302804473466055,135.78604115593404,0.077884944019772,9.365457160820478,1.0479113141673273,0.004011935870641,0.2461400856837255,0.2460268832989837,0.9082182367832684,1.284732178209808,0.0749257781299953,0.0750007358256896
0.20277,-0.20674,0.0134411427197266,0.0627682641504581,0.0641762849092802,-0.168140806276964,-0.0814436274361907,3.15957834403528,4.77461524272735,0.40951,0.20674,0.0039398549844616,1.0224320470804136,3.2214391962717133,15.381132599572007,0.0041185955447571,6.381017535383716,-0.0052267494383902,-0.0107906522885065,0.0622010585015354,0.0608770738540509,0.1879225088035998,0.3432421262613006,0.0039321140811752,0.0041101373461059
0.39887,-0.33608,0.0225366964208984,0.122235266476178,0.124266115337703,0.100707633314783,-0.0464614686672467,3.20980501334606,5.51394547882672,0.73495,0.39887,0.0149414603705022,1.0166142621389824,3.2098050107630605,17.69868976272213,0.0154420674211233,5.914323445383988,-0.0057735862241631,0.0125145463768819,0.11713048086677,0.1153224700360748,0.3356647678488889,0.5509785945397592,0.0148309363186915,0.0153240520812191
0.78085,-0.7312,0.0300421143505859,0.208491534649753,0.210594453142326,0.0491920920953357,0.356988414471677,3.70783744941411,7.00997442073242,1.51205,0.78085,0.0434687200206091,1.0100863490457637,3.707837447653451,25.991845590108635,0.0443500236943153,7.179913700101683,0.0751797799238088,0.0103595817337441,0.1911115225570774,0.1893729162959506,0.5770907784136275,0.9210991528664598,0.0425504710634126,0.0433947050072869
5.1102,-5.162,0.0121570372265625,1.06659943747265,1.06640830268886,0.074846710021307,3.90760946088053,4.79197319367735,87.7194239694205,10.2722,5.162,1.1376343600169734,0.9998207997519436,4.840547458698878,424.6100313208133,1.1372266680437353,9.632520651926892,4.167107172748537,0.0798171529956672,0.7258119807399602,0.7259044725986465,1.818401400174476,2.422339517519171,0.7596997783407392,0.7595090390527025
0.40096,-0.41243,0.008916348852539,0.133416872230994,0.133681979474938,0.0957485374557147,0.0456240021026115,2.99935714278654,14.9929059176358,0.8133900000000001,0.41243,0.0178000617959013,1.0019870586029502,3.085157785001264,46.25547992741551,0.0178708716363377,6.084514925544161,0.0060991069126458,0.0127998540189101,0.1254707245943977,0.1252368510295526,0.3453116252883205,0.5951980217114705,0.0176434958877647,0.0177130649318592
4.8649,-4.9976,0.0126693777001953,1.07024237159888,1.07005605488951,0.0739752020686535,3.42551172240327,4.54639733850422,84.4600327033438,9.8625,4.9976,1.1454187339655952,0.9998259115745208,4.670409532937032,394.4629388132195,1.145019960605702,9.216806871016384,3.665489559652613,0.0791576128852376,0.7275756865673985,0.7276656881519722,1.7913593892067152,2.3853164905915105,0.7633347472981872,0.7631488579803669
1.3927,-1.42,0.020203078125,0.271485625437351,0.272170205361255,-0.0662629975468948,4.51069658612983,5.117018588245,13.4717196893112,2.8127,1.42,0.0737044448191096,1.0025216061533608,5.217323467105752,70.2863189552393,0.0740766206863877,10.334342053470667,1.227677216169268,-0.0180348136501906,0.2407242652125414,0.2401860006154653,0.8837675401685949,1.3383375995739974,0.0711147671710099,0.0714613349632124
2.8278,-2.4792,0.0111326866113281,0.674119100384192,0.674046441546635,0.0999768845563549,1.10304329823077,4.19525988967684,60.546610632222,5.307,2.8278,0.4544365615027923,0.9998922164681212,4.195259889054437,254.0087647595942,0.4543386053616812,7.873344731314767,0.7435024100443142,0.0673890632721297,0.5152437145418571,0.5152871167193531,1.3422902256218356,1.8416601276815143,0.3746185826721337,0.3745512305149344
0.2155,-0.1719,0.0121707080273437,0.061934591867274,0.0631042534913195,-0.0103303636077502,-0.0862679965743096,3.41498374637526,5.18492871158721,0.3873999999999999,0.2155,0.0038358936697658,1.0188854319838507,3.414983740963601,17.706447130700653,0.0039821468086967,6.1390473375837535,-0.0054438775240135,-0.0006518898837609,0.0611931693309629,0.060092331344193,0.195155514774041,0.3274314919690638,0.0038285553895648,0.0039742390483836
1.4152,-1.3011,0.0211049056738281,0.281620260663534,0.282341393861784,0.0482168193854979,3.91048659079797,5.01237165632465,13.377998377501,2.7163,1.4152,0.0793099712161968,1.0025606577321349,5.01237165454936,67.05549956801843,0.079716662687815,9.620622615356435,1.1040922347237143,0.0136136039928833,0.2486876209116016,0.2481251060892817,0.881782099410492,1.312728549662802,0.0763219214020562,0.0766986573533798
0.73725,-0.8403,0.0132506893066406,0.118067915485672,0.118780498305307,-0.422946826299086,10.0194663259671,6.20682696670467,8.96409956920355,1.57755,0.8403,0.0139400326671317,1.0060353629188783,7.074393619167171,63.41556836875844,0.014108806777657,13.2812205806464,1.1901172029516156,-0.0502378347844535,0.1122392512903752,0.1116021201916857,0.6099286018090118,0.9468393353629218,0.0138437640386624,0.0140102039267284
0.55033,-0.4988,0.0079231727099609,0.202258646306719,0.202364428170573,0.0286649774236915,-0.681004395053668,2.71949969159663,25.5408326409649,1.04913,0.55033,0.0409085600058264,1.0005230024314575,2.719499690252759,69.45828561357806,0.040951361788803,5.184359766021981,-0.1378110649866825,0.0058007717648677,0.1842899749958689,0.1842019929208028,0.4384678114962862,0.7174153128273881,0.0400939471636773,0.0401350659560942
1.2974,-1.2849,0.0204457993017578,0.274463214951014,0.275156873103783,-0.0605826609325412,3.78569224354352,4.71512844787507,13.4578682419193,2.5823,1.2974,0.0753300563612465,1.002527326121426,4.715128446161463,63.45557708486849,0.0757113048162513,9.384828261540578,1.04165924026668,-0.0166697355465047,0.2430692087703262,0.2425250820801315,0.8317780487291668,1.2760050522253117,0.0726276436290674,0.0729821216654992
0.4648,-0.44435,0.0226292648583984,0.137946356772839,0.139756893835917,0.0323672351164578,-0.0834887371938731,3.32577511736703,6.17593610355615,0.90915,0.4648,0.0190291973468993,1.0131249349683584,3.325775114987356,20.53977452888936,0.0195319893746637,6.505224711253774,-0.0116681265804988,0.0045235442419329,0.1308149886440465,0.1292251964321512,0.3817187143781639,0.6466581168269898,0.01885040677112,0.0193436880532661
0.36174,-0.40367,0.0109419324462891,0.136423003730904,0.136827900353215,-0.047078760956731,-0.466457760495464,2.6437590510867,12.5049118174386,0.7654099999999999,0.40367,0.0186112359469622,1.0029679490330887,2.950202397777968,36.8920205176098,0.0187218743150693,5.5939614469324805,-0.0638244359720571,-0.0064416880129404,0.1282418403859429,0.1278856134284476,0.3390902352417039,0.5683829580266067,0.0184401661820841,0.0185487771575388
4.6057,-4.983,0.0145099429882812,0.686333456810808,0.686319273906806,-0.583608849099605,13.1441742427736,6.71072513202565,47.2999290528641,9.5887,4.983,0.4710536139378733,0.9999793351120227,7.260469272425802,343.4196791594907,0.4710341457359654,13.971194403473667,9.02110012240492,-0.4005420015596276,0.5225482093308752,0.5225566198641465,1.7889221144078946,2.359787394759794,0.3859788882276323,0.3859656539508204
0.51424,-0.47272,0.0177361418798828,0.146721479574251,0.147754025233644,-0.069043553602449,-0.263963161375071,3.48037895540801,8.33067451953765,0.98696,0.51424,0.0215271925684573,1.0070374532869042,3.480378953052497,28.993904118679037,0.0218312519727443,6.679750333510992,-0.0390016196065646,-0.0102014629611967,0.1378070112058619,0.1369069835290089,0.4149136629277755,0.6866058325165231,0.0212987551546659,0.0215963626618984
0.70804,-0.86513,0.0297805523242188,0.209895245678303,0.211946653027188,-0.113962558616103,0.825728301412498,3.34065195126801,7.11694836011569,1.57317,0.86513,0.0440560141583551,1.0097734812490786,4.081829022706201,29.050166285580374,0.0449213837294272,7.422480972398038,0.175010349794204,-0.0241539828690977,0.19222787102427,0.190533782041336,0.6233307557603255,0.9451386018515834,0.0431131414295405,0.0439416517058587
0.52947,-0.41535,0.0118319271386719,0.131840964257496,0.132338758615957,0.0252007396539018,0.461744120226314,4.00086872158523,11.1848862036529,0.94482,0.52947,0.0173820398563463,1.0037757176677744,4.0008687185620255,44.749260988477104,0.0175135470320125,7.139405032715305,0.0611066436689676,0.0033350346020012,0.124285191740505,0.123845478972607,0.4249212701634352,0.6651694278007115,0.017232700268941,0.0173619522823579
0.66256,-0.644,0.0118040830712891,0.176345487972276,0.176697150702286,-0.054973156111251,1.00025514467515,3.74969260888838,14.9691551334525,1.3065600000000002,0.66256,0.0310977311281801,1.0019941685713325,3.7496926067662897,56.12972988969912,0.0312218830663063,7.394346734328308,0.1767422340394018,-0.00971360004997,0.1627114890539366,0.1624125886202188,0.5083585831221995,0.835757237117672,0.0306239931011477,0.0307443933896595
0.57244,-0.57328,0.0133615403857422,0.184985664438331,0.185422539010795,-0.040609471388042,0.174751103114935,3.08721907840272,13.8773325273676,1.1457199999999998,0.57328,0.0342196960476908,1.002361666638084,3.091749270337893,42.90523241775409,0.0343815179732097,6.178968347075654,0.0324027932345084,-0.0075299112926569,0.1700992840349389,0.1697306769935231,0.4531626120497091,0.7634751603929748,0.0336472255169598,0.0338036809272653
2.4026,-2.7043,0.0126723286865234,0.696865065907622,0.696810152342006,0.0068846769597503,0.771283648080666,3.44799798327388,54.9867486536266,5.1069,2.7043,0.4856209200824343,0.9999211989977764,3.88097100841979,213.4019757186172,0.4855443884068897,7.328968991198841,0.537438276317987,0.0047973128011491,0.5287501074788697,0.5287824697776103,1.3094943070246532,1.809419279454893,0.395832812865149,0.3957812965962002
0.94315,-0.89308,0.0295049906494141,0.184266071018354,0.18656888890584,0.0852357698165733,1.67560097521734,5.05523726668061,6.32329937408557,1.83623,0.94315,0.033953984928541,1.012497242566196,5.055237263971044,31.965778535915277,0.0348079503075596,9.842101809067008,0.3126150121958411,0.015902342869712,0.1710658558115503,0.1691232333594552,0.6643103676213877,1.0424757055224865,0.0333902730926486,0.034215854241429
0.19193,-0.19297,0.0114076255810547,0.063586142841914,0.0645860454382407,-0.186723508052854,-0.0311255132099348,2.97169456184664,5.66165544085726,0.3849,0.19297,0.0040431975615122,1.015725163535082,2.9877971068184466,16.915877623901736,0.0041713572653504,5.959491664063949,-0.0020102738104654,-0.0120597329754893,0.062586033872604,0.0616463517590894,0.1764459961105765,0.3256279348665349,0.0040350458036425,0.0041626812733727
0.40033,-0.4431,0.0113502154003906,0.122554480493138,0.12304915395556,0.0124121289940125,0.436222526372454,3.25341529893477,10.8411294072292,0.84343,0.4431,0.0150196006889429,1.0040363547707754,3.6009999694912853,39.03890635246101,0.0151410942891791,6.854415265782069,0.0536768128064874,0.0015273019715005,0.1160474450170823,0.1156068744169685,0.366793577459895,0.611627966720797,0.0149079233308843,0.0150276119847743
4.599,-4.1141,0.0190538491357422,0.652953900882996,0.653072482747383,0.050695950725171,13.4390842737109,7.04209734982656,34.2750946590795,8.7131,4.599,0.4263487966783214,1.000181608172045,7.0420973487482605,241.3685519969874,0.4265036677218309,13.34170437255457,8.77669613248369,0.0331081304053264,0.5026356670895065,0.5025639302969479,1.7225880103667564,2.27347548984748,0.3551178900340394,0.3552264628015374
1.468,-1.2183,0.022931936015625,0.273901965182104,0.274793610268139,0.0338843087129667,4.07899123410548,5.34219117601588,11.9830096369057,2.6863,1.468,0.0750222865306185,1.0032553435135692,5.34219117407181,64.01552806523638,0.0755115282441978,9.775700375278682,1.1208807274719366,0.0093111915226762,0.2427842912078321,0.2420846037826254,0.9034081060431414,1.3046232449753328,0.0723413930211176,0.072796388630727
1.9599,-2.275,0.0144401010644531,0.669398445640703,0.669390767422333,-0.0236787510713,-0.174097949694503,2.92788621442616,46.3563769003084,4.2349,2.275,0.4480942790261892,0.9999885295246518,3.398612754132583,157.54737270126063,0.44808399951026,6.326498968121352,-0.1165395601526581,-0.0158503373512198,0.5124587499425876,0.5124633493454729,1.1863178690872151,1.6553477419432985,0.3702484016686883,0.3702413029924739
0.46709,-0.55179,0.0157679888183594,0.138783616678851,0.139642819354559,-0.0549839217160883,0.456156931275864,3.34489093072548,8.8560957876864,1.01888,0.55179,0.0192608922584622,1.0061909510333422,3.951438406609638,34.994316831205104,0.0195001169972899,7.296329334939792,0.0636990399514854,-0.0076781098476049,0.1307148969569298,0.1299606898402568,0.4394091033275502,0.7025429022003076,0.0190777492026438,0.0193124257918463
2.3574,-2.2218,0.0110710902685547,0.649145394477103,0.649081316554432,0.0708930282758584,0.601190626352456,3.63190241326613,58.6284910347108,4.5792,2.3574,0.4213897431708336,0.9999012886431818,3.6319024127065873,212.9329561517934,0.4213065555000347,7.05489417505133,0.3902216032530358,0.0460153401278247,0.5002183550083477,0.5002572109926647,1.2111668649061766,1.7190453969392496,0.3516350853798619,0.3515765580789599
0.65839,-0.69073,0.0119217092333984,0.136699451715947,0.137185067939889,-0.110622572226998,3.98524577325828,4.79928325937403,11.5071643884392,1.34912,0.69073,0.0186867400994405,1.0035524365130288,5.035023197999639,57.93883919522643,0.0188197428656719,9.834306453875282,0.5467162121615926,-0.0151757650866459,0.1285559701596875,0.1281288453632195,0.5251603883330089,0.8540407899402795,0.0185142880370121,0.0186448424843549
1.5066,-1.3147,0.0229477597949219,0.294008959894986,0.294831579935906,0.141499396125914,3.96352822235951,5.11003604270452,12.8479460553335,2.8213,1.5066,0.0864412684985314,1.0027979417393742,5.110036040971321,65.6534671313776,0.0869256605275025,9.569192010083889,1.168573287918807,0.0417184905197798,0.2583806325901853,0.2577451202394245,0.9189272531952848,1.340590678860888,0.0829074635685474,0.0833532162212839
0.45791,-0.34296,0.0147302376171875,0.120948340484245,0.12181271749438,0.110816201473586,0.17224810635606,3.75913130762498,8.26956907689299,0.80087,0.45791,0.0146285010658928,1.007146662004287,3.75913130453898,31.086395806477896,0.0148383381433656,6.574600877609427,0.0209820099184926,0.0134988226439022,0.1149458747138622,0.1141750596064232,0.3770039032861288,0.5882698814675205,0.0145225366941047,0.0147293270433398
5.9962,-5.4036,0.0144077860546875,0.794378371724648,0.794315087499276,0.146172077503483,16.9285494736198,7.54889349877225,55.130960751659,11.3998,5.9962,0.631036997463903,0.9999203347829996,7.54889349782189,416.1777483107054,0.6309364582289826,14.351735448529064,13.446602256374137,0.11610668653213,0.5846233822723165,0.5846586509438246,1.94536714451217,2.5176803434486588,0.4892160072957043,0.4891543640994503
0.20799,-0.20653,0.0148966525439453,0.0689531023542549,0.0705274346143504,-0.236048195752083,-0.216482925051529,2.94906515652109,4.73444852165905,0.41452,0.20799,0.0047545303242763,1.02283192639722,2.949065152339643,13.96219707684041,0.0049741190332814,5.877429140573243,-0.015267985341695,-0.0166478736917404,0.0681514565700771,0.0666797605045652,0.1889578213326638,0.3467902509313537,0.0047432632439766,0.0049617889737552
1.947,-1.7703,0.0155951273974609,0.581883018692831,0.581949937146006,0.024173832272698,0.161085046129151,3.34564861291757,37.3161387088607,3.7173,1.947,0.3385878474430815,1.0001150031037402,3.345648612342664,124.84668691019029,0.3386657293442403,6.387662859096755,0.0937434324700209,0.0140679601716746,0.4586582235514434,0.4586159214108949,1.0807877037555578,1.5512366020253476,0.2916152130858072,0.2916733935300176
0.51465,-0.494,0.0138541193554687,0.165995124088462,0.16653186949216,-0.0597345721989039,-0.233414720961694,3.090399462694,12.0203865160454,1.00865,0.51465,0.0275543812211439,1.003233500419498,3.090399460838268,37.14779576242574,0.0277328635565538,6.056798632419156,-0.0388709898487417,-0.0099477099815978,0.1540351327166566,0.1535749061772432,0.4151843891690746,0.6974628546275479,0.0271815917504043,0.0273552729098744
1.4624,-1.5266,0.0227402587402344,0.281499141145629,0.282347646642428,-0.221688130618647,5.22269257908547,5.17943045529264,12.4162020260073,2.989,1.5266,0.0792417664657267,1.003014237958398,5.406809717074223,67.13204149193686,0.0797201935645173,10.58624017053246,1.4746149588416553,-0.0625931219687341,0.2486924969652248,0.2480305966271711,0.9268745254138,1.3835405729232697,0.0762587264836282,0.0767019275362445
4.8365,-4.773,0.0113121374511719,1.04848298601416,1.04828801421412,0.0715377258094506,3.95743125857939,4.61371296286912,92.6693137118415,9.6095,4.8365,1.0993165719611693,0.9998140438112756,4.613712962428988,427.54961015294185,1.098907760744983,9.16685096918461,4.148527755445074,0.0749921405301831,0.7170043292300053,0.7170995123877538,1.764131302110581,2.3617498261620176,0.7416118498384097,0.7414170954922479
1.4703,-1.3664,0.0198675452587891,0.285427753697651,0.286048845739815,0.12732633619718,4.41619781650131,5.14003122857331,14.3977950981776,2.8367,1.4703,0.0814690025808869,1.0021760040286911,5.140031226776408,74.00511605474007,0.0818239421490804,9.91683777528167,1.2632482879688909,0.0364215515014829,0.2515746077844729,0.2510915452091591,0.9043396007544008,1.344612622125247,0.0783203044938816,0.0786484519805577
0.52696,-0.54532,0.008826953383789,0.126187833568785,0.126465447313237,0.0003020370300839,0.597319496235337,4.1668298432124,14.3271910266903,1.07228,0.54532,0.0159233693407833,1.0022000032521414,4.3120078341882495,61.77895929796149,0.0159935093641371,8.478837674105803,0.0755402772803192,3.819724811472203e-05,0.1190848078172066,0.1188383306977906,0.4352310086444768,0.728649450402442,0.0157979224345847,0.0158669607147592
1.2909,-1.3383,0.0201511782177734,0.270287951843462,0.270972277598436,-0.140882704117002,3.98492151829662,4.76395597158847,13.4469694362307,2.6292,1.3383,0.0730555769117336,1.002531839284931,4.938881613156712,66.41298979621531,0.0734259752268838,9.702837582987092,1.0798032598638527,-0.0381753072088105,0.2397821804811944,0.2392436085053007,0.8494241696172105,1.2890122383133369,0.0705102581242907,0.0708553794866967
0.30103,-0.28434,0.0110760934033203,0.0888922080711182,0.0895580604301916,0.107642960302261,-0.145611504388745,3.3612831559103,8.08570830608421,0.58537,0.30103,0.0079018246557589,1.0074905582027127,3.361283152157114,27.178354887466394,0.0080206461880178,6.536206752742948,-0.0130406839093783,0.0096402947436346,0.0857721648777099,0.0851608565642389,0.2631562584497514,0.4608178185725246,0.0078707687310191,0.0079886517687996
0.71159,-0.70303,0.0111787424560547,0.197424708250115,0.197692812739533,0.0177536776258799,0.326760991111218,3.59947329464902,17.6847094846932,1.41462,0.71159,0.038976515427643,1.001358008284062,3.5994732928282858,63.6556389443448,0.039082448208868,7.1556470854013545,0.0645982994263342,0.0035097744663311,0.1803970500678991,0.1801731742136345,0.5374227630568951,0.881541924827262,0.0382361088083583,0.0383380623940559
4.6808,-4.6983,0.0132575969775391,1.0676934055196,1.06751503337317,0.0404322689303999,3.40547396229516,4.38476260630209,80.5210050646242,9.3791,4.6983,1.1399692081900408,0.999832936828596,4.401155817650677,354.3854872433721,1.1395883464777203,8.785918423542018,3.63539465051098,0.0431620549165888,0.7263474191701298,0.72643368913653,1.7401678847424011,2.339794168776317,0.7607914402339992,0.7606134490709124
0.91624,-0.78919,0.0101043507226563,0.19545994483882,0.195673282169391,0.11764786880676,2.1726519458938,4.68249926531526,19.3652504292678,1.70543,0.91624,0.0382045900363945,1.0010914626556238,4.682499262922247,90.67777001027888,0.0382880333549421,8.715701909942249,0.4251299372647539,0.0230205446296526,0.1787094427655788,0.1785310024104139,0.6503649326645038,0.9952608645447192,0.0374928655497394,0.0375732350320602
0.89392,-0.60519,0.0308581987451172,0.197566244129512,0.199913957616788,0.0949741522157294,0.806059220652422,4.47152370277988,6.47847138674681,1.49911,0.89392,0.0390324208194419,1.0118831706116187,4.471523700543156,28.96863826974296,0.0399655904500069,7.498776059067087,0.1611424888741294,0.0189866586407457,0.1822498522372343,0.1802913674614387,0.6386487552234464,0.9159346684911116,0.0382899154988275,0.0391876265001614
4.6892,-4.8957,0.0121225977734375,0.97018965570357,0.970028516029798,0.0760512385874193,4.38096770489551,4.83408469185245,80.0182051866211,9.5849,4.8957,0.9412679680342116,0.999833908996238,5.046965031020711,403.8490801321754,0.940955321910972,9.88104972237482,4.2496636015542615,0.0737718701091824,0.6780480177871627,0.6781298100467984,1.774223271638638,2.3594284572110733,0.6633413513473699,0.6631802858441439
0.58517,-0.54678,0.0083848391992187,0.124596096326232,0.124847557359332,0.0261705421980783,2.40770254616961,4.68707608203968,14.8896781909621,1.13195,0.58517,0.0155241872197356,1.0020182087586418,4.687076078285424,69.78905368580244,0.0155869125785916,9.06665715401539,0.3005957817371201,0.0032673282681993,0.1176475219053271,0.117423945703509,0.4606916570982865,0.7570370538709934,0.0154049197947712,0.0154666843716889
2.4187,-2.2124,0.0111324724511719,0.621858691417905,0.621806514645765,0.0376565619504278,0.688349063129261,3.88979520643637,55.8552035383936,4.6311,2.4187,0.3867082320919891,0.9999160952916608,3.889795205810801,217.26530102653493,0.3866433416559139,7.447815180729484,0.4280199318040834,0.0234150955399378,0.4835406604432789,0.4835728319337564,1.2292603618526854,1.7283048049498158,0.3269327602221572,0.326885964542373
0.37154,-0.49087,0.0181045006445313,0.136392913373071,0.137556229421983,-0.136237478063497,-0.0978886529997336,2.70100453873464,7.59790242894847,0.8624099999999999,0.49087,0.018603026818394,1.0085291524265425,3.5685043251462014,27.113147549692783,0.0189217162527932,6.26950886191728,-0.0134651940098402,-0.0187403137883747,0.1288823030801108,0.1278591349463071,0.3993598421758496,0.6218713479563739,0.0184321070115606,0.01874492719996
0.47564,-0.42203,0.012183828984375,0.142474421513683,0.142959766621357,0.0380886557939738,-0.101694094964323,3.32708993055213,11.733566418627,0.89767,0.47564,0.0202989607856586,1.0034065413438913,3.3270899282248427,39.038630360465135,0.0204374948724328,6.279179244532829,-0.0145381640828697,0.0054451453432276,0.133621184386809,0.1331964553637727,0.3890917939902191,0.6406268178424155,0.0200956831605841,0.0202314518793747
4.8365,-5.0994,0.0126790443847656,1.05135763854696,1.0511773966413,0.0513937979211433,3.90624441827171,4.60103120125439,82.9066737793216,9.9359,5.0994,1.1053528841310405,0.9998285626136774,4.85113170793853,402.1911908367497,1.104973919209581,9.452162908755232,4.106155838243466,0.0540239987022564,0.7184139681053485,0.7185018366569782,1.8081904056858011,2.3920509552686484,0.7444830940015352,0.7443030771333995
0.41056,-0.42933,0.0128605360888672,0.138925365925485,0.139485578940134,-0.159757966811583,-0.206822915580184,2.94338671509696,10.8460159029359,0.83989,0.42933,0.0193002572975299,1.0040324739151396,3.0779525952031888,33.38352256040864,0.0194562267322643,6.021339308189986,-0.0288488141177884,-0.0222839324910123,0.1305769140203018,0.1300851563527916,0.3572058030081196,0.6097057872251472,0.0191163696179118,0.019269374095161
4.859,-4.897,0.0121814021142578,1.15600157494221,1.15578350837684,0.0603057017716293,2.88228058459227,4.20407452155456,94.880991328908,9.756,4.897,1.3363396412688695,0.999811361273135,4.236952650807033,402.0062644568353,1.335835518235877,8.441027171997838,3.331292366186503,0.0697003355687411,0.7681542344506309,0.7682553835391601,1.7744437470183672,2.3754637384066184,0.8485854487760394,0.8483696507728657
4.4371,-4.7956,0.0074873901757812,1.06730948167615,1.06707514511921,0.0658693829406446,3.17632703184444,4.15818887760178,142.516300081539,9.2327,4.7956,1.1391495296758118,0.9997804416985504,4.494153969835777,640.4901872835325,1.138649365331183,8.652342847047873,3.3893796284514752,0.0702875813603011,0.7261346347167115,0.7262479945408904,1.7570990089644305,2.3255884747590088,0.7604083340037369,0.7601744920868148
0.59935,-0.60248,0.0124090952490234,0.194583121639233,0.194930985937063,0.0746307423420354,-0.0211063310164454,3.07467792828746,15.7087186475101,1.2018300000000002,0.60248,0.0378625912268685,1.001787740862212,3.090734891606448,48.55148445993812,0.0379980892783954,6.165412818316588,-0.0041142779145497,0.0145478441859478,0.1780884313618204,0.1777972723356531,0.471552429235586,0.789288832777076,0.0371633975867503,0.0372939439697439
2.9489,-3.3086,0.0171882229394531,0.53274833106768,0.532895519680831,-0.38194196218538,12.3685948897204,5.5337301423855,31.0035261677718,6.2575,3.3086,0.2838207842553984,1.0002762815095607,6.20872174222962,192.49226591984424,0.283977634895903,11.742451883576694,6.591168801479224,-0.2035351604266944,0.4271584434123681,0.42706241881171,1.4606130253621898,1.982035416916648,0.2498406194010365,0.2499627868106975
4.6725,-4.2334,0.0132401629492188,0.719305409245448,0.719251650559965,0.0798995206463579,14.0821565752367,6.49633545694651,54.3234742139185,8.905899999999999,4.6725,0.5174002717697613,0.9999252629206112,6.4963354560433,352.90350901499573,0.5173229368332339,12.382175267624616,10.12861436018286,0.0574678621038429,0.5418891092638591,0.5419203774292858,1.7356299376718598,2.293130539223108,0.4169985230240761,0.4169475563090064
1.5068,-1.3948,0.0194571432177734,0.262337026378921,0.262993710887895,-0.107403725026774,4.40541050506105,5.72941457388042,13.5165634514968,2.9016,1.5068,0.0688207154093346,1.002503209012422,5.729414571701885,77.4419952297721,0.0691656919665857,11.032963446542468,1.158595256710521,-0.0282465042079743,0.233484863853102,0.2329647858181064,0.9190070393683832,1.3613867254137058,0.0665559055448034,0.0668786171944704
1.5087,-1.3111,0.0213496314501953,0.286636764236198,0.287360964428866,0.116490450892165,3.94647122730527,5.25019117679593,13.4597622960951,2.8198,1.5087,0.0821606346117977,1.0025265429378716,5.250191174968888,70.66632491773372,0.0825763238774879,9.81274545978476,1.1340617779692128,0.0334748083151259,0.2525943589314308,0.2520316543076372,0.9197646906856554,1.340198065226917,0.0789596302292845,0.0793436854551812
0.56931,-0.46772,0.0150834415820313,0.11819783763939,0.119127735593577,0.077362086831863,1.78981961463862,4.77898784160803,7.89791473953083,1.03703,0.56931,0.0139707288226276,1.0078673000451777,4.778987837596374,37.74403826403965,0.0141914173876531,8.705193580338602,0.2132171578128674,0.0092159702250735,0.1125495743731512,0.11171831582155,0.4506360323101253,0.7114928646767203,0.0138740377135016,0.0140916618973559
0.73412,-0.58621,0.0160432305517578,0.145559684192762,0.146405810644399,0.296719717892079,1.80068115031501,5.01428185649738,9.12570633277832,1.32033,0.73412,0.0211876216622966,1.0058129169195995,5.014281853072453,45.75886340695133,0.0214346613904436,9.018289597160072,0.2636301835239579,0.0434414908321672,0.1366316661201651,0.1358933247341524,0.5505000801161024,0.8417094169421832,0.0209662849469571,0.0212081698332634
0.43955,-0.45228,0.020860203203125,0.150120010555445,0.151526109076997,-0.0219554713919627,-0.272298053513555,2.90082021294856,7.26388461327631,0.89183,0.45228,0.0225360175691669,1.00936649561516,2.9848321352440563,21.6814761307837,0.0229601617320139,5.8856523462782055,-0.0412602645581489,-0.0033268271529754,0.1410881139920229,0.13986629393508,0.373134735277415,0.6375446145842963,0.0222858333209539,0.0227005436227555
4.8886,-4.8945,0.0142137090820312,1.07117273125642,1.07100550438642,0.0702666440891608,3.71679688365137,4.56449568184124,75.3501776492924,9.7831,4.8945,1.1474110201873389,0.9998438842167048,4.570004523316678,344.3506502994706,1.1470527904260095,9.13450020473172,3.980709921076909,0.0752559625942527,0.7280342402498088,0.72811498369472,1.774019712750045,2.377980093713931,0.7642629398792475,0.764096106589711
0.56723,-0.66068,0.0146087998779297,0.199842162098294,0.200326748966644,-0.0030797146214078,-0.303942359265412,2.83152401227481,13.7127451016211,1.22791,0.66068,0.0399368897521208,1.002424847504748,3.2980118884683107,45.22479608168535,0.0401308063515448,6.129535899329666,-0.0608877847048917,-0.0006169492178516,0.1825938105350779,0.1821900165581621,0.5072271570437021,0.8010639262760687,0.0391600283813447,0.0393464805822504
0.61917,-0.50986,0.0083495781542968,0.161875044069668,0.16205076567416,0.0438113877529928,0.157927109091308,3.82083970676809,19.4082578400401,1.12903,0.61917,0.0262035298925569,1.001085537955485,3.8208397044102735,74.15584130628002,0.0262604506555815,6.967137702844665,0.025592208948953,0.0070996689306199,0.1501863456631636,0.1500351174233548,0.4819136722713858,0.7556664769346563,0.0258660992903794,0.0259215650754832
1.2344,-1.2719,0.0099872467822265,0.270697244910213,0.270815368315561,0.0342620868678679,3.5015647811351,4.55808696411071,27.1161186081341,2.5063,1.2719,0.0732769984019798,1.000436366854578,4.69655768592975,127.35241403349086,0.0733409637158929,9.254644648357363,0.9482775558838988,0.0092786996743813,0.239658716758073,0.2395657615590168,0.8206164858057496,1.2545613504367474,0.0707165835498826,0.0707761799150122
0.41514,-0.36841,0.0143490717333984,0.136123939189794,0.136845076498875,-0.0139231418663099,-0.287670042266743,3.03364951535843,9.53685918095725,0.78355,0.41514,0.0185297268205467,1.005297651631619,3.0336495131415844,28.93148803072646,0.0187265749619829,5.72581797953001,-0.039366228940427,-0.0019053134137998,0.1282569491072368,0.1276224157473013,0.3472284661302975,0.5786057601869488,0.0183601431223659,0.0185533914062235
1.6093,-1.206,0.01404710890625,0.249572450254648,0.249906614377477,0.459174734991768,7.96837070993061,6.43960546626108,17.7906084479978,2.8153,1.6093,0.0622864079261087,1.0013389459547883,6.439605463684273,114.56449859426392,0.0624533159096129,11.26540810408894,1.9913485462234115,0.1147508034294679,0.2230688400253725,0.222801453008975,0.9590819861290392,1.3390192986040677,0.0604235737733807,0.060580682883711
0.86763,-0.73307,0.0307977803564453,0.190511533550646,0.19293891700836,0.0505122547545548,0.735139181761925,4.49691546657953,6.26470202642323,1.6007,0.86763,0.0362946444158189,1.012741398440292,4.496915464248793,28.171835344661144,0.0372254256963588,8.296408127454148,0.1418369575795577,0.0097457797279941,0.1764199406384499,0.174383074886635,0.624670247382503,0.9557806395605674,0.0356515092084014,0.0365492881655229
2.3062,-2.2786,0.0142239616357422,0.355754932399026,0.355952377950069,-0.254008439419428,10.8769211666966,6.47895657638647,25.0248409736726,4.5848,2.3062,0.1265615719262355,1.0005550041138038,6.47895657456629,162.13485685953046,0.1267020953683088,12.880374686961892,3.871665954061094,-0.0904149080307314,0.3045040693956507,0.3043584448655708,1.1957994936367746,1.7200486216740545,0.1191701371206158,0.1192948659255889
2.4906,-2.5048,0.014669076640625,0.455385847216939,0.455510915029176,0.0885646343914987,7.20771330082205,5.46770651992055,31.0524599597271,4.9954,2.5048,0.2073762698454893,1.0002746411926806,5.498880305183635,170.75375937349406,0.2074901937107172,10.966586823903835,3.2831920809254145,0.040342157650896,0.3753569833366562,0.3752710525582541,1.2541334575175516,1.7909925085222032,0.1884496332575209,0.1885439853610692
2.1608,-1.9533,0.0104971814355469,0.541202067202964,0.541171738861313,0.0540160057487863,0.543338247595506,3.99281751953007,51.5540044900747,4.1141000000000005,2.1608,0.2928996775447616,0.9999439609648902,3.992817518792256,205.8457303689397,0.2928668509421771,7.602207772150694,0.2940393042411185,0.0292319357574133,0.4325429965016304,0.4325626750633884,1.150825160115044,1.632001430842852,0.2568875078737154,0.2568621176443775
4.8682,-4.8624,0.0170934984277344,1.10871622189018,1.10857729898888,0.128453903706926,2.85343570039731,4.39139427123413,64.8537397815656,9.7306,4.8682,1.2292516606824349,0.9998746992255144,4.391394270838025,284.798339678755,1.2289436278334809,8.77755661061922,3.163254041584893,0.1424010816160017,0.7460134541864547,0.746079336677518,1.7695479428628351,2.373099473066207,0.8016659509837618,0.8015277637445273
0.51883,-0.52321,0.0181182973925781,0.150794948549783,0.151842965343492,-0.0319610597240388,0.225733699565305,3.41688532508784,8.38064206881229,1.04204,0.52321,0.0227391165081317,1.0069499456254531,3.4457309133277647,28.87743730967688,0.0230562861243049,6.8626162361653344,0.0342760743199528,-0.0048530620840185,0.1413632381759954,0.1404529631737892,0.4208199501594638,0.7139493081892085,0.0224844363707329,0.0227945061052784
0.55888,-0.50631,0.0139152111474609,0.173215202478566,0.173731083348301,-2.36171315777778e-06,0.0845472780655179,3.21692577533487,12.4849764410511,1.06519,0.55888,0.0300035063696906,1.002978264967828,3.2169257734831995,40.16324222903757,0.0301824893213743,6.131257451790312,0.0146884902124724,-4.1030298545867066e-07,0.1601876349872919,0.1597480161675866,0.4439676146948941,0.7252222318655946,0.029562206478168,0.0297359606464891
0.39846,-0.34234,0.0110833801123047,0.136360276795451,0.136776778876406,0.0027706602369026,-0.475488070891142,2.91321380188414,12.340709917957,0.7407999999999999,0.39846,0.018594125087732,1.0030544231094096,2.9132137997542285,35.95112613367104,0.0187078872398052,5.416124034678342,-0.0650357267306465,0.0003789619825644,0.1281968708472323,0.1278304150855115,0.3353716311771799,0.5543447776794864,0.0184233678174637,0.0185350470397912
0.19443,-0.19964,0.0164515573046875,0.061822450506945,0.0639593848155418,-0.188784198398179,-0.129930653274372,3.03989790647196,3.88774045100995,0.39407,0.19964,0.0038220153866836,1.0345656664790437,3.121355845801584,12.135021328930057,0.0040908029059825,6.161253747520688,-0.0083102846521102,-0.0120745211924427,0.0619972180250328,0.0599867247628414,0.1820215117849526,0.3322275262856252,0.0038147300431054,0.0040824583214008
4.9604,-4.8628,0.01465759171875,1.05661549209765,1.05645918436282,0.0862899542472644,3.90152176246248,4.69530680732523,72.0759047348409,9.8232,4.9604,1.1164362981407592,0.9998520674398736,4.695306806880784,338.418483836796,1.1161060082245549,9.298229543051228,4.121798498944903,0.09116181468277,0.7209856613544141,0.7210616666532237,1.7851375929191682,2.3816919783070136,0.7497336827894244,0.7495776111459689
1.4586,-1.3013,0.0213763260791016,0.271384754027519,0.272159273726068,-0.0398300696148204,4.30357729436692,5.35936174443242,12.7318077352938,2.7599,1.4586,0.0736496847185769,1.0028539539777723,5.359361742463218,68.23436299479697,0.0740706702751008,10.140753100935305,1.1712584708588978,-0.0108401228188282,0.2407156722726121,0.2401066639644904,0.8995920822511035,1.3243923613034492,0.0710637647771418,0.071455794922907
1.2417,-1.1595,0.0176570068212891,0.279847732180617,0.280336018861174,0.0542760970128674,3.39914013562972,4.42932736593833,15.8767576916362,2.4012,1.2417,0.0783147532066343,1.0017448295063094,4.4293273643583175,70.32335692766134,0.0785882834709325,8.5654351834559,0.9529014131736668,0.0152155449559101,0.247122558215854,0.2467411116214219,0.8072345065977132,1.2241283105295004,0.0753994087251506,0.0756530411426615
1.4709,-1.2127,0.0228740998486328,0.269742469101871,0.270644963465431,-0.141405307222534,3.73469781257614,5.43479539085483,11.8319394099177,2.6836,1.4709,0.0727609996371738,1.003345762594338,5.434795388846746,64.30416948877223,0.0732486962492044,9.91557339418664,1.0107771530390943,-0.0382706342070607,0.2395246168091149,0.238814099673061,0.9045824567419944,1.303890534865075,0.0702356985187497,0.0706902133528265
0.47752,-0.52696,0.0086570869238281,0.114284034645003,0.114583630441635,0.0045539622352387,1.91943713288263,4.16743646679299,13.2358184051785,1.00448,0.52696,0.0130608405747402,1.0026215008710575,4.598911707624104,60.870359573558055,0.0131294083651851,8.76634817078006,0.2199360750901747,0.0005218095258077,0.1084809095584919,0.1082120772692275,0.4232788307394998,0.6953846755001372,0.0129762832604032,0.0130439647533005
0.4698,-0.46521,0.0099912983203125,0.12991004520005,0.130262064120646,0.0845597641110122,0.950482607340406,3.60657573769813,13.0375512715721,0.93501,0.4698,0.016876619843879,1.0027097120918012,3.606575734929422,47.02091562442852,0.0169682053489712,7.177914810379649,0.1238118263429347,0.0110149294146553,0.1224495209871018,0.1221380235378671,0.3851263371126338,0.6601124944270476,0.016735791952531,0.0168258534007002
0.21154,-0.22781,0.0123094371582031,0.0636223631759426,0.0647869652932688,-0.225487841393291,-0.0347965886159951,3.26516296977995,5.26319477167111,0.43935,0.22781,0.0040478050960915,1.0183049160288986,3.5162937269426253,18.506938637522666,0.0041973508719112,6.781456691682728,-0.0022543653789886,-0.0146086729544012,0.0627747465637218,0.0616804060926722,0.205232094627057,0.3641916227923883,0.0040396347735379,0.0041885665667024
4.5811,-4.4033,0.0160510753466797,0.997524836777583,0.997410432027904,0.101160548288935,4.26986826487729,4.59299386982132,62.1397887982768,8.9844,4.5811,0.9950557999881436,0.9998853112770234,4.59299386936083,285.4076672443552,0.9948275699180902,9.007726118156215,4.258811150773495,0.1008985861730463,0.6918515576168551,0.6919088325121975,1.719385889581626,2.3010238749270915,0.6906720198695449,0.6905576154876906
0.57682,-0.51278,0.0136152630175781,0.156999978746947,0.157551049099354,0.177888467668474,0.616452432593326,3.66116254571082,11.5716493244343,1.0896,0.57682,0.0246489933265418,1.0035100020806005,3.661162543387017,42.36568878755576,0.024822333072307,6.915853658462768,0.0971227274749273,0.0280265147038445,0.1463066088993584,0.1458304298424356,0.4554101606927267,0.7369726600999749,0.0243501084074285,0.0245192639783758
5.3043,-5.2008,0.0092861132421875,1.11102314565834,1.11079068288068,0.101775637951292,4.19915259857904,4.77524711158365,119.618472649491,10.5051,5.3043,1.2343724301885528,0.9997907668453646,4.775247111153756,571.2077598603253,1.2338559411745271,9.45731735146604,4.664379582495794,0.1130514303805324,0.7470626085168368,0.7471727331160427,1.8412319402557529,2.4427904153226536,0.8039603967741711,0.8037292138652419
0.62543,-0.74476,0.0124291161865234,0.185502573226046,0.185873304314069,-0.0843074382685864,0.236474591260147,3.36481886039543,14.9546678560787,1.37019,0.74476,0.0344112046734845,1.0019985220764105,4.006815300065371,59.92059152327072,0.0345488852566305,7.371634158650533,0.0439543136638423,-0.0156705021292365,0.1704794688271253,0.1701667971038826,0.5566170103788538,0.8629701207100665,0.0338323804677769,0.0339654720474736
0.41723,-0.35778,0.0187585864160156,0.135286615317009,0.136548218941763,0.0791257049538064,-0.284867553859377,3.05555065626997,7.27923820662635,0.77501,0.41723,0.0183024682839323,1.0093254127236846,3.055550654032265,22.242080960832507,0.0186454160961676,5.675723970907044,-0.0388981571137946,0.0108044740839536,0.1279957909878787,0.126885143562797,0.3487042622864004,0.5738060567143262,0.01813699411863,0.0184737212564282
0.23156,-0.21821,0.0140520297753906,0.0663561152977774,0.0678118250044097,-0.146834336740999,0.141681876913908,3.41474366727251,4.82576724418623,0.44977,0.23156,0.0044031340374119,1.0219378364436489,3.4147436622368983,16.47875801954651,0.0045984436104286,6.632619005718992,0.0096077066435822,-0.0099571043477191,0.0656115311979533,0.0642473368392042,0.2082816584634862,0.3714049231612358,0.0043934686044812,0.0045879030696454
1.2667,-1.3996,0.0185660960302734,0.275070862062637,0.275629704087505,-0.339653998840443,4.78829784970565,4.59565852742002,14.8458622447105,2.6663,1.3996,0.0756639791558822,1.002031628942718,5.077827167161497,75.38472224744372,0.0759717337753655,9.67348569291419,1.319797119397205,-0.093618731192529,0.2434399422478861,0.2430017551543274,0.875302056796801,1.2991829791299274,0.0729381259379948,0.0732241916690407
0.64629,-0.50422,0.0207373145849609,0.171796057649863,0.173001475610364,0.108437615003296,0.225954069459191,3.7357484826059,8.34252067217169,1.15051,0.64629,0.029513885424035,1.0070165629892165,3.735748480446533,31.165558791886493,0.0299295105633633,6.650290093051943,0.0390903874366067,0.0187598674072387,0.1595658276503971,0.1585376637687895,0.4985242714263362,0.7657050233122189,0.02908673493631,0.0294903635534216
0.43621,-0.39679,0.0109989047753906,0.128543809777524,0.128982242257441,0.0167183807808676,0.0898416846295187,3.38193841543977,11.726825978713,0.833,0.43621,0.0165235110321202,1.003410762294464,3.381938412817762,39.65940290801079,0.0166364188177572,6.4582533593388405,0.0115879819317011,0.00215637424003,0.1213165563081681,0.1209281377691803,0.3620076994883887,0.6059539688575679,0.0163884832158525,0.0164995495260776
0.41807,-0.34818,0.0192974331396484,0.135402700023563,0.136738180491589,0.10674481282385,-0.279552299234628,3.05744890342252,7.08582221801549,0.76625,0.41807,0.0183338911736709,1.009863026119917,3.0574489011865364,21.66453925805198,0.0186973300041503,5.603775015031414,-0.0382254727495832,0.0145960914824484,0.1281629160367204,0.1269873897889723,0.3492967921947533,0.5688586550166002,0.0181678517526845,0.0185246836269898
0.38928,-0.32231,0.0141005075,0.123867977306841,0.124637908679333,0.114713119110452,-0.150200230588128,3.12328732184952,8.83924984113752,0.71159,0.38928,0.015343275802088,1.0062157410543904,3.1232873193436395,27.60751676769424,0.0155346082799577,5.709258178102497,-0.0187206426236578,0.0142976032640099,0.1174611248969702,0.1167762866607154,0.328785627330198,0.5374227630568951,0.0152267580767662,0.0154151814969388
0.58996,-0.58955,0.0122279179833984,0.184448615678241,0.184808554577241,-0.0767523022999568,-0.106848385425403,3.19227646874661,15.1136567016684,1.17951,0.58996,0.0340212918256194,1.0019514312833484,3.192276467019268,48.24697025088653,0.034154201844929,6.382334422018266,-0.0197464956693806,-0.0141844820485304,0.1695812042165211,0.1692773630748435,0.4637088586829873,0.7791000808940891,0.0334553675817934,0.0335838963453333
0.54386,-0.53489,0.0094936651464843,0.145004958739733,0.145280077510878,-0.0270886058309443,0.568373914669569,3.74352773840775,15.302844082791,1.07875,0.54386,0.0210264380591116,1.0018973052600848,3.7435277358309857,57.286620697038224,0.0211063009215667,7.425312663236266,0.0825734063783561,-0.0039354347547812,0.1356492162740613,0.1354089677738845,0.4342857739163577,0.7317667515250004,0.0208084331265249,0.020886648279704
1.3556,-1.4113,0.0212033933642578,0.261833399527549,0.262626803721417,-0.115675378921553,5.24113240406135,5.1616970575401,12.3860742103725,2.7669,1.4113,0.0685567291081531,1.0030301867332303,5.373785080062379,66.56010050367667,0.0689728380329277,10.535482135637068,1.3764618511593787,-0.0303794550354312,0.2331943157149816,0.2325657423518761,0.8801660211555224,1.3262523820342098,0.0663088866542457,0.0666982229576377
4.2547,-4.1884,0.0094041511572265,1.02983547096138,1.02962696313324,0.0815793765254795,3.37905194660781,4.13227329153522,109.486432737954,8.4431,4.2547,1.0605610972502473,0.9997975327768376,4.132273291133877,452.42785697758,1.0601316832109784,8.200154329182418,3.479162994055262,0.0839963257062325,0.7078520141640602,0.707954740981568,1.6591229142121495,2.245284316079779,0.7229783230194711,0.7227699046472694
0.55533,-0.45728,0.0183619241699219,0.135516318031838,0.136721854825434,0.0699407034942739,0.539323547202742,4.0617500450754,7.44594376712405,1.01261,0.55533,0.0183646724529062,1.008895878446337,4.061750042104595,30.243562267036943,0.018692865586907,7.406350656610546,0.0737373157245914,0.0095624227095328,0.1281485540810214,0.127087453250035,0.4416877417655229,0.6994323872019594,0.0181980783947486,0.0185203011407553
0.61792,-0.53906,0.0135248556054688,0.178130269350959,0.178599611484196,0.0665903255493545,-0.0423555998683183,3.45980595850669,13.2052878562326,1.15698,0.61792,0.0317303928590452,1.0026348246970245,3.4598059565694976,45.68773327098366,0.0318978212223057,6.4780656001291055,-0.0075646936806617,0.0118930062717208,0.1643269637798398,0.1639286643028751,0.4811413736561915,0.7687090952268051,0.0312373856987615,0.0313996517140112
0.42975,-0.3705,0.0113513711767578,0.137457993585208,0.137892449758241,0.0193523565941521,-0.248525936497769,3.11655932397645,12.1476469768321,0.80025,0.42975,0.018894700000471,1.003160646110025,3.116559321716311,37.85886211650246,0.019014327700329,5.803435944627057,-0.0342698502121384,0.0026685438593626,0.1291778231169117,0.1287959424447859,0.3574996038132885,0.5879255441468392,0.0187184122969411,0.0188358146916204
2.1031,-1.7807,0.0103509090527344,0.313065051929848,0.31315972242,0.420199569605021,11.6225969841524,6.7157423175238,30.2543207388411,3.8838,2.1031,0.0980097267398384,1.0003023984617196,6.715742315379287,203.1802201108512,0.0980690117461714,12.401978034553789,3.639729245356695,0.1315895805785118,0.2724362348529643,0.2723641385943975,1.132401611824184,1.5859236053690324,0.0934992016454045,0.0935531933400632
0.43329,-0.44018,0.0121807292724609,0.105835107121908,0.106508078532583,-0.131043959036847,1.8642990384451,4.06814211625691,8.74398208433909,0.87347,0.44018,0.0112010698995057,1.0063586774591151,4.132832041017966,36.13740906149608,0.0113439707927028,8.20097415345532,0.1985629083949296,-0.013957240280317,0.1012091814607002,0.1006008025836836,0.3647681057760602,0.6277923263131504,0.0111388024592491,0.0112801104554221
0.4287,-0.36654,0.0151624771435547,0.107065083664417,0.108107519249881,0.0526481405588535,0.98587095891991,3.9654965998165,7.12993782126397,0.79524,0.4287,0.0114629321400686,1.00973646541722,3.965496596148397,28.273744000653508,0.0116872357183633,7.3560100609308385,0.1065800636693328,0.0056916598689366,0.1026536226512982,0.1017124448297207,0.3567649398889754,0.5851387177379368,0.0113977305281344,0.0116194674834798
0.73349,-0.66173,0.0327007376708984,0.188549400565734,0.191318728491293,-0.109807782614335,1.00951103314403,3.83386407480427,5.85059365989638,1.39522,0.73349,0.0355508764536976,1.0146875450984252,3.833864072800353,22.430380780361475,0.036602855871525,7.292647250340849,0.1931383672590473,-0.0210082853482228,0.1750608687533209,0.1727335724281944,0.5501367174502133,0.8734750846817657,0.034933532905072,0.0359488818068388
0.4965,-0.42453,0.0167220350439453,0.139543018177476,0.140507552969956,0.0689023411253812,0.410710498207247,3.53361786968252,8.40253908096136,0.92103,0.4965,0.0194722539220793,1.0069120956704696,3.5336178671676257,29.691362069632557,0.0197423724416049,6.555021277336151,0.0577079270821717,0.0096812993454284,0.1314733852280104,0.1306273207922281,0.4031290483106166,0.6528615005306931,0.019285095283979,0.0195500193558381
5.0706,-5.1495,0.0124496175195313,0.909294699392359,0.909157920360493,0.08620498650484,6.09798147347779,5.57724888761838,73.0269760443793,10.2201,5.1495,0.8268168503430404,0.9998495766752602,5.664032489968027,413.6271616825664,0.8265681241542165,11.241281376972951,5.544028154823883,0.0783739462554447,0.6466622654502324,0.6467339065287242,1.816370777700328,2.4177068127108043,0.6025750262532347,0.6024388642057393
0.19213,-0.21842,0.0140997126074219,0.0625575659526811,0.0641119340664288,-0.132234086434842,-0.309920902727451,2.99678995490803,4.5470383582628,0.4105499999999999,0.21842,0.003913449057924,1.0248470027180845,3.406854009941447,15.49109577849956,0.0041103400897381,6.403643960175171,-0.0198696284814704,-0.008477783030845,0.0621405865764481,0.0606788000689372,0.1975549374345439,0.3439796992541786,0.003905811435971,0.0041019157187082
0.22969,-0.18233,0.0154720063769531,0.0661366855670105,0.0679066151936512,-0.168428086899253,-0.177091537170562,3.38243924167015,4.38899865597289,0.41202,0.22969,0.0043740611777896,1.0267616907135635,3.382439236689131,14.8455211896494,0.0046113083870586,6.067450103620775,-0.0120256868686935,-0.0114373812848704,0.0657002977577391,0.0640415403821635,0.2067621050984678,0.3450213032766865,0.0043645227764485,0.0046007088771201
4.8127,-4.9275,0.0097329851367187,1.02967277149729,1.02946736659208,0.0528987879872562,4.37071131440501,4.67494177686453,105.770979009132,9.740200000000002,4.9275,1.0602260163629105,0.9998005142887372,4.786455753166041,506.2681058438776,1.0598030588780318,9.461397529576434,4.499504666974733,0.0544575759651533,0.7077733776366588,0.7078745837534213,1.7796025389574237,2.373993710881261,0.7228156934640793,0.7226103757448884
0.97757,-0.86054,0.0343314058544922,0.18220805736377,0.185370468975016,0.144877173328462,1.80366749581693,5.27360159040086,5.39944299865486,1.83811,0.97757,0.0331997761682789,1.0173560464628453,5.273601587555975,28.474511102044943,0.0343622107680173,9.91587284194739,0.334346689574577,0.0268559495636716,0.1700553577743063,0.1673839249522974,0.6818688182632578,1.043138337676636,0.0326605656002284,0.0337850152946645
2.7012,-2.7785,0.0100315187158203,0.716138611624835,0.716034025159394,0.0294875620378016,0.865509800047506,3.77244642724722,71.378426880684,5.4797,2.7785,0.5128545110599463,0.999853957650476,3.880402190375586,276.9770012909851,0.5127047251859637,7.652848617095951,0.6197344659429179,0.0211140977380644,0.5400158290506598,0.5400767738087133,1.3293271054786375,1.8686742129961804,0.4139982709360565,0.413899257257983
2.2768,-1.9007,0.0113500837451172,0.527819638102045,0.527812810331859,0.105967322576971,1.07171387865664,4.31365051289391,46.5029881879879,4.1775,2.2768,0.2785935703661737,0.999987064008817,4.3136505120766415,200.59763708084665,0.278586362750415,7.914737796117433,0.5656643141654181,0.0559309103326937,0.4238371769124983,0.4238416458859768,1.186867336422997,1.6443223142876022,0.2457607006863313,0.2457550635266888
0.35986,-0.4189,0.0178404615917969,0.122746393739283,0.1240064614036,-0.118571177953009,-0.0422192362415159,2.90194555934286,6.95085498575995,0.77876,0.4189,0.015066677175999,1.010265617790506,3.3780497799934324,23.48033404273453,0.0153776024698425,6.279995336996146,-0.005235458089473,-0.0147035922024091,0.1168995000346916,0.115777820991492,0.3498819235311305,0.5759164923316316,0.0149543021351528,0.0152605654484489
0.18817,-0.2132,0.0103003173681641,0.0646559864467942,0.0654557248223843,-0.114129682980958,-0.124115064301742,2.87476764653671,6.35472893531349,0.40137,0.2132,0.004180396583408,1.0123691295779906,3.257163529283451,20.698391157258204,0.0042844519120236,6.131931171428231,-0.0081240414952473,-0.0074704411232675,0.0634026182650905,0.0626517295591735,0.193261496832289,0.3374503295608955,0.0041716830013222,0.004275299779865
0.20111,-0.20257,0.0102978410888672,0.0656774125605907,0.0664639890435212,-0.198025459916736,-0.196909478792137,3.02584907848837,6.45416728321573,0.40368,0.20257,0.004313522520654,1.0119763606857566,3.047815856532081,19.67111322507037,0.0044174618395773,6.073664930467841,-0.013087389441006,-0.0131615619982441,0.0643484928116335,0.063610665087804,0.1844609333617351,0.3390973593979367,0.0043042459492851,0.0044077334942329
3.9279,-3.7184,0.0145602083691406,0.583107455238409,0.5831468780786,-0.134294849412785,12.9742348942622,6.73569583865726,40.0507234027324,7.6463,3.9279,0.3400143043546131,1.0000676080194657,6.7356958375022025,269.76948910621195,0.3400602814128176,13.112133985664885,7.565884574047437,-0.0783136221771012,0.4594145612305282,0.45938965935213,1.594912933817537,2.157131483769775,0.2926802887973461,0.2927145990799428
2.432,-2.1537,0.0118934702050781,0.619547928881298,0.619510830508451,0.0340262766040023,0.731722591938081,3.92567793851802,52.0883156745909,4.5857,2.432,0.3838396361811058,0.9999401200922292,3.925677937884342,204.48194997902507,0.3837936691172707,7.402130476873449,0.4533100706333569,0.0210796468780557,0.4821241471699918,0.482147054054741,1.233143181625716,1.7202097603879791,0.3248619806707129,0.3248287630737492
3.6692,-4.4029,0.015013368359375,0.577736316666858,0.577790337990425,-0.683558174864329,17.3611291351274,6.35040041126615,38.4850570611376,8.072099999999999,4.4029,0.333779251595788,1.0000935049814237,7.620238189775579,293.2652996503685,0.3338416746750896,13.97063859994264,10.031092670880676,-0.3949533088909787,0.4560253479374662,0.4559911087568257,1.686935846454484,2.205203769852334,0.2880164552364667,0.2880632557984943
0.4673,-0.4166,0.0192334411425781,0.139810555360667,0.141093487514674,0.0299346713826723,-0.221229048626181,3.31198844277912,7.33584211315819,0.8839,0.4673,0.0195469913902581,1.0091762174163446,3.311988440431746,24.296224170509483,0.0199073722190534,6.264640664450289,-0.0312139780102212,0.0042235871829869,0.1319870022427313,0.1308620690888728,0.3834239772312841,0.6333440961891916,0.0193584025549957,0.0197118116226136
0.19464,-0.19088,0.0105044093359375,0.0601711130455463,0.0610666652739865,-0.286392694463761,-0.0433307254386013,3.18733631723155,5.81343160962571,0.38552,0.19464,0.0036205628451399,1.014883422985278,3.187336312012114,18.52936152070588,0.0037291376076851,6.313100570319103,-0.002646062906438,-0.0174890468097335,0.0592746901499437,0.0584303224974336,0.1778448847668761,0.3260755204386507,0.0036140243846676,0.0037222016122096
1.4872,-1.3166,0.0216149513769531,0.282559564439302,0.283316306006808,0.0520831416407128,4.4133484631485,5.24925663814162,13.1074227772214,2.8038,1.4872,0.079839907456128,1.0026781661726434,5.249256636288831,68.80422570394035,0.0802681292493432,9.896359438425648,1.2503735837000562,0.0147560032948761,0.2494475914969187,0.248857740991551,0.911157579762407,1.3360005670654236,0.0768127963114888,0.0772092781462381
0.44936,-0.4456,0.0141033208056641,0.154235217762998,0.154841178555513,-0.0063921166081714,-0.243330647114758,2.90207039362528,10.9790581019278,0.89496,0.44936,0.0237885023983994,1.0039288088732965,2.9020703917510566,31.861999241577948,0.0239757905764602,5.779857837372098,-0.0376776041779247,-0.0009897628690735,0.1439628267745556,0.1434379755332616,0.3711220796856184,0.6391977301321894,0.0235099646583003,0.0236928843226636
1.1096,-0.88849,0.0323404756591797,0.210453467448731,0.212873065527958,0.268316727828731,2.07484050883389,5.21249598791665,6.58224906062985,1.99809,1.1096,0.044290661961194,1.0114970687221712,5.212495985468013,34.30994671391144,0.0453149420272703,9.386297858330732,0.4416776595970584,0.0571174043853327,0.1929919794144779,0.1909950558877849,0.7464983560569398,1.0979754192431566,0.0433378625512868,0.044318219941368
0.94941,-0.89079,0.0306053396728516,0.191389578392365,0.193775054653092,0.12852780261155,1.66252231853088,4.89954706347365,6.33141329991444,1.8402,0.94941,0.0366299707172072,1.0124639814744256,4.899547060945163,31.021057339875444,0.0375487718058087,9.496578402956876,0.3221553531353064,0.0249054819754949,0.1771206007836258,0.1751203388117315,0.6675267626913384,1.0438744722287756,0.0359750388745217,0.0368609809872835
4.71,-4.7384,0.0138263826513672,0.709103113145581,0.709064787465845,-0.0482226501687721,18.4720866494162,6.64255239190943,51.2834633139371,9.4484,4.7384,0.5028272250727547,0.9999459517536728,6.682605148489318,342.7071335437645,0.502772872823984,13.32515753946194,13.097906194118972,-0.0341929831929601,0.5359463129911738,0.5359687376823253,1.7471804258300878,2.346448856640433,0.4073481507851174,0.4073119834661087
4.6658,-4.4196,0.0137236443017578,0.716724039625881,0.71668044521949,-0.167877281575569,10.5059643947636,6.51029343848087,52.2223127808474,9.0854,4.6658,0.5136933489776415,0.999939175325544,6.510293437572482,339.9825777620979,0.5136308605600065,12.677058596108068,7.529419239899287,-0.1203143649018164,0.5403924523167747,0.5404178465903511,1.7344481025149414,2.3110888334852664,0.4145525908926317,0.4145113079554114
0.44018,-0.46751,0.0099174561132812,0.135584772478737,0.135913981168563,-0.0234268306801623,0.117297028134197,3.23866607552376,13.704520556088,0.90769,0.46751,0.0183832305281108,1.0024280646238115,3.4397491386571235,47.14011233787176,0.0184726102770884,6.678415211798003,0.0159423060729596,-0.0031840338239026,0.1274375966296736,0.1271477362970607,0.3835670870069482,0.6458930860312487,0.0182163016369848,0.0183040641062224
0.39157,-0.36341,0.0104920510449219,0.111844757150521,0.112308614118006,-0.159863719600815,0.582102361124016,3.48655357449756,10.7041620019913,0.75498,0.39157,0.012509249702059,1.0041473277683102,3.486553571393112,37.3206339343397,0.0126132248051071,6.722369475011803,0.0653751094526572,-0.017954072796117,0.106437688005535,0.1060205792034153,0.3304326061443324,0.5624574608414981,0.012431655465035,0.0125343407143949
0.42724,-0.39992,0.0146856176123047,0.150607808990907,0.151285504760584,0.0456886634162665,-0.285437092945286,2.82406434559693,10.3016099665993,0.82716,0.42724,0.0226827121290415,1.004499737920415,2.824064343730219,29.09240921081765,0.0228873039506646,5.467542979496039,-0.0431824946836213,0.0069120325067663,0.1408791482947485,0.1402903323099169,0.3557425093566911,0.6027628488213695,0.0224292845401278,0.02262931858511
0.65276,-0.67487,0.029027299765625,0.180724515412074,0.182997231338558,-0.0658631857390187,0.547086560829499,3.56704850245711,6.30431465606969,1.32763,0.67487,0.0326613504709289,1.0125755812377992,3.687870000517413,23.24949282655123,0.0334879866775777,7.2549185010252835,0.1001153259343319,-0.0120527806373776,0.1680512446203563,0.1661282461710093,0.5157355503247687,0.8448505825298286,0.0321393052864558,0.032939476151061
4.6716,-4.8315,0.0117691373535156,1.10190769291863,1.10170150446403,0.0610531849062239,3.13098816124072,4.24035002318774,93.6093675663435,9.5031,4.8315,1.2142005637132578,0.9998128803747296,4.385489154716134,410.5228627911696,1.213746204938307,8.625839177518966,3.449414367697968,0.0672623856635074,0.7427472568829331,0.7428453575602719,1.7632742571489677,2.3516704516845257,0.794891419033233,0.7946861957998544
0.84677,-0.81652,0.0302004219189453,0.182326018722318,0.184766368050184,-0.0733382215800875,1.76068512439287,4.58292279561404,6.11800618369097,1.66329,0.84677,0.033242777103131,1.0133845363576122,4.582922793133641,28.03834991010407,0.034138610762456,9.002125314537896,0.325315395714057,-0.0135504368406123,0.1695455973853898,0.1674837005147128,0.6134381672042666,0.9795622006397876,0.0327021839213284,0.0335688200636983
2.6144,-2.2739,0.0105493991552734,0.606866794446443,0.606810323114239,0.0535893071114086,1.19214838345003,4.30843032890825,57.5208421051076,4.888299999999999,2.6144,0.3682873062017013,0.9999069459184264,4.3084303281982335,247.82453832080745,0.3682187682380071,8.055729793960918,0.7234079457614303,0.032518544763742,0.4742510481240244,0.4742861924961216,1.2849258667316017,1.772967331215569,0.3135598163027141,0.3135097247174268
0.40179,-0.41139,0.0184605774853516,0.125567736407129,0.126887156528256,-0.0490344539911833,0.0413414443589146,3.16651433441594,6.87341209281997,0.81318,0.41139,0.0157672564264102,1.0105076356222449,3.2421721073414704,22.28478486645165,0.0161003504918261,6.408686439261861,0.0052456983214737,-0.0062218424388568,0.1194591027404454,0.1182875629451984,0.3445750343958256,0.5950822098009133,0.0156442445933815,0.0159721144479583
1.5387,-1.8573,0.0098382958203125,0.243604689575915,0.243743842289983,-0.735240007851206,14.9981590097254,6.31277486045945,24.7750064382838,3.396,1.8573,0.0593432447833779,1.000571223050973,7.619884801144533,188.78269316593247,0.0594110606542841,13.932659659014073,3.655708904306596,-0.1792102245189702,0.2181260585557828,0.2180141701634402,1.0498771229862331,1.480695036541375,0.057649135711686,0.0577131505630119
1.7607,-1.5164,0.0116979646777344,0.502476600316885,0.502490093095099,0.0800307097963807,-0.140159786971073,3.50394967820147,42.9553436805572,3.2771,1.7607,0.2524827338660146,1.000026852351339,3.5039496775041554,150.51336137985902,0.2524962936587212,6.521720615748775,-0.0704289044032837,0.0402146388160501,0.4071237937915767,0.4071148134735961,1.0154842707605405,1.453275209845888,0.2251277685453489,0.2251385948177909
1.2765,-1.4488,0.0213290591796875,0.262558880070203,0.263359893575059,-0.0502073217524694,4.8351655384711,4.84697947994952,12.3474688384693,2.7253,1.4488,0.0689371655037192,1.003050795327649,5.501217287806059,67.9261087421586,0.0693584335438664,10.348196765915135,1.2733886816295417,-0.013222594913419,0.2337747541432668,0.2331405187592438,0.8955981086490657,1.3151473855013514,0.0666648515536471,0.0670588738261384
0.43642,-0.42412,0.0108550931933594,0.110843436775166,0.111346761831342,0.0480384536898382,0.419079369670417,3.91946737221734,10.2575592717581,0.86054,0.43642,0.0122862674761302,1.0045408638559523,3.9194673686972847,40.204168513869874,0.0123981013703256,7.728469019427985,0.0466631307631208,0.0053489262617483,0.1055725788190524,0.1051195797327466,0.3621539069709911,0.6208667681703096,0.0122114038643786,0.0123218743120493
0.19213,-0.24387,0.0127136329980469,0.0653308708866431,0.0665407778022893,-0.213139187840831,-0.0150387794115856,2.88740237709379,5.23381301100257,0.436,0.24387,0.0042681226908072,1.0185196798599787,3.664970679454738,19.18177110502457,0.0044276751105336,6.552373052209234,-0.0010006920792439,-0.0141824473390771,0.0644204933622135,0.0632854278001837,0.2182274872485972,0.3618614706260324,0.0042590400897546,0.0044179017951821
1.4501,-1.3166,0.0208951501806641,0.277337160928335,0.278055662666054,-0.157058505503657,3.72297000471484,5.21514284620621,13.3071866084677,2.7667,1.4501,0.0769159008317891,1.0025907153410487,5.215142844330639,69.39887871215215,0.0773149515406584,9.950165993662216,1.0351928917468272,-0.0436710068251594,0.2453399095186522,0.2447775679874252,0.8961288400502025,1.3261992865685504,0.0741013086181819,0.0744717895376192
0.19568,-0.23594,0.0149296349804688,0.0657039683429668,0.0673631764461387,-0.14861299908375,-0.190044028310917,2.90485114157969,4.51204443606723,0.43162,0.23594,0.0043170114560135,1.0252527821757398,3.5025070386696937,15.80346731372294,0.0045377975409136,6.407358175937158,-0.0128019694116432,-0.0100110436794685,0.0651912859585055,0.0636355839339714,0.2118318141678956,0.3588066701949373,0.0043077198936472,0.0045275327788794
3.7234,-4.2718,0.0193386530957031,0.597071567630869,0.597238956212435,-0.797701565211548,14.6767308244643,6.23435554775768,30.8831723314348,7.9952,4.2718,0.3564944568731834,1.0002803491082353,7.152580980945395,220.89438994382303,0.3566943708177187,13.386936527659213,8.765515398213928,-0.4764184501759705,0.4682764862253148,0.4681716820239263,1.6623718602135362,2.1966911017300754,0.3049037667636299,0.3050511313280545
0.98049,-0.72285,0.0309721298046875,0.194243308704079,0.196650229400633,0.0071321794997698,1.21708436997282,4.98595909594624,6.34926402028932,1.70334,0.98049,0.0377304629763081,1.0123912664553183,4.98595909341079,31.65717059231393,0.0386713127233215,8.66177478828987,0.2393399205550799,0.0014025447347562,0.1795261778608314,0.1775127703449436,0.6833442888370944,0.9944880455474164,0.0370360814440494,0.0379423124272956
4.945,-5.1244,0.0147886785644531,1.11209915971095,1.11192596745801,0.132130207604164,4.07738739221659,4.44723852551518,75.1876486199853,10.0694,5.1244,1.236764541029801,0.9998442653684142,4.608580201840332,346.5083065410905,1.2363793571074315,9.055818726955554,4.533752920791524,0.1469190089206877,0.7476003119427072,0.7476823153625841,1.812280792448803,2.4041845447096377,0.8050304203877996,0.804858199716123
2.6851,-3.1175,0.0130936763183594,0.442665294058689,0.442750863309612,-0.785905611813069,14.5897743443155,6.06458444807669,33.8140986950171,5.8026,3.1175,0.1959525625640656,1.000193304404145,7.041205918814522,238.0920301061338,0.1960283269614067,13.105790365521456,6.459635186438116,-0.3479603881101051,0.3665516129865881,0.3664923014375559,1.4152461830696583,1.917304892044979,0.1789429913338543,0.1790063399983008
3.054,-3.1358,0.0116441557568359,0.432239013107345,0.432290324844024,-0.522376164389693,15.6164561507009,7.06469662743879,37.1250895188549,6.1898,3.1358,0.1868305644520116,1.0001187112572236,7.253921309495061,269.30247572726154,0.1868749249537518,14.318617935299612,6.750842902298949,-0.2258181617947957,0.3592747888021786,0.3592389632052788,1.4196807801375242,1.9726633549343888,0.1712863627699231,0.1713237393542917
2.2833,-2.4521,0.0092288481640625,0.648145352692913,0.64805281159373,0.027976595282469,0.601129155585464,3.52332396241716,70.2203352003637,4.7354,2.4521,0.4200923982174205,0.999857221534052,3.783796560640283,265.69945998013367,0.4199724466145385,7.307120522513761,0.3895634394081246,0.0181303112316239,0.4995944768438038,0.4996506270475203,1.2389827415153856,1.7466574953156349,0.3507219386634604,0.3506374676323348
0.17837,-0.20006,0.0122278562255859,0.0611484465275181,0.0623444242278739,-0.163762120770089,-0.280382701721046,2.86104174044568,5.09855718596221,0.37843,0.20006,0.0037391325127287,1.019558593330114,3.2089477472415138,16.361003488517362,0.0038868272323051,6.069989483098101,-0.0174802981022543,-0.0102096551297467,0.0604781868392382,0.0593517617466139,0.1823715555439962,0.320945170359223,0.0037321593337761,0.0038792930357746
0.53364,-0.45562,0.0159691156445313,0.179044509862388,0.179711703473368,0.0567073693059885,-0.491651920906134,2.96942263462035,11.2537041795995,0.98926,0.53364,0.0320569365118627,1.0037264114443951,2.9694226329680267,33.41700370496391,0.0322962963652997,5.504705482890994,-0.0883556042219949,0.0101909779374725,0.1652700895364361,0.1647043730584028,0.4276439948296059,0.6877627102831055,0.0315538365761319,0.0317857347326078
0.40138,-0.40179,0.0132681962695313,0.134058984774166,0.134681406038073,0.0178189970490608,-0.205296276176651,2.98021836723723,10.150694435185,0.8031699999999999,0.40179,0.01797181139868,1.0046428903254132,2.9832625862852367,30.28218672755393,0.0181390811323922,5.9634809513096725,-0.0276495911298519,0.0023998875767557,0.1263519120039533,0.1258032187448714,0.3377499913733807,0.5895462270753584,0.017812227566837,0.017976530733921
6.3284,-5.9762,0.0143484509716797,0.790041267835026,0.789978679940931,-0.233120708037614,21.4106708026929,8.01084910351403,55.0567222552563,12.3046,6.3284,0.6241652048823754,0.999920778829366,8.010849102499966,441.0510910470817,0.6240663147612159,15.575863388316334,16.91397345736117,-0.1841603892024494,0.5822037091342067,0.5822386742433483,1.9917572110349524,2.588109840091968,0.4849939637099509,0.4849330751183638
5.0522,-4.9688,0.0090864045898437,0.975013582817882,0.974817862029366,0.0823710446505024,5.96933047380893,5.18271176266957,107.283123086876,10.021,5.0522,0.9506514866793628,0.999799263423664,5.182711762137913,556.0174978390608,0.9502698641315042,10.27986908047663,5.819009970225164,0.0802967656393282,0.6804761723431144,0.680575275705579,1.8004218423067075,2.399802543709405,0.6681634125111101,0.6679677548626949
0.54177,-0.43121,0.0124091344824219,0.15131044721006,0.151781615905333,0.097806564728011,-0.131684127544195,3.56940461312458,12.2314425812968,0.97298,0.54177,0.0228948514349083,1.0031139197831296,3.5694046107729163,43.65896722301986,0.023037658926834,6.410394259907031,-0.0199872296677418,0.014845238440567,0.1413099747765049,0.1409008129289243,0.432931107077095,0.6795450901416596,0.0226366971656923,0.0227762985371299
0.34422,-0.35611,0.0105535224121094,0.114114926384041,0.114574145228428,-0.0169040178042612,0.183343084626737,3.00434272770463,10.8564838121689,0.70033,0.35611,0.013022216423635,1.004024177717463,3.1081183191828043,33.74323592823057,0.0131272347548249,6.112461044265237,0.0210063772046517,-0.0019367633908493,0.1084723994267188,0.1080603016991936,0.3046203071720307,0.5308223498708367,0.0129381563425788,0.0130418193090226
4.7346,-4.5685,0.0122903280224609,1.05346792373082,1.05328240589393,0.120563629904587,3.6047082120068,4.49509075012195,85.7001053160684,9.3031,4.7346,1.109794666329725,0.999823897877958,4.495090749695182,385.22974755632384,1.1094038265657056,8.832484001497328,3.7967757380881295,0.1269875501692087,0.7194396862453513,0.7195300340006934,1.746518000982366,2.3324448208267285,0.746590628216933,0.7464053609128253
0.40534,-0.3778,0.0120126056933594,0.135537622425272,0.136035950554882,0.0475468923523448,-0.202728208420313,2.9796535279582,11.3244331852233,0.78314,0.40534,0.0183704470926956,1.003676676780405,2.979653525767847,33.742887011581864,0.0185057798433702,5.756860566857037,-0.0275783245367455,0.0064680866970818,0.127544966413429,0.1271062149298481,0.3402792663927166,0.5783758551479317,0.018203748881533,0.0183366315271097
1.2888,-1.313,0.0226354221337891,0.270867140929901,0.271745369159732,-0.0255740727985375,3.93867781366972,4.74267511525631,12.0053148359042,2.6018,1.313,0.0733690080355388,1.0032422837502244,4.83172906893234,58.0064284394048,0.073845545659759,9.574404182443384,1.0703174564769242,-0.0069496358535564,0.2403902634007458,0.2396994556105132,0.8385453832493022,1.2814337205037154,0.0708023076360519,0.0712461735098407
4.6867,-4.9688,0.0113817037402344,1.07966777769157,1.07946415987392,0.0693134857814395,3.49489374039233,4.34169115957255,94.8420539236149,9.6555,4.9688,1.165682510185453,0.9998114068773392,4.6030245229448346,436.56029622166574,1.165242872452308,8.944715682115168,3.7726125353212288,0.0748214236969945,0.732110245079437,0.7322081586925991,1.7865459021751675,2.366076190775244,0.7727355589733194,0.7725325364338789
0.40576,-0.46542,0.0105653884765625,0.115564559052405,0.116018419506775,-0.267075162824282,0.98346728184035,3.49737569021362,10.9809894604578,0.8711800000000001,0.46542,0.0133551673089768,1.0039273316810862,4.011604377800207,44.0513850131792,0.01346027366485,7.5089800649993235,0.1141003196757414,-0.0309856382803877,0.1097673687573004,0.1093606077585041,0.3821418908012668,0.6265692479023662,0.0132667732043843,0.0133704889683781
1.205,-0.925,0.0368181177880859,0.208973299715742,0.212141675838301,-0.0192406066173415,2.17695089556103,5.68016630979419,5.76188269751663,2.13,1.205,0.0436698399940853,1.0151616308176818,5.680166307116667,32.72845189052779,0.0450040906274827,10.040459945359752,0.4618220112020071,-0.0040817345319483,0.1923887750715454,0.1897714867864232,0.7907275088988094,1.1410330045520618,0.04274319422799,0.0440207998851728
0.50151,-0.47105,0.0088318908105468,0.153958797756949,0.15417438120366,-0.0007919766828242,-0.236929686532695,3.25287506318912,17.4565542657693,0.97256,0.50151,0.0237033114067651,1.001400266497997,3.252875061079259,56.78398941738633,0.0237697398195314,6.308181630283034,-0.0365284878099553,-0.0001221025150021,0.1433852668983821,0.1431984635983793,0.4064712684257301,0.6793321915262173,0.023426749681704,0.0234916378742493
4.8323,-4.8799,0.0133839302734375,1.06351257687801,1.06333713179986,0.077378057904322,3.8884831699546,4.54446652476115,79.4487949410658,9.7122,4.8799,1.1310590011777053,0.999835032342872,4.589231254701981,364.6088902020085,1.1306858558643529,9.133697779035757,4.134768540991551,0.0822789621562252,0.7243246389636278,0.7244096651170575,1.771539754963197,2.3713832788643154,0.7566190398179982,0.7564439259494663
0.42224,-0.49129,0.0131348529833984,0.121327829404428,0.122007290089459,-0.108046293306299,0.318389379929203,3.46077680842187,9.28882038068246,0.91353,0.49129,0.0147204421879899,1.0056002039087513,4.026726593444542,37.40353979451499,0.0148857788349734,7.487503399029887,0.0388458254384252,-0.0131824354505123,0.1151193044853314,0.1145135450516171,0.3996415172052088,0.6489497038375427,0.0146131481411559,0.0147760729939047
0.41827,-0.40576,0.0186456715478516,0.134088600699942,0.135346350999754,0.0165426923346252,-0.107185351879204,3.09036776322666,7.25886169626051,0.82403,0.41827,0.0179797528376684,1.0093799934693073,3.090367760943354,22.43255206353449,0.0183186347289486,6.088305989074408,-0.0145071462574748,0.0022389930432031,0.1269377594488912,0.1258293333821793,0.3494378190112361,0.6010483388853043,0.0178200287730425,0.0181528698698855
0.51674,-0.44393,0.0195047044091797,0.145553978853663,0.146819785951416,0.0870696965419275,0.135948885690237,3.51955287668784,7.52740379302119,0.96067,0.51674,0.0211859607601325,1.0086964781509409,3.519552874290653,26.4930955378894,0.0215560495468196,6.5431916626249205,0.0199599862973741,0.0127835542091405,0.1369927080622474,0.1358883443272953,0.4165632947741977,0.6732862515642545,0.0209646585039024,0.0213270036153937
1.9449,-1.782,0.0107590319970703,0.547482072750972,0.547454126828667,0.0426461285475874,-0.242324902495413,3.55262642966373,50.8832139339058,3.7269,1.9449,0.2997366199837006,0.999948955365498,3.5526264290147904,180.76904896766683,0.2997060209817382,6.807693680032506,-0.1326617679044681,0.0233467990666425,0.4366110817308855,0.436629140857474,1.0800748606696515,1.5532695965206893,0.2621616439287981,0.2621381011881493
4.2902,-4.3085,0.0131679080908203,0.9623159116776,0.962171052300635,0.0697390919732915,4.28648713073514,4.45887453144818,73.0693930778108,8.598700000000001,4.3085,0.9260519138678904,0.9998494678564576,4.4778940181688185,327.19699572355546,0.9257731338853114,8.936768549153584,4.124333833252559,0.0671009355104326,0.674051539963087,0.674125363307825,1.6693093094714908,2.26162767263746,0.6554722672535317,0.6553275151011834
5.0848,-4.5715,0.01271147046875,0.576405467570926,0.576404906616305,0.361449487350125,30.3853262782611,8.82157653696864,45.3452578939112,9.656300000000002,5.0848,0.3322432630456579,0.999999026632028,8.8215765354382,400.0166599528241,0.3322426163713512,16.752633240078644,17.514251155927045,0.2083412580025601,0.4551468788791004,0.4551472347232866,1.8057938581918584,2.366151266554894,0.2868641853575424,0.2868636999548524
0.39345,-0.43288,0.0186553869628906,0.135078322567747,0.136327794069829,-0.141607998011822,-0.0208380540548574,2.88605858170396,7.30769049931867,0.82633,0.43288,0.0182461532277163,1.0092499771792054,3.175287934760713,23.2040213660904,0.0185852674359457,6.061346514347672,-0.0028408059420065,-0.0193051059915964,0.1278018297938997,0.1267016552201339,0.359686404934866,0.6023084887359285,0.0180816897123069,0.0184146718215992
0.45603,-0.44435,0.0175756967138672,0.133551789924535,0.13467099421664,-0.0213086664196464,0.195321198910784,3.386252567991,7.66234172158793,0.90038,0.45603,0.0178360805920471,1.00838030094467,3.386252565476549,25.946624183923845,0.0181362766832982,6.685775244838663,0.0263041000489013,-0.0028696592921645,0.1263427359752044,0.1253558801947568,0.3757135539578309,0.642053866175061,0.0176788841336299,0.017973776244865
0.72661,-0.71785,0.0361300132275391,0.192141921405156,0.195463216992326,0.0053417184017846,1.19551787832444,3.71737460981483,5.40999572187645,1.44446,0.72661,0.0369185179612651,1.017285636893565,3.717374607913005,20.110980680047568,0.0382058691969891,7.3899325995320995,0.2336797704691352,0.0010441094630799,0.1785337395569338,0.1757516231373971,0.5461599485319236,0.8938242396382122,0.0362533513880663,0.0374940976381146
0.5787,-0.43121,0.0191878000927734,0.161414377259854,0.162511694611038,0.0332087863488377,-0.27443340256465,3.56097449715901,8.46953240211439,1.00991,0.5787,0.0260546011861864,1.006798138239803,3.5609744949678004,30.15978872960917,0.0264100508853512,6.214383535878576,-0.0445986373086544,0.0053968161455255,0.1505829183092368,0.1496385531282464,0.456601723555544,0.698089944949101,0.0257209628629714,0.0260673266382107
0.59288,-0.5666,0.019697212421875,0.152701983886989,0.15393014769325,0.0240277210550741,0.577021025311601,3.8516171710657,7.81481888890535,1.1594799999999998,0.59288,0.0233178958830222,1.008042879825095,3.851617168563508,30.09969046846447,0.0236944903688657,7.532507547237242,0.0888209316483253,0.0036985906507397,0.1431736356587534,0.142108737701677,0.4655436985236421,0.7698674519726291,0.0230501873608794,0.02341813285317
2.9981,-2.9238,0.0144387441601562,0.411416231430856,0.411569125074302,-0.0517089999772771,13.6567702863999,7.28456003462054,28.5044959941896,5.9219,2.9981,0.1692633154847676,1.00037162739758,7.284560032850585,207.64271088818123,0.1693891447144264,14.388591460771115,5.620704998114332,-0.021281827879115,0.3447019402889725,0.3445936197528825,1.385819248271654,1.9346902984170904,0.1563739056152628,0.1564815139340888
0.22927,-0.22259,0.0133371585693359,0.0695857132368649,0.0708356332917309,-0.161617638910012,0.0874098377468151,3.23664784721794,5.31114876706889,0.45186,0.22927,0.0048421714866831,1.0179623071307056,3.2366478426487,17.190318094297375,0.0050176869438405,6.37899286509025,0.006191731212723,-0.0114482878033049,0.0684393093719935,0.0672713896079983,0.2064204972609395,0.3728454930212371,0.0048304858816167,0.0050051403052744
2.4168,-2.7466,0.0075829553125,0.662745080798308,0.662626648310601,0.0031797451240743,1.48889979181161,3.64730275512123,87.3836942198914,5.163399999999999,2.7466,0.4392310421223557,0.999821299937004,4.145018928212575,362.2070618366569,0.4390740750513409,7.792321682783371,0.9865846787184788,0.0021069838540473,0.5083986700813143,0.5084698997045894,1.3208487620448213,1.8186285733300769,0.3641089724337767,0.3639999033359706
0.49755,-0.4408,0.0140148166796875,0.126557835708058,0.127300746740401,-0.0967541626416929,0.273071565491621,3.90846096931885,9.08329731668236,0.93835,0.49755,0.0160168857791078,1.0058701298706605,3.908460966248583,35.501712781656096,0.0162054801206637,7.371127218730495,0.0347622142006536,-0.0123168771545297,0.1198260554831038,0.1191668206357772,0.4038304394317037,0.6618370957178302,0.0158899688795083,0.0160755729209379
1.3552,-1.3885,0.024401751796875,0.27068044264314,0.271712296699017,0.197638620880283,4.59963166212371,4.98762851907727,11.134950431461,2.7437,1.3885,0.0732679020294862,1.003812074287377,5.1101846193846,56.90165222021693,0.0738275721774546,10.097813136626234,1.24977648288515,0.0537008435958079,0.2403642574945648,0.2395525385995523,0.8706655538478796,1.3200744271997813,0.0707081081879259,0.0712294358767665
0.9323,-0.65964,0.0290598005664063,0.189742066683201,0.191908688576839,0.0061458936703418,0.832213105988707,4.85803955471621,6.60392311152644,1.59194,0.9323,0.0360020518692123,1.011418774077725,4.858039552184784,32.08211958169958,0.0368289447512821,8.29529924348927,0.1597089257867506,0.0011794503944079,0.1755559621660364,0.1737365329432273,0.6587110032388177,0.9524066300739576,0.0353691244040677,0.036166963617473
2.6012,-2.4777,0.0118026198242187,0.642424080298403,0.642375655564994,0.0355758057790573,0.940356306255921,4.04934398971291,54.4265311542825,5.0789,2.6012,0.412708698947249,0.9999246217025692,4.049343989082542,220.39174494320525,0.4126464828625558,7.906432871809673,0.6040619986958236,0.0228530315595748,0.4961437641364749,0.496173248267811,1.2812671232521846,1.804823758557256,0.3455089245913649,0.3454648833429556
0.19401,-0.21842,0.0111655315380859,0.064172944794856,0.0651216178739249,-0.293431431748425,0.0105962911384792,2.97919502515435,5.83237955593903,0.4124299999999999,0.21842,0.0041181668436436,1.0147830675469742,3.3540321447089467,19.561988365602232,0.0042408251145174,6.333227165288484,0.0006900476224008,-0.0191087295705196,0.0630889878283983,0.0621979198113452,0.1975549374345439,0.3453116252883205,0.0041097104033056,0.0042318581582812
1.8302,-1.293,0.0123850432324219,0.25092147972693,0.251165752683059,0.816118737150003,12.9024737100712,7.28682147326627,20.2797639030885,3.1232,1.8302,0.0629615889883521,1.000973503170384,7.286821470365071,147.77501788862162,0.0630842353208475,12.43481631310468,3.240659520863414,0.2049810768950281,0.2240757188574621,0.2238804635092544,1.0403473805361338,1.4166295609159636,0.0610589641710558,0.0611743392313947
2.6632,-2.7318,0.0133935792382813,0.64752782873576,0.647508258162842,0.0620200494310677,2.21365926948407,4.11299773620838,48.3446767024118,5.395,2.7318,0.4192922889872477,0.9999697763215007,4.218942330293932,203.9634014928344,0.4192669443890776,8.331940065867107,1.4333626577496594,0.040158494178284,0.4992639999238999,0.4992758787454983,1.3168906909810114,1.855516435030806,0.3501583593394216,0.3501405019715903
5.0305,-5.1299,0.0155150504736328,0.938409895995403,0.938309044404882,0.0711148331317276,4.81897675151193,5.36124002000915,60.4773439828313,10.1604,5.1299,0.8806131329021031,0.9998925291698856,5.467175266020053,330.64023708166684,0.8804238628120029,10.828415285457831,4.521689470720502,0.0667276911188439,0.6618159663924753,0.6618679957462119,1.813178436601355,2.412371798604752,0.6315978581939499,0.6314972103723647
0.52571,-0.43642,0.0140353152099609,0.164439978700976,0.164997858458404,0.0486489946830152,-0.144286925972681,3.18616256545253,11.7559068670794,0.96213,0.52571,0.0270405065951774,1.0033926035596443,3.1861625635214854,37.45623011596343,0.0272242932958595,5.831166588501126,-0.0238070337890386,0.0080269799388517,0.1527192487828447,0.152240266464283,0.4224598754840262,0.674030617867616,0.026681371838704,0.026860303689342
0.1792,-0.17273,0.0085469084521484,0.0624584955451038,0.0630254590907842,-0.0985463337659911,-0.407073633612875,2.84329543307053,7.37406507202513,0.3519299999999999,0.1792,0.0039010636657577,1.0090774431856628,2.843295428559182,20.96664529714142,0.0039722084936041,5.583933929535897,-0.0256560026422051,-0.0062109279273152,0.0611190492995226,0.0605855580370824,0.1648362424529351,0.301533201132464,0.0038934742483593,0.0039643401031546
0.20549,-0.19547,0.0120139101708984,0.0667970989045286,0.0678528394452129,-0.172156805172087,-0.299765814459519,3.02846574557754,5.64785639979016,0.40096,0.20549,0.0044618524220613,1.0158051840037654,3.0284657411142577,17.104339500334344,0.0046040078207778,5.909258959351661,-0.0203399616796852,-0.0116813280607424,0.0656499402623453,0.0646607938849496,0.1868861232915343,0.3371577159123063,0.0044519278688538,0.0045934417950688
1.6531,-1.6393,0.0147217536865234,0.542816668388272,0.542883775289833,0.0203844098529349,-0.0656050686577663,3.04503482189618,36.8762979499378,3.2924,1.6531,0.2946499354801433,1.0001236270097376,3.045034821335276,112.28961059743318,0.2947227934729419,6.0646498371328175,-0.0356159273510768,0.0110663653780165,0.433653246687807,0.4336097512787117,0.9757287676227676,1.4568460170708353,0.2582403385158857,0.2582966131433297
0.3874,-0.36716,0.0196174828955078,0.13349440276377,0.13489588453176,-0.0430686361734161,-0.28594529834875,2.87184446986439,6.87630952708258,0.75456,0.3874,0.0178207555692556,1.0104984301807782,2.871844467735454,19.7476913877642,0.0181968996636059,5.593647293687311,-0.0385728439484526,-0.0058097817721895,0.1265409150356779,0.1253052529415828,0.3274314919690639,0.5622181132335466,0.0176638275459777,0.0180333175625921
2.6649,-2.8553,0.0121518796728516,0.667882168934731,0.667829659275195,0.006422730931579,1.76173585081767,3.99038881096155,54.9569019159389,5.5202,2.8553,0.4460665915809605,0.9999213787072472,4.275491451924056,234.9677624674167,0.445996453807623,8.265880262288086,1.1765394529844602,0.0042892902096526,0.5115231759849797,0.5115546593158216,1.3494488249990682,1.874905050314724,0.3688471749451904,0.3687986713183673
4.6328,-4.6683,0.0146507747558594,1.03251888451437,1.03237073658642,0.0509875584094045,3.64569069969215,4.48753518074193,70.4652657480474,9.3011,4.6683,1.066095246878799,0.999856517851482,4.5219220519401295,318.6384369378914,1.0657893377599876,9.009457232247357,3.7637043930074463,0.05263806323186,0.7092029621819114,0.7092758536706478,1.7348892491504122,2.332250685649796,0.7256604717058337,0.7255123992642618
6.5839,-6.0981,0.0150475452636719,0.761614740924696,0.761577449277869,-0.170856292686233,27.3382969089207,8.64508265868807,50.6114077700425,12.682,6.5839,0.5800570135937919,0.9999510359440038,8.645082657552917,437.539800736869,0.580000211248585,16.65227878052311,20.82023042749688,-0.1301202995770543,0.5662096856315605,0.5662308548694648,2.026027579211781,2.616081100338806,0.4574609309408765,0.4574249807405026
0.42099,-0.43872,0.0090072008544921,0.134050722412682,0.134320332153069,-0.0431047748725877,0.0041098981051597,3.13422393506479,14.9125498945745,0.85971,0.43872,0.0179695961793619,1.0020112509304937,3.266221819444435,48.707695344711965,0.0180419516297107,6.400445752175818,0.0005520428786003,-0.0057898476782692,0.1260336452684331,0.125795933064238,0.3637538294030251,0.6204205615907674,0.0178100514538016,0.0178811271315965
0.45666,-0.36383,0.0170570195263672,0.135538574313484,0.13657480357369,0.0538480924765326,-0.216405203539541,3.34366214009311,8.0069559258327,0.8204899999999999,0.45666,0.0183707051269318,1.0076452712055597,3.3436621376448787,26.7725552296418,0.018652676971192,6.007623499575716,-0.0295554981657372,0.0073542926528003,0.1280191813910069,0.127107053200456,0.3761461437698772,0.5991056956218349,0.0182040022610416,0.0184808492020627
0.42036,-0.42683,0.0128313362792969,0.125458777872453,0.126082761055984,-0.102063126978566,0.284535392195705,3.33400059198695,9.82615982556831,0.84719,0.42683,0.0157399049452495,1.0049736104050688,3.3853160898970542,33.26465672653407,0.0158968626355003,6.71931667923971,0.0358750078661817,-0.012868400851465,0.1187450270662217,0.1181907550808131,0.3554552003538843,0.6136655654445344,0.0156173173132985,0.0157718308494461
0.56618,-0.50694,0.0097852784716796,0.13351756478883,0.133843144095275,0.155478418684934,2.06290754724739,4.23017558222461,13.6780107467192,1.07312,0.56618,0.0178269401071394,1.0024384747184094,4.230175579064046,57.86038648287739,0.0179139872213085,8.01774350454839,0.2761060321014628,0.0208097203957531,0.1256128748347043,0.1253256869096362,0.4486395334919607,0.7290547188983636,0.017669903781956,0.0177554226346289
4.5448,-4.3966,0.0081727074560546,0.948898751940547,0.948702261948859,0.0634870068886431,4.37702422810491,4.79054407508622,116.081759569899,8.941400000000002,4.5448,0.9004088414343276,0.9997929282852724,4.790544074581261,556.0947787288766,0.9000359818268815,9.424874755426178,4.152492785808087,0.0602302670396185,0.6671636443348836,0.667264470453901,1.712860551621638,2.296707855821169,0.642069042726841,0.6418728237966986
0.48649,-0.43183,0.0225011546777344,0.140358908882634,0.142117225625829,0.0360145267626828,0.101542060340371,3.42315998541125,6.31599700820947,0.91832,0.48649,0.0197006233027235,1.0125272891898338,3.4231599830025607,21.620668130392897,0.0201973058195827,6.461707898602051,0.014430875899904,0.0051182846257396,0.1328837553753859,0.131343045210286,0.3964176362218167,0.6514498030037362,0.0195090776487402,0.0199960456676627
5.6582,-5.1541,0.0162143220703125,0.748693879984417,0.748686668614503,0.0669939982375312,17.1647921486033,7.55750067043519,46.1744046632271,10.8123,5.6582,0.5605425259261206,0.9999903679326012,7.557500669425762,348.9630920470941,0.5605317277610825,14.441688962573288,12.851051051198182,0.0501575133576231,0.5588650311106031,0.5588691549797755,1.895849177752436,2.469141361459595,0.445033533831987,0.4450266143137953
0.81798,-0.80588,0.0316948759228516,0.207193362836243,0.209553557100859,-0.0314564332026695,0.603656214749009,3.90344125538419,6.61159102218709,1.62386,0.81798,0.042929089603391,1.0113912633646582,3.9034412535214495,25.807957078306504,0.0439126932936229,7.749140705082451,0.1264983070666948,-0.0065918074713249,0.1902513304520953,0.188298130474482,0.5977259945946646,0.964646515999949,0.0420331867499783,0.042975858850117
2.5146,-2.4848,0.0141607766308594,0.636941305785369,0.636943217034356,-0.0017615343955797,0.877492725442088,3.94791864133214,44.9793986331456,4.9994,2.5146,0.4056942270155709,1.00000300051036,3.9479186407123215,177.57500508571272,0.4056966617260747,7.849051321234861,0.5589130394673284,-0.0011219973848372,0.4928306105756269,0.4928294430029935,1.2569257207786089,1.7916594642277217,0.3405312925075477,0.3405330245402675
0.53739,-0.57202,0.0122808736132812,0.184183323407664,0.184547425533013,-0.0190360234563932,-0.255418151173657,2.91193441711745,15.0272229276452,1.10941,0.57202,0.0339234966214921,1.0019768457774292,3.09958265761727,46.57811922464333,0.0340577522708629,6.01151707315684,-0.0471367622335003,-0.0035130491212634,0.1693607822558893,0.1690533584354493,0.452361416572393,0.7464082875336946,0.0333607855554776,0.0334906277865243
2.316,-1.8396,0.0100173365429687,0.337542390489125,0.337608619780424,0.411259792008242,11.1794089974064,6.86001441997036,33.7024336092007,4.1556,2.316,0.1139348653771129,1.0001962099965678,6.860014417938419,231.199178239221,0.1139795801500429,12.30892742451852,3.774264841575228,0.1388448507510868,0.29088340754137,0.2908338931094308,1.1987592372730485,1.6400835025484874,0.1078986706548732,0.1079388111306673
1.0285,-0.89892,0.0291072406835938,0.209571795931044,0.211532795643153,-0.0252083464333647,0.907489706694774,4.86213022842585,7.26735996526056,1.92742,1.0285,0.0439203376497631,1.0093571732897613,4.8621302261273165,35.33485044654973,0.0447461236326079,9.111684045155386,0.1919638346745305,-0.0053323919945907,0.1918863311871692,0.1902664093153403,0.7072966036643649,1.074121489045465,0.0429831816159004,0.0437739120088851
1.3733,-1.3477,0.0190399093994141,0.276919572724916,0.277505899629368,-0.286185316588312,4.3703012140326,4.94872361933262,14.574959040399,2.721,1.3733,0.07668444975815,1.00211731803018,4.948723617549331,72.12744367520546,0.0770095243291048,9.80519694411398,1.2127843700514358,-0.079418113740555,0.2449096611902394,0.2444505936456235,0.8642813917133233,1.3139924493644854,0.0738863652332899,0.0741882415233614
0.45812,-0.36278,0.0075277904638671,0.110758029500527,0.110986570428415,0.0595896096828883,1.11353348243148,4.12770660658878,14.7435786053215,0.8209,0.45812,0.0122673410988396,1.0020634244642332,4.12770660286968,60.85716600551376,0.0123180188154615,7.396390356884048,0.1235872622722796,0.0066136464118716,0.1052484227612258,0.1050426917076191,0.3771479347263836,0.5993308843556605,0.0121927070245311,0.0122427693411277
0.84635,-0.87306,0.0319013176904297,0.198786544342111,0.201282113750676,0.0337030678328588,0.931016078075716,4.2047948733704,6.30952350319562,1.71941,0.87306,0.039516090211478,1.0125540152406631,4.337494193089069,27.367521484078484,0.04051448931594,8.542289064370461,0.1873968841309445,0.0067838247332802,0.1833894145564134,0.1813098321248651,0.6275734571186495,1.0004149450144406,0.0387553069950558,0.0397152920942783
0.51403,-0.42724,0.0124235869287109,0.166940452670607,0.167361442046434,0.0912540936156256,-0.34690515216645,3.0713764993575,13.4712658273965,0.94127,0.51403,0.0278691147378671,1.002521793063575,3.0713764975223268,41.37532894582515,0.0280098522838618,5.624174767665002,-0.0580585465199146,0.0152724167001513,0.1547460243286331,0.1543853260133517,0.4147749698783865,0.6633423980677395,0.0274878386331531,0.0276247509207655
4.5427,-4.3478,0.0118641501953125,1.00678583497256,1.00660992695042,0.0514577681586773,3.6593195468376,4.51287025726278,84.8446715844955,8.8905,4.5427,1.013617717501395,0.9998252775158212,4.512870256814446,382.8929916535878,1.01326354503513,8.83212032892527,3.6835073817304407,0.0517979002472378,0.6964466946467546,0.6965343550882797,1.7124817466565672,2.2915747004739933,0.6999329637183135,0.6997570596158145
4.3085,-4.1742,0.0107179941943359,0.988320307395043,0.988137117762407,0.0644486634730958,3.35137176568476,4.36022483373199,92.1942202846686,8.482700000000001,4.3085,0.9767770300094322,0.9998146453824264,4.360224833290735,401.987525061186,0.976414963499797,8.584537354846308,3.3116148370940475,0.0636841165679442,0.6871980785733823,0.6872902156759232,1.6693093094714908,2.249469085842808,0.6814677558399655,0.681284579049543
1.3543,-1.2886,0.0161584184130859,0.264228869721289,0.26465808092471,0.0679335580417802,4.3711135352784,5.11716851897401,16.3789595094515,2.6429,1.3543,0.0698168955941899,1.001624391398681,5.1171685170405015,83.81389545661413,0.0700438997987503,9.986092205335847,1.156850519750806,0.0179791651017249,0.2348017938849598,0.2344623471513424,0.8562434433687673,1.292780067745746,0.0674875082172498,0.067699675481495
0.59727,-0.49087,0.0109793366113281,0.17833963291033,0.17863381735219,0.0304782494171541,0.0410211891394554,3.3435438421071,16.2700009732721,1.08814,0.59727,0.0318050246665912,1.0016495735518474,3.3435438402353728,54.39946106978916,0.0319100407018155,6.09145578099305,0.0073277716083071,0.0054444460395983,0.1643559858254106,0.1641063568418046,0.4682959219432868,0.7362737175810834,0.031309719623292,0.0314114933972759
0.94294,-1.1324,0.0289969684375,0.193213755803702,0.195330876493675,-0.176736913377443,2.65762956251628,4.82739860142149,6.73625165039892,2.07534,1.1324,0.0373315554317725,1.010957400936961,5.797342538709869,39.05235812962781,0.0381541513117873,10.624741137659962,0.519117111841807,-0.0345221761988026,0.1784230311532727,0.1766503020899102,0.757248105966469,1.1234154642518592,0.0366516037311804,0.0374442817249766
0.73453,-0.71013,0.0141571789013672,0.171128688276972,0.171671646860476,0.04619153860811,1.91711264217205,4.27869140555854,12.1261197627373,1.44466,0.73453,0.029285027951397,1.003172808070076,4.278691403066175,51.88392404511268,0.0294711543357879,8.4152510072476,0.3291138844987142,0.0079297775038735,0.1584314871065172,0.1579679746295198,0.5507364833288275,0.8939060539524903,0.0288644135895347,0.0290452279924245
0.5255,-0.50068,0.0127232879638672,0.155177973947139,0.155660938398293,-0.0127986209589623,0.0925909181023616,3.37592722623445,12.2343327322587,1.02618,0.5255,0.0240802035983389,1.0031123254064864,3.375927224065674,41.30221664102417,0.0242303277430371,6.5924053259594935,0.0144127891989731,-0.0019922453486761,0.1446724213437726,0.1442544221006355,0.4223222251745873,0.7061522468948146,0.0237948473766681,0.0239414307610427
0.63085,-0.5472,0.0108648282373047,0.180793914318968,0.181076016556267,-0.0157484313855096,-0.187783360431033,3.48389594600989,16.6662567139845,1.17805,0.63085,0.0326864394547743,1.001560351952142,3.4838959440859028,58.06350366659346,0.0327885237718854,6.505831206991199,-0.0340030628824011,-0.0028516632222977,0.1664259014065217,0.1661870209881271,0.4891013512918309,0.7784299810884032,0.0321636004525958,0.0322624487262488
0.41994,-0.37655,0.0197418406445313,0.128774022522805,0.130247426475106,-0.0793225444002995,-0.0784889459819702,3.22417118990266,6.5975320549042,0.7964899999999999,0.41994,0.0165827488767038,1.011441778569089,3.224171187427226,21.27157266813267,0.0169643921033881,6.115207194060845,-0.0102229832208952,-0.0103315572695963,0.1224365702380772,0.1211321079348211,0.3506146171993374,0.5858347611768736,0.0164467564559369,0.0168221037724304
4.2439,-4.2739,0.0147222294628906,1.03829067998434,1.03814155575441,0.0309161570880217,3.61262848970671,4.08797815334151,70.515240804471,8.517800000000001,4.2739,1.0780475361423434,0.9998563751627648,4.116875946154087,290.3024967612889,1.0777378897841867,8.204854099101825,3.7504197606668286,0.0320953474173065,0.7120383905603641,0.7121115546515953,1.6627701268108714,2.2531637296603275,0.7314287683260421,0.7312797489099779
0.17315,-0.19234,0.0127493903662109,0.0620080946208751,0.0632903887644913,-0.216099483554619,-0.220142082904264,2.73580243983498,4.96418941977231,0.36549,0.19234,0.0038450037985114,1.0206794620829482,3.03900803030002,15.08621141612609,0.0040056733099604,5.774810465812385,-0.0139328780104357,-0.0136770203259776,0.0613682405712193,0.060161544844254,0.1759177628707468,0.3115133385800175,0.0038376306651797,0.0039976719607041
0.62397,-0.7483,0.0299671549560547,0.179633671203889,0.182072870637157,-0.133501016719796,1.17156838607382,3.42703444953903,6.07574762783312,1.37227,0.7483,0.0322682558301869,1.0135787423124116,4.109892907001266,24.97067201074898,0.0331505302220549,7.536927354658061,0.2133108192002014,-0.0243069133471523,0.1672695673688485,0.1652039421462787,0.5586438872214661,0.8638473026508191,0.0317585711013377,0.0326129009365157
1.4328,-1.1614,0.0222872351318359,0.275883530878842,0.276715159564746,0.21248483602182,4.40684592179512,5.17788762369831,12.4158585812861,2.5942,1.4328,0.0761117226101769,1.003014419102704,5.177887621827107,64.287920197178,0.0765712795329428,9.374983297420352,1.2194410724267868,0.0587977753048668,0.2442904977963449,0.2436389040159035,0.8890428573810178,1.2793214351157849,0.0733542877715812,0.0737812497806551
0.55179,-0.45019,0.0187313682080078,0.162584697066782,0.163620722264278,0.0421437632740212,-0.168396774597092,3.37237235213249,8.73511856941281,1.00198,0.55179,0.0264337837202972,1.0063722177766412,3.372372350071398,29.45807219882093,0.026771740754284,6.123796457573605,-0.027553201886551,0.0068955929858301,0.151536456232723,0.150645713517237,0.4394091033275502,0.6941366908331384,0.0260904485479702,0.0264196479710287
4.9479,-5.0714,0.0121146713916016,0.984021141272644,0.98385546203128,0.0749486012610888,4.45804823611803,5.02909237276023,81.2118983857319,10.0193,5.0714,0.9682976064715167,0.9998316303030514,5.1546189406867375,418.6163862153181,0.9679715701687835,10.183711312935802,4.386075107103637,0.0737385907223267,0.6850421544101098,0.6851256646892966,1.803589220981632,2.399648280836089,0.677169009997614,0.677003352473269
0.20361,-0.21237,0.0128651432568359,0.0658199671638669,0.0670497175474978,-0.0362666645488853,-0.121271028000189,3.03670183033602,5.21173501211273,0.41598,0.21237,0.0043322680774525,1.0186835444432984,3.167351145555873,16.507394757257572,0.0044956646231992,6.204052971362867,-0.0081311881741073,-0.0024316696143926,0.064897566873715,0.0637444251429134,0.1925771215865566,0.3478218708779939,0.0043229108198031,0.004485589308535
2.8762,-2.4204,0.0124623008837891,0.632415607768875,0.632383998888913,0.0922179616897151,1.07126284186383,4.54818592034813,50.7437595020288,5.2966,2.8762,0.3999495009496755,0.9999500186592982,4.5481859196289145,230.7920506607365,0.3999095220507326,8.37560723938061,0.67744947979895,0.0583171633827266,0.4900415223015898,0.4900608857442333,1.35485529228451,1.840009805176766,0.336436165220416,0.3364076074261719
0.47543,-0.51173,0.012748387265625,0.165899097156463,0.16634780758821,-0.056920316608294,-0.0741486186767339,2.85804788709277,13.0485373657226,0.98716,0.51173,0.0275225104373295,1.0027047183448703,3.076265368998122,40.140763323511706,0.0276715930894041,5.934313254372787,-0.0123344601525688,-0.0094685698750164,0.1538773346903457,0.1534925465820451,0.4132546903829939,0.6867064837299585,0.0271505751164805,0.0272956540188384
0.45353,-0.49129,0.0214640222363281,0.138461383829647,0.140081754528684,-0.114174680280226,0.308106789277399,3.23760936266067,6.52635153776507,0.94482,0.49129,0.0191715548120208,1.011702689609547,3.507166235190778,22.88899966193597,0.0196228979518344,6.744775595540212,0.0431601396241775,-0.0159937895364055,0.1310999743338879,0.1296776874832133,0.3996415172052088,0.6651694278007115,0.0189900961174243,0.0194328510470102
0.213,-0.26077,0.0146019254589844,0.0708810688337075,0.0723525325032554,-0.234186221337613,0.211537848658432,2.94391906724781,4.95499944212753,0.47377,0.26077,0.0050241259190087,1.0207596131334322,3.604158563874059,17.858603575714792,0.0052348889596346,6.548077627053008,0.0153052990707279,-0.0169439661911442,0.0698548635347405,0.0684817384588455,0.2317226454221423,0.387823743600092,0.0050115471124632,0.0052212345605365
0.45624,-0.45249,0.0182289084326172,0.137787360490621,0.138954595533615,-0.0055783107220414,0.0766577160415038,3.28337467536027,7.62276008172721,0.90873,0.45624,0.0189853567109723,1.0084712773217417,3.2833746729973523,25.0283772713898,0.0193083796199105,6.539762113345792,0.0106519419270778,-0.000775131910142,0.1301108202232555,0.1290854645458848,0.3758577713555063,0.6464380994342512,0.0188073838831367,0.0191243381139081
1.505,-1.3906,0.0202163649365234,0.26287415105184,0.263586378804919,-0.103228531734871,4.16097393783238,5.70970323589389,13.0382677416313,2.8956,1.505,0.0691028192912255,1.0027093864115515,5.709703233727735,74.44463914660368,0.0694777790914902,10.985393145237229,1.096776052574881,-0.0272096348693433,0.2339540102144718,0.2333901955310207,0.918288734536828,1.3598477111049072,0.0668198101035488,0.0671704724114276
0.22447,-0.20069,0.0153701364941406,0.0675546012281888,0.0692649760762613,-0.124528747767806,-0.156794680829779,3.24074319686268,4.50646460444033,0.42516,0.22447,0.0045636241470996,1.0253184048820492,3.2407431921839174,14.604294413725146,0.004797636910845,6.138167129633867,-0.0108603798165596,-0.0086254807349438,0.0669714741771453,0.0653706135041046,0.2025080973141254,0.354284088119362,0.0045532423880694,0.0047861649285192
0.59998,-0.33504,0.0129592265283203,0.133795186297658,0.134388811408624,0.454549627005667,0.893319465582756,4.46450856817011,10.3701259573586,0.93502,0.59998,0.017901151876425,1.0044368188942288,4.4645085648480345,46.2975158323754,0.0180603526318227,6.957573249615336,0.1200521411878537,0.0610863840995249,0.126094013743405,0.1255705772628372,0.4699911291676099,0.6601176623456425,0.0177428130959363,0.0178992018639652
1.0099,-0.88182,0.0314593406005859,0.187509861646626,0.190085429168825,-0.122327228147811,1.45829970721731,5.31287434505595,6.04225726095749,1.89172,1.0099,0.0351599482147368,1.0137356371457371,5.312874342260956,32.10175348592704,0.0361324703822963,9.951946381564406,0.2772015257031742,-0.0232526236615094,0.1740250937642154,0.1718585614367038,0.6980849695895691,1.061851480798763,0.034555954115269,0.035495002827361
0.3705,-0.41202,0.0122552595751953,0.10079318345561,0.101511066585632,-0.0191852891381449,0.796743783496659,3.64984836099085,8.28306132259249,0.78252,0.41202,0.0101592658311162,1.0071223370936184,4.0588678008475485,33.619850653505964,0.0103044966393526,7.708716158242861,0.0808783112582177,-0.0019475191631668,0.0966829340419587,0.096030995822764,0.3450213032766865,0.5780280934397215,0.010108007363273,0.010251767237797
4.8298,-4.9032,0.0095802065917968,0.983116020777761,0.982922661497572,0.0852075483607129,4.46261870919328,4.9137131426407,102.599317883104,9.733,4.9032,0.9665171103098988,0.9998033198767158,4.988388396733768,511.8052415506276,0.9661369584854704,9.902101538874565,4.386409058889118,0.083752430214395,0.6845718480194556,0.6846693555305176,1.7754945767620198,2.3733231074993872,0.6762640137468142,0.6760706828212041
2.1393,-2.3104,0.0134446353808594,0.364114585087279,0.364273871206098,-0.414509852572411,10.6215663886507,5.87277916177972,27.0943659598758,4.4497,2.3104,0.1325794310732813,1.0004374612424192,6.342480704740361,171.8454920766893,0.1326954532434768,12.215259864907887,3.869159106666365,-0.1509951086496211,0.3106223246083055,0.3105055625551363,1.1970690280091416,1.6955605612885134,0.1244977137285626,0.124600149129317
0.18004,-0.22614,0.0079801182568359,0.0653231658883315,0.0657929687453938,-0.225609342672332,0.0640242175161552,2.73646262561461,8.24461074734502,0.40618,0.22614,0.0042671160016744,1.0071919777609406,3.437145396666991,28.33792556551305,0.0043287147363323,6.173608018122394,0.0042123433419886,-0.0148435084311095,0.0637190936973965,0.0632781952807989,0.2038710234904746,0.3408768079538607,0.0042580376785313,0.0043193728000471
4.5544,-4.6921,0.015964004296875,1.15634938652227,1.15617725753748,0.0679911074340387,2.78438744530941,3.93918836433465,72.4240131759304,9.2465,4.6921,1.3371439037104302,0.9998511443973755,4.058287748703677,293.91748356812604,1.3367458508468884,7.997476112697631,3.219245440439624,0.078609772130023,0.7683368655936816,0.7684166930354986,1.7390792485904984,2.326936183857877,0.8489296299170488,0.8487592994705011
1.0769,-0.89225,0.0305338941113281,0.201593839790997,0.203844428778548,-0.0597545971288535,2.25685429600462,5.28295036785095,6.67600496796515,1.96915,1.0769,0.0406400762416781,1.0111639764824556,5.282950365259307,35.2690027857786,0.0415525511440525,9.66006287654412,0.4600471748054738,-0.0121806417186234,0.1855201265600923,0.1836488753426519,0.7308763973699524,1.0882757165667265,0.0398359817614169,0.0407124376174072
0.41744,-0.39261,0.0122233246386719,0.123791599441677,0.124363528254266,-0.0371087526628757,0.100456053130849,3.3566111050382,10.1742800694999,0.8100499999999999,0.41744,0.0153243600923286,1.0046200930814893,3.3566111023391585,34.15110118765903,0.0154662871598496,6.513565598528736,0.0124930692018503,-0.0046149754102701,0.1172171228950841,0.1167083245315891,0.3488524276815851,0.5933544692055824,0.0152081280366497,0.0153479032202159
0.83133,-0.77042,0.0095338375537109,0.141446128485201,0.141732608370259,-0.0115760396039965,5.57849879512896,5.8654815540278,14.8662705412986,1.60175,0.83133,0.0200070072634519,1.002025363210174,5.865481549889384,87.19783472255976,0.0200881322754372,11.30121019635442,0.7906551850239746,-0.0016407022876718,0.1325469405345143,0.132295992256189,0.6050424788358605,0.9561842955358316,0.0198094971387116,0.0198890277551576
1.2277,-1.4192,0.0181710905371094,0.290247173179933,0.290744691416845,-0.350952028826621,4.02439237773447,4.22260504230438,16.0003985904467,2.6469,1.4192,0.084243421538942,1.0017141188018812,4.881258511018335,78.10208139635155,0.0845324755870764,9.103863551870372,1.1700707200047116,-0.1020374393233116,0.2552193319795803,0.2548338071355088,0.8834369070030768,1.2938774916535205,0.0808824364232027,0.0811489960527421
0.47648,-0.51027,0.010773316953125,0.145867532118849,0.14622931292988,0.0188742096409267,-0.128833306093834,3.25844381303003,13.5732860702166,0.98675,0.51027,0.0212773369264434,1.0024802003950284,3.489519231316727,47.36424236693069,0.0213830119599447,6.747963042118449,-0.0188392058325862,0.0027599627078872,0.1364776968181573,0.1361620200920043,0.4122884427896172,0.6865001378381518,0.0210541349380448,0.0211576029802509
4.0248,-4.2217,0.0136641872998047,0.829559706357019,0.829469707859523,-0.223294920109184,6.95687726112809,4.85225676340387,60.7039181811698,8.246500000000001,4.2217,0.6881693064111436,0.999891510403898,5.089637342375394,308.9609265795301,0.6880199962565624,9.941894105194278,5.770518949402476,-0.1852163721494804,0.6040261477338817,0.6040753402859638,1.6528230193735058,2.2242451015427944,0.5236446911506577,0.5235562422271565
1.4013,-1.3401,0.022340328515625,0.264984798303579,0.265860391922741,0.0597417530066462,4.25035738052679,5.27081145809496,11.9004692225898,2.7414,1.4013,0.0702169433319884,1.00330431603789,5.270811456112411,62.72512925436199,0.0706817479933134,10.311426907718948,1.1300016789985672,0.0158829658684985,0.2357520426987133,0.235060104955956,0.8760102573721317,1.3194598729326672,0.067861378700213,0.0682955932387255
0.46354,-0.46104,0.0222117836865234,0.155743368177551,0.157281646473519,-0.0174918082276276,-0.0598690980605334,2.9471970213514,7.08100027864701,0.92458,0.46354,0.0242559967312882,1.009877006083666,2.947197019477572,20.869102835461803,0.024737516317421,5.878498986643165,-0.0094163103158452,-0.0027511403978403,0.1460738468275538,0.144743745758163,0.3808581585152802,0.6547077621164502,0.0239664921812198,0.0244364981543286
0.7458,-0.76395,0.0332694162841797,0.195787083363297,0.198546515937037,-0.0029163207887786,0.594876585489969,3.75629860075967,5.9678388776376,1.50975,0.76395,0.0383325820119066,1.0140940475997096,3.847712945300396,22.962530847498552,0.039420718990736,7.604011544168169,0.1181106734615543,-0.0005790253319667,0.1811095859347524,0.1788046157365652,0.56755561251168,0.9201831465894988,0.0376161399870064,0.0386635570001674
0.43309,-0.34943,0.0187215906542969,0.138782601579191,0.140006085091843,0.074831437656567,-0.292060214220888,3.09336554704674,7.47832209757824,0.78252,0.43309,0.0192606105010884,1.0088158270406271,3.093365544837279,23.1331838028026,0.0196017038627443,5.589185633808372,-0.0408902072041515,0.0104768566280902,0.1310336001920203,0.1299597984504461,0.3598329521774232,0.5780280934397215,0.0190774727695785,0.0194120646274348
0.41431,-0.31146,0.0138342312402344,0.103168165703008,0.104066609745091,0.057632214829722,0.382030541880837,3.9812001276379,7.52239918055093,0.72577,0.41431,0.0106436704145233,1.00870853848268,3.9812001238122754,29.948176361273728,0.010829859263837,6.974090931571131,0.0397566233126187,0.0059975892094299,0.0990002809488575,0.0981861907562813,0.3466417796549704,0.5456733276984256,0.0105874253055144,0.0107716363249581
0.90873,-0.79566,0.0316933226611328,0.209692122116214,0.212023071076038,0.112019107329204,0.616999755537602,4.28599583709503,6.6898341124723,1.70439,0.90873,0.0439707860776012,1.011116053551218,4.285995835073543,28.67260106644368,0.0449537826685146,8.038700649632998,0.130818183022247,0.0237506351551341,0.1922909230072345,0.190365882700093,0.6464380994342512,0.994876378549691,0.0430315063846343,0.0439726573272575
2.2268,-2.3256,0.01505777828125,0.62434115860352,0.624370311644298,0.0061421490740858,0.481874900505496,3.5664732266588,41.4649691330471,4.5524,2.3256,0.3898018823263857,1.000046693927465,3.7247126525010312,154.44509416447818,0.3898382860627978,7.29118587858862,0.3008683818021816,0.0038349755315526,0.485120240157385,0.4851022927089607,1.2016501089562903,1.7142302667188172,0.3291612062836929,0.3291873994124497
4.5627,-4.541,0.0151607578466797,0.95175788725515,0.951646267444707,0.064126404880357,4.25813950079242,4.79453359518914,62.7703626077719,9.1037,4.5627,0.9058430759523868,0.9998827223688652,4.794533594685329,300.95461032007705,0.9056306183414428,9.56626459901743,4.052242562187975,0.0610256538490397,0.6686732561209892,0.668730447129683,1.716083601902171,2.312901693395996,0.6449244702331266,0.6448129870493481
0.82069,-0.57474,0.0321003308007813,0.178778005076675,0.181594053038291,0.0378924243522095,0.80549157030186,4.51936606000499,5.65707731067593,1.3954300000000002,0.82069,0.0319615750991956,1.015751646064252,4.51936605751628,25.566403117047773,0.0329764000988736,7.684337542360627,0.1462724789392922,0.0068810389175645,0.1668644192486801,0.1644783129668061,0.5992155501196632,0.8735627554571864,0.0314614329351776,0.0324443438928626
0.38761,-0.2881,0.0097527399658203,0.0952792156571339,0.0957539147655849,0.189525719455225,0.315338375978803,4.04798071127335,9.81815521598714,0.67571,0.38761,0.0090781289362386,1.004982188451897,4.047980707045866,39.7437025270906,0.0091688121929348,7.056734974737397,0.0301948839757922,0.0181478295866017,0.0914426329917455,0.0910093222313675,0.3275828427752958,0.5162369560620432,0.0090371704215739,0.0091270338123308
4.8023,-5.0163,0.0170714712890625,1.10208397204942,1.1019471201039,0.0590714923636757,4.04567454349184,4.35801311368482,64.549042167789,9.8186,5.0163,1.2145890814482267,0.9998758243028858,4.55221480961065,293.84110400781776,1.214287455505279,8.91022792289997,4.458119412078493,0.0650936608903919,0.7428641151944075,0.7429292203007061,1.7944724524254967,2.3812668750282406,0.7950668700106305,0.7949306612268012
0.95442,-0.71534,0.0343908052246094,0.19259308629497,0.195593233515848,0.0987094443093763,0.8815934941094,4.87961665566855,5.68736998853069,1.66976,0.95442,0.0370920968886217,1.0155776470331097,4.879616653173772,27.75218524228729,0.038256712997185,8.536900633686887,0.1724337221593922,0.0193068993910234,0.1786424919233805,0.176130000519991,0.6700934742287226,0.9819885807315728,0.0364207361897825,0.037543069192567
1.3867,-1.2506,0.0223006881005859,0.296157743134307,0.296924068826344,0.0683969425596826,3.72637971749854,4.67021755926096,13.314569823455,2.6373,1.3867,0.0877094088184061,1.0025875588585598,4.670217557688089,62.18193750467161,0.0881639026483914,8.882068771104635,1.1064518277116286,0.0203086984801026,0.2599953599246009,0.2594043059047766,0.8699116586873611,1.2912416481681308,0.0840740252764542,0.0844917829043455
0.67717,-0.56076,0.0129939001855469,0.159145884804629,0.159636735094314,0.135271487240785,1.42192735145843,4.24194343238055,12.2855134189716,1.23793,0.67717,0.0253274126502482,1.003084278239297,4.241943429723309,52.11445255996119,0.0254838871915721,7.754668738953845,0.2269918399281289,0.021594298574471,0.148106796672175,0.1476834277088194,0.5171078492000492,0.8055513314738486,0.0250119885602884,0.0251645862582235
0.61792,-0.61604,0.0230201275390625,0.159177926675504,0.160795418876288,0.0044436840671604,0.410246414295919,3.84289555211403,6.98499252897,1.2339600000000002,0.61792,0.0253376123407121,1.01016153516728,3.842895549724104,26.84259660452365,0.0258551667316009,7.674099224070359,0.0659657440292074,0.0007145240409329,0.149105476057214,0.1477110699827058,0.4811413736561915,0.8037757953837564,0.0250219362507593,0.0255265737545108
1.5736,-1.5942,0.0122941906005859,0.543333449976758,0.54333989258468,0.0275592745097222,-0.195595084555806,2.89616135585839,44.1948486270242,3.1678,1.5942,0.2952112378636462,1.0000118573739958,2.934075008045052,129.67099981001806,0.2952182388739315,5.830236363370415,-0.106274612232643,0.0149740532518241,0.4339488294758697,0.433944655008923,0.9532781839244358,1.4273883186548524,0.2586737998906255,0.2586792051798628
0.2082,-0.21133,0.0113247422753906,0.0663064305745206,0.0672506191328761,-0.222115759992523,-0.139974125417089,3.09588227862455,5.93837965558085,0.4195299999999999,0.21133,0.0043965427355337,1.0142397720515264,3.142424596392257,18.660910155381,0.0045226457737551,6.238306870413304,-0.009413346596882,-0.0149374223786664,0.0650858267755844,0.0642007427604907,0.1917189295134209,0.3503258309097485,0.0043869061762267,0.0045124493430284
0.81089,-1.1317,0.0307509712792969,0.212281104429784,0.214445531508735,-0.0207435930137543,1.16133380651271,3.78133316322784,6.97361815212356,1.94259,1.1317,0.0450632672979288,1.0101960416295426,5.277330758585517,36.80208947031564,0.0459868859840638,9.058663920050048,0.2490428453966804,-0.0044483708292354,0.1942876199642348,0.1925037951025165,0.7569197834570117,1.0792901459207391,0.0440774264529602,0.0449608282640083
1.4409,-1.2617,0.0195379366015625,0.279426522792443,0.280040689911506,-0.184505868511996,4.01066027457595,5.14532370440643,14.333176303229,2.7026000000000003,1.4409,0.0780791816398756,1.0021979553433422,5.145323702569073,73.74883141497574,0.0784227880061122,9.650740397364965,1.123148070292919,-0.0516691507108209,0.2468918664196305,0.2464119484681111,0.8923668237547817,1.3090352755729393,0.075180922145413,0.0754995922639484
0.44331,-0.43371,0.0160200972509766,0.130076850530862,0.131028122353696,0.0230195366251347,0.25112393348204,3.38331948925691,8.17898420346413,0.8770199999999999,0.44331,0.0169199870440282,1.0073131515578708,3.3833194866747878,27.672116485170758,0.0171683688475351,6.6933722591494025,0.0329042974822261,0.0030162066614435,0.1231270618590675,0.1222856397310671,0.3669390869338578,0.6296854128486167,0.0167784384984135,0.0170226577861569
1.3746,-1.4568,0.0229198449902344,0.280345394627792,0.281212524314432,-0.305241972762789,4.89052427987789,4.8881179931482,12.2693903224149,2.8314000000000004,1.4568,0.0785935402890124,1.0030930759090295,5.18042360678455,63.56063901237744,0.079080483831295,10.06854159819452,1.3752766779654813,-0.085837865687341,0.2478069141612464,0.2471298810843441,0.8988596901444756,1.3432302716488638,0.075657914925689,0.0761092746260942
3.187,-2.6369,0.0114291072460938,0.65483742756393,0.654777290491971,0.0449487063928247,1.72423749570426,4.86730380891101,57.2903269164581,5.8239,3.187,0.4288120565385453,0.9999081647300252,4.867303808167655,278.84942397441404,0.4287333001440069,8.894474630808789,1.1289915556018968,0.0294313921830128,0.5036664320954164,0.5037027729248414,1.4319844870370062,1.9204311559202227,0.3568433693313613,0.3567882476204326
0.35903,-0.32523,0.0110065459423828,0.101319997320381,0.101891478256612,-0.125576177848014,0.639128354957559,3.52365090921332,9.25735274172247,0.6842600000000001,0.35903,0.010265741857002,1.0056403558111031,3.52365090575508,32.619679108912706,0.0103818733413176,6.71557632724834,0.0651217328823423,-0.0127951423947493,0.0970282288004223,0.0965094579467094,0.3067712099805438,0.5213262982018493,0.010213406995112,0.0103283518113877
3.5398,-4.3962,0.0148664643359375,0.680527176242524,0.680523414661686,-0.388341564113176,9.15198250528659,5.20158443300554,45.7757405717929,7.936,4.3962,0.4631172376046233,0.9999944724017368,6.460027538566789,295.71254274639983,0.463112117902801,11.66161197080798,6.228138385421642,-0.2642755272653586,0.5191053012378091,0.5191075395741485,1.6856950021508543,2.1900880617668994,0.3805692538954394,0.3805657547152998
0.20757,-0.19693,0.0137075052685547,0.0642815527192931,0.0657114608340034,-0.226661683422741,-0.0794341886204477,3.15880970177108,4.79383079171575,0.4044999999999999,0.20757,0.0041321180200032,1.0222444535328823,3.1588096969639854,15.14279910304977,0.0043179960849387,6.155699390190933,-0.0052197365744133,-0.0148942703328027,0.0636426144648891,0.0622999731318726,0.1886100758788291,0.3396813675621613,0.004123604265505,0.0043087002897087
2.4456,-2.383,0.0172437334228516,0.391128743335734,0.391413262566615,-0.159328975283545,8.96359809612158,6.24812757739342,22.6988699586315,4.8286,2.4456,0.1529816938633904,1.0007274308924006,6.248127575797124,141.82543454171696,0.1532043421130419,12.33632188930896,3.508471175138846,-0.0623634740371279,0.3303199662764187,0.3301154631772605,1.237098054757764,1.7627768343035723,0.1423513641993816,0.1425444520482107
0.44998,-0.45895,0.0131170082958984,0.132720231341476,0.133334597182654,0.0284538859379268,0.115372768941542,3.37481801053912,10.1650158462084,0.90893,0.45895,0.0176146598073349,1.0046290285550692,3.442092370272652,34.98892324743122,0.0177781148058606,6.816910378280687,0.0153831816726679,0.0037938874198146,0.1251642581145495,0.1246220242299166,0.377716998905439,0.6465428756585263,0.0174613197571595,0.0176219324908941
0.92166,-0.90456,0.0312000145214844,0.223005840122349,0.225123882839414,-0.0568350540206837,1.03659600734708,4.09401254267386,7.21550570703719,1.82622,0.92166,0.0497316047286746,1.0094977002169685,4.094012540855293,29.54037077166441,0.0506807626246942,8.112066903587825,0.2333625181098083,-0.0127949280425241,0.2030419677320142,0.2013116319367646,0.6531893958361404,1.0389401297814809,0.0485345169503468,0.0494382994412329
0.42328,-0.5449,0.0176950647558594,0.134280399781817,0.135408776572358,-0.159350639413244,0.142275775531597,3.12594213399316,7.65234704933872,0.96818,0.5449,0.0180312257655646,1.008403137699427,4.024111386209979,30.793896741190316,0.0183355367728227,7.150053517894618,0.0192653887006169,-0.0215774751289703,0.126992741663276,0.125998440861863,0.434959183335867,0.6771092578621728,0.0178705912979483,0.018169467723474
4.6837,-4.6491,0.015691223828125,1.03585947585451,1.03572541731463,0.0450549100932932,3.54428443119533,4.5221445005604,66.0066689927778,9.3328,4.6837,1.0730048537175805,0.9998705822141014,4.522144500123804,298.4916932837164,1.0727271400715643,9.01088246274429,3.670905471581529,0.0466645155584492,0.710852225798951,0.7109180765884818,1.7376024291093723,2.335323301581819,0.728999174848673,0.7288651991614614
0.71889,-0.86784,0.0145435352197266,0.157917680369594,0.158547568367442,-0.173069877834003,4.38757869964306,4.53422280393439,10.901583828971,1.58673,0.86784,0.0249379937733132,1.0039887104216254,5.47368848597771,59.67187351089778,0.0251373314352286,10.007911287052236,0.6956399338491903,-0.0274398082882314,0.147167124355881,0.1466232888602129,0.6247826830332891,0.9503945297633588,0.0246321168808485,0.0248265855036279
0.19693,-0.1694,0.0115367063769531,0.0652656869780368,0.0662617959543676,-0.0430393797053499,-0.235950153945631,2.97199913107727,5.74356265898721,0.36633,0.19693,0.004259609896715,1.015262367117039,2.9719991265920345,17.069863083836573,0.0043906256030982,5.528525059891637,-0.015634480956147,-0.0028518665960384,0.0641588827912721,0.0632242393894674,0.1797599453336778,0.3121283132316955,0.0042505634389679,0.0043810149274884
0.28309,-0.33295,0.0119284636767578,0.0933115744723915,0.0940483210215925,-0.235579419111282,0.336195198708183,3.0100484189931,7.88436160516147,0.61604,0.33295,0.0087070499305166,1.0078955526426083,3.5402014201778056,27.912227947469784,0.0088450866869805,6.550249835970371,0.0316185939740252,-0.0221558488346581,0.0898848721483043,0.0892112321327043,0.287394531115733,0.4799787122678137,0.0086693621793568,0.008806198055044
4.5898,-5.1374,0.0119768384716797,0.615804388481448,0.615770514020165,-1.03271693220536,23.9920494275908,7.45375086253269,51.4134439966114,9.7272,5.1374,0.3792150448730101,0.9999449913610376,8.343043199040638,428.9445807633944,0.3791733259366582,15.796794060362847,14.773596608424793,-0.6359166361814225,0.4798119413638325,0.4798329060403795,1.81440119970888,2.372782571983296,0.3215145292734002,0.3214842804971244
0.40722,-0.43934,0.0142403432519531,0.129405156177802,0.130154927731219,-0.140508678350695,-0.0400075575610308,3.12873286550429,9.13987292499902,0.84656,0.43934,0.0167456944454013,1.0057939843742194,3.3755156821240213,30.85178419800836,0.0169403052127188,6.504248545224454,-0.0052071807630585,-0.0182878968763438,0.1223547275132486,0.1216910836594963,0.3641846751877487,0.6133244486899576,0.0166070311715947,0.0167984184043773
0.61083,-0.60352,0.0085138301708984,0.198110231014905,0.198244760431895,-0.0145241754184687,0.353729481609025,3.08119114305593,23.2850264161395,1.21435,0.61083,0.039247663632779,1.0006790629450732,3.081191141501696,71.7456163165376,0.0393009850386994,6.125508672924684,0.0701250163392795,-0.0028793416763051,0.180857786364459,0.1807455079936737,0.4767495741078012,0.7949589067065244,0.0384970510198931,0.0385483574023213
0.47356,-0.40033,0.0192911290087891,0.147724538094053,0.14894304709129,0.0738064521268952,0.077715063462418,3.17947033613288,7.72080509250814,0.8738900000000001,0.47356,0.0218225391551013,1.0082485206055365,3.1794703339981965,24.54807063544272,0.0221840312768382,5.867276227252479,0.0115751183569855,0.0109929578747771,0.1388424302676111,0.1377813197094883,0.3876812417422373,0.6280164841211853,0.0215878359557793,0.0219415453134057
0.19881,-0.20069,0.0101548124560547,0.0651574784421743,0.0659283263580953,-0.249196307632359,-0.0873705062887695,3.01554750412056,6.49232338296768,0.3994999999999999,0.20069,0.0042454969969424,1.0118305347777088,3.044063315145131,19.76304327550987,0.0043465442163795,6.059610814691712,-0.005760191252678,-0.0164290954968184,0.0638460874213831,0.0631226553119828,0.1828963915447971,0.3361150299733711,0.0042365103009157,0.0043371252764299
1.3247,-1.5577,0.0200660285058594,0.258705131724669,0.259419179754757,-0.159728303591519,5.14996489922691,5.10640732598226,12.9282772462426,2.8824,1.5577,0.0669283451806783,1.0027600841353694,6.00456759161802,77.62871421129852,0.0672983108246309,11.11097491563188,1.3359996699232346,-0.0414365855013306,0.2306506462361637,0.2300835193108001,0.9391084171546008,1.3564535191088694,0.0647838146575416,0.0651305122743269
0.43288,-0.45228,0.0190696225048828,0.13827048731448,0.139545844970108,-0.041621558457165,-0.0903171367149165,3.1020629821886,7.31770358508023,0.88516,0.45228,0.0191187276621837,1.0092236425825634,3.241085392207657,23.717302086733124,0.0194730428484214,6.343148372173277,-0.0126033811581637,-0.0058081155438778,0.1306298014262022,0.1295099940292464,0.373134735277415,0.6340126979344214,0.0189382613514902,0.0192858691412701
0.19047,-0.22259,0.0117221690380859,0.0661737966922171,0.0671881123860966,-0.179173722075413,-0.0549701165235494,2.8348764868622,5.73171331754378,0.41306,0.22259,0.0043789713686628,1.0153280549560184,3.312937240885598,18.988806370042404,0.0045142424460067,6.147813723528483,-0.003693338366861,-0.012038344175438,0.0650272570486821,0.064076348751319,0.2009715592889998,0.3457575656458799,0.004369411571431,0.0045040838144532
1.2938,-1.3502,0.0217616601464844,0.29743161556652,0.298154221358214,-0.328757271242787,3.44727583015953,4.33936502426903,13.7008950305835,2.644,1.3502,0.0884655659385101,1.0024294851442566,4.528528871388893,62.04489844556438,0.0888959397137228,8.867893894202513,1.027819840948205,-0.0980203682232443,0.2609434258297139,0.2603866299032738,0.8545004309177036,1.293081979397712,0.084768966776386,0.085164283566639
0.23219,-0.21425,0.0162446354833984,0.0662175191498031,0.0681652919624515,-0.151087512277575,0.0642840636570585,3.40627896272931,4.19617245533854,0.44644,0.23219,0.0043847598423545,1.0294147641698943,3.406278957732225,14.29333387061586,0.0046465070283262,6.549374124165445,0.0043819419677162,-0.0102989243862813,0.065942496317814,0.064117356663204,0.2087930739997469,0.3691053651406428,0.004375174791467,0.0046357453378482
2.0471,-1.8435,0.0077231780566406,0.553406258187126,0.553325034498992,0.0124080091261045,0.0938539111279963,3.69963379996632,71.6447336110846,3.8906,2.0471,0.3062584866006759,0.9998532293646526,3.6996337992977,265.0592746251551,0.3061685938033106,7.03131027284824,0.0519317186127638,0.0068656620777655,0.4403978168579576,0.4404501056982212,1.114190318631428,1.5873149953463297,0.2671669336290569,0.2670981142556282
0.54803,-0.49087,0.0093047342529296,0.105879221464038,0.106261534830654,0.332283859593381,3.03216571196268,5.15736951168059,11.4201579477884,1.0389,0.54803,0.0112104095378308,1.0036108431944295,5.157369506827123,58.89797378551195,0.0112915137845662,9.776820941632204,0.3222025824140371,0.0353089929198462,0.1009863442512047,0.100640694120819,0.4369831548247098,0.7124104467407916,0.0111480385997874,0.0112282404980835
0.53593,-0.51507,0.0114058798828125,0.195956609788927,0.196240509344043,0.0361644165081504,-0.588904740529789,2.73098557372996,17.2052056799017,1.0510000000000002,0.53593,0.0383989929199698,1.0014487873375484,2.7309855723383034,46.98716809291278,0.0385103375076094,5.3556730105192045,-0.1155669662366872,0.0070969235156895,0.1791837300808638,0.1789463754296286,0.4291360607703368,0.7183274790902436,0.0376800971289764,0.0377873185527671
0.47794,-0.36821,0.0180295617333984,0.135319776110609,0.13648284056697,0.0622598398659861,-0.194494640311897,3.50183215717496,7.56994776607053,0.84615,0.47794,0.0183114418066253,1.0085949326028356,3.501832154609202,26.508686368331603,0.0186275657692289,6.199680457008362,-0.0265451809848188,0.0084973997981544,0.1279382657072298,0.1269143523184206,0.3906492263028064,0.6131023895509053,0.0181458063168071,0.0184561975106189
0.57161,-0.46563,0.0104646790527344,0.110872140683997,0.111337948723762,0.0015271227203562,1.83954258393946,5.13400872346057,10.63940405269,1.03724,0.57161,0.012292631579852,1.0042013073480065,5.134008718849378,54.62279269695903,0.012396138826015,9.31614073151157,0.2048108978858282,0.0001700267111339,0.1055646486726504,0.1051454191418265,0.4521005716241487,0.7115959506284054,0.0122176907062743,0.012319935799709
0.18692,-0.1961,0.0090984368701171,0.0657019490013273,0.0663130444925402,-0.123665149312754,-0.211549078017756,2.81875159601558,7.28839969317566,0.38302,0.1961,0.004316746102573,1.0093010237834872,2.957185893136628,21.5531525518142,0.0043974198698696,5.775937484901536,-0.0140284634229473,-0.0082006125485532,0.0642069453841626,0.0636336890892372,0.1790662640732819,0.3242695138940371,0.0043074556807816,0.0043877794707031
0.52029,-0.39053,0.0158406637890625,0.141031227339867,0.141883832392566,0.136601298870407,-0.0631829721763948,3.66701400171131,8.95693730274943,0.91082,0.52029,0.0198898070849892,1.0060455047309471,3.66701399912679,32.84521429428501,0.0201310218944017,6.419477004525673,-0.0089646422343397,0.0193815157935356,0.1326793831109721,0.131932438901458,0.4189011061338722,0.6475324692990729,0.0196945891906553,0.0199310718844691
0.93919,-0.67445,0.0283664576025391,0.197337794001289,0.199318454011928,0.197562191932983,1.21895083108417,4.7120072481788,7.02655427775683,1.61364,0.93919,0.0389422049412951,1.0100369010389485,4.712007245814752,33.10917456979242,0.039727846109705,8.095788255982834,0.2429593951682515,0.0393777906672899,0.1817534404563642,0.1801005872670939,0.6622703601138855,0.9607438857483688,0.0382030849118848,0.0389589924744362
0.19026,-0.17983,0.0093495863720703,0.0654453585188248,0.0660940115443862,-0.13616855394132,-0.369160579930198,2.8786269066484,7.0691909688996,0.37009,0.19026,0.0042830949516575,1.009911366355854,2.878626902293047,20.34956311365826,0.0043684183620294,5.599448282716461,-0.0243993036316388,-0.0089999259761799,0.0640015127972612,0.0633928887627305,0.1741717706535012,0.3148764311129716,0.0042739486076146,0.0043589045194368
0.43392,-0.4358,0.0151196503466797,0.151715641103722,0.152430313593329,-0.076132353277746,-0.442434386179444,2.84667786722306,10.081603085934,0.86972,0.4358,0.0230176357555133,1.0047106045489889,2.85901137011878,28.823417679983628,0.0232350005021606,5.7056892354743125,-0.0674404122298046,-0.0116048784847249,0.141873028631777,0.1412526924841746,0.3617221851602456,0.6257886870351265,0.0227567260735964,0.0229691775994865
0.59038,-0.47126,0.0139835085498047,0.136753804881885,0.137433656790731,0.0511041319308854,0.977281006493571,4.29574540753847,9.82826708341736,1.06164,0.59038,0.0187016031496726,1.004971355706966,4.295745404412776,42.21973288572647,0.0188880100188724,7.72474533544629,0.1343113024345376,0.0070234277283775,0.128774546441619,0.1281766608754062,0.4639729813883846,0.7235017825736925,0.0185288783337336,0.0187118463548848
0.44977,-0.3463,0.0194359795898437,0.141155753733635,0.142453413917645,0.123069775297159,-0.478701424522086,3.15731289009347,7.32936630536923,0.79607,0.44977,0.0199249468121106,1.009193107958882,3.15731288787708,23.14110259309583,0.0202929751367918,5.58828305723438,-0.068192652170411,0.0175317096411577,0.1331780673904522,0.1320415679035287,0.3714049231612358,0.5856009446215964,0.0197290430321698,0.0200898165796559
0.38594,-0.38239,0.0225226386572266,0.136086842725623,0.137905240029632,-0.0057884310950338,-0.445883031175941,2.79858836340862,6.12296108499631,0.76833,0.38594,0.0185196287630284,1.0133620353463488,2.7985883613792586,17.135647565992574,0.0190178552276304,5.57143440871256,-0.061489606439458,-0.0007982549795556,0.1291890633703389,0.1275897634383962,0.3263786097873805,0.5700355983819225,0.0183502287258485,0.0188392763909311
1.4367,-1.5166,0.0177150775830078,0.283401560012837,0.283885630453011,0.0370480916417745,4.56422575669013,5.06084086646931,16.0250853614839,2.9533,1.5166,0.0803164442177096,1.0017080722490774,5.342292235946052,85.6106886539207,0.0805910511777035,10.403133100632648,1.295718106467849,0.010517420852806,0.2498911284446366,0.249514021864813,0.9229087841757304,1.3745506731627186,0.0772540021241538,0.0775081610477147
2.2944,-2.2072,0.0093738902441406,0.606591085105689,0.606515416062912,0.0186872693745756,0.552565264081994,3.78292115787212,64.7026368206123,4.5016,2.2944,0.3679527445296973,0.9998752551024528,3.782921157248403,244.76497118767517,0.3678609499219673,7.422070206358704,0.3351393510466035,0.0113341169598004,0.4740674955830794,0.474114595822529,1.192224057291388,1.7050389590234891,0.3133152751312757,0.313248169240293
0.52342,-0.494,0.0100129654345703,0.176720608607823,0.176960967095447,-0.0146498473831681,-0.288132365039671,2.95782741579212,17.6731826602017,1.01742,0.52342,0.0312301735067193,1.0013601038915694,2.95782741412066,52.274223674581165,0.0313151838753558,5.749403476509575,-0.0509881819689185,-0.0025924511607261,0.1629356646827341,0.1627314242358183,0.4209578073986643,0.7018194673398288,0.0307524327914837,0.0308348652755796
1.3264,-1.3339,0.0191539058496094,0.272207673637564,0.272814423211276,-0.09300193103555,4.24379526810318,4.8619130337284,14.243278908925,2.6603000000000003,1.3339,0.0740970175871745,1.0022289947428042,4.889404247069613,69.64114805143448,0.0744277095121012,9.751317279015886,1.1577685582943116,-0.0253722681729984,0.2412305298528445,0.2407537170299156,0.8475406880450386,1.2975451112672614,0.0714803249558499,0.0717881565794444
0.46688,-0.52967,0.0148140888037109,0.144635408967653,0.145356954435615,-0.0308186497140033,-0.141414525472475,3.21195502349907,9.81207527250702,0.99655,0.52967,0.0209194015272402,1.0049887186866149,3.6439260969121463,35.7544769335979,0.0211286442027974,6.8558811182015225,-0.0205555847356366,-0.0044797050622455,0.1357163390208726,0.1350861661841668,0.4250520258662046,0.6914206910342443,0.0207035953488577,0.0209085294851794
0.36153,-0.34985,0.0194689624414063,0.134654375462044,0.136022012598121,-0.0086141258539732,-0.475866700917732,2.65787862636722,6.98660819791979,0.71138,0.36153,0.0181318008310731,1.010156647568031,2.6578786244132244,18.56955650467268,0.0185019879112433,5.2298887943879615,-0.064728346387258,-0.0011717107354309,0.1275326973983007,0.1263280895478402,0.3086090674096699,0.5373000625948615,0.0179693801122786,0.0183329084857086
1.4057,-1.2847,0.0246781950146484,0.275263709158521,0.276300788571204,-0.0807622958686786,4.15255816871202,5.08757143716129,11.1961506263808,2.6904,1.4057,0.0757701095797068,1.0037675846026946,5.087571435319981,56.9612159021147,0.0763421257650691,9.737214334199956,1.147355096602926,-0.0223146860353367,0.2439658848635638,0.243152987936432,0.8778409214989557,1.3057348532614736,0.0730367861056163,0.0735683719489921
0.29498,-0.29394,0.012251939296875,0.0873892813575014,0.0882228290423198,0.032853953955542,-0.16416084380815,3.34357901692883,7.20072364909791,0.58892,0.29498,0.0076368864961805,1.009538327480399,3.343579013138907,24.076188303317767,0.0077832675642303,6.675369694276781,-0.0144827340587293,0.002898468763184,0.084545933568917,0.0837796685517115,0.258495251016797,0.4630545401575287,0.007607873099555,0.0077531341936374
0.51403,-0.40117,0.0224977887939453,0.153979540592059,0.155577223333405,0.0639774335727196,0.0241808587491708,3.30401834527168,6.91522285849153,0.9152,0.51403,0.0237096989209415,1.0103759410774005,3.3040183431479675,22.84802308454134,0.0242042724201321,5.882609162206525,0.0037619908620132,0.009953431471241,0.144599979596911,0.1432164388057459,0.4147749698783865,0.6498220558215717,0.0234329892768851,0.0239159915081573
0.53844,-0.4406,0.0171573519482422,0.141424114389686,0.142426784176501,0.0020850651478845,0.0315840295733478,3.78046870266159,8.30121015213499,0.97904,0.53844,0.0200007801309069,1.0070898070702654,3.780468700007273,31.382464991453272,0.0202853888508596,6.873987957906396,0.0044984117634674,0.0002969691238116,0.1331547578609921,0.132276705925234,0.4307689159944534,0.6826118786445625,0.0198033921301097,0.0200823811524592
0.38761,-0.34776,0.0177197979638672,0.126351146266352,0.127557078133355,-0.0546685577856968,-0.350091812478088,3.03871808348239,7.19856278234429,0.7353700000000001,0.38761,0.015964612162821,1.009544288292458,3.038718081100132,21.874402778346745,0.0162708081819188,5.765026999557814,-0.0446566886781153,-0.0069733614969079,0.1200534147349649,0.118983333913553,0.3275828427752958,0.5512206471470407,0.015838518001288,0.0161398571260267
0.19193,-0.2324,0.0106202956640625,0.06492811189281,0.0657753142627434,-0.200773473739688,0.119146952908293,2.91796401357087,6.19335999140939,0.42433,0.2324,0.0042156597139652,1.013048312109048,3.533240429963441,21.882629746189085,0.0043263919663626,6.451204439098051,0.0078369282709912,-0.0132059383308506,0.0637025289147512,0.0629072963129909,0.2089634877403758,0.3537015277148871,0.0042067987151281,0.0043170600386756
4.2276,-3.968,0.0133917509619141,0.629442231856822,0.629431017997069,0.168071183548582,10.8601760909166,6.71654220895051,47.0013980835785,8.195599999999999,4.2276,0.3961975232448972,0.9999821842908154,6.716542207883425,315.68687175071665,0.3961834064168266,13.020648433846482,6.835731692533065,0.1057892161569562,0.4882308851665514,0.4882377672137458,1.6539522817407435,2.218725108782222,0.3337524866268616,0.3337423756653371
2.7227,-2.5082,0.0089068230761718,0.485836738110932,0.485799768412937,-0.0445103574985702,5.39566730827688,5.60457245357446,54.542429355376,5.2309,2.7227,0.2360373360982703,0.9999239048942016,5.604572452420784,305.6869936841197,0.2360014149900632,10.767604966161484,2.621213928794164,-0.0216231213647824,0.3959531918686412,0.3959780735780398,1.3144492114665467,1.8295207846449848,0.2119105657785185,0.2118815038488107
1.0399,-0.94899,0.0296421577294922,0.192087465209609,0.194314784311566,-0.203036176123045,2.19263060544827,5.35162573287586,6.55535221439817,1.98889,1.0399,0.0368975942906527,1.0115953375633695,5.351625730121763,35.08179148028693,0.0377582354020504,10.235402344823418,0.426060543172619,-0.0394529307707946,0.1775726186757984,0.1757059428049072,0.7129007870467816,1.0949020810187169,0.0362331724816633,0.0370628437441917
1.7094,-1.9397,0.0142158788134766,0.551819514578493,0.551867904400228,-0.0124146670906512,0.584337646114406,3.09748036870849,38.8205267955057,3.6491,1.9397,0.3045047766696436,1.000087691211434,3.514790376796044,136.4460130679062,0.3045581839070992,6.612270744943262,0.3224771922233193,-0.0068512563111441,0.4394593049945148,0.4394281228455374,1.0783075353277454,1.536673652479262,0.2658234872741388,0.2658644270584752
4.9575,-4.9062,0.0117586229785156,1.15190814738683,1.15168691429597,0.0590458932574113,3.06496873486327,4.30455529055873,97.9440293646833,9.8637,4.9575,1.326892380016159,0.9998079419862228,4.3045552901849895,421.605486194888,1.326382748560573,8.564567224568368,3.5298843846683026,0.0680023826074772,0.7662521457934877,0.7663549589475526,1.78465092999076,2.385426956296624,0.8445336348691264,0.8443145928208736
0.46521,-0.55095,0.0135270935205078,0.152473143842053,0.153034931504522,-0.0690308756211352,0.295991706973231,3.03989419556969,11.3132160484078,1.0161600000000002,0.55095,0.0232480595930793,1.0036845017289242,3.600158435877787,40.729369919102965,0.0234196902605937,6.640052629461063,0.0452970706025549,-0.0105641353223776,0.1423975370157918,0.141910193093994,0.4388676464084901,0.7011947121392461,0.0229819400710394,0.0231496572473412
0.41514,-0.37905,0.0188789698876953,0.148006586369699,0.149169932789333,0.0221114951306472,-0.394226286971363,2.78300051650681,7.90138093745026,0.79419,0.41514,0.0219059496088111,1.0078600983063153,2.783000514641153,21.989547113564708,0.0222516688483741,5.32406219280931,-0.0588067087313065,0.0032983702425103,0.1390398841793783,0.138027035136752,0.3472284661302975,0.5845536666128557,0.0216694617237957,0.0220077127859816
3.2154,-2.6165,0.017284094296875,0.638974668380289,0.639052429043419,0.132251806047944,1.40893953227185,5.03151205420352,36.9734403242038,5.831899999999999,3.2154,0.4082886268317003,1.000121695846433,5.031512053416177,186.0323096002849,0.408388007066294,9.125855303949058,0.9003862304736244,0.0845158379003177,0.4941182876841303,0.4940708441085689,1.4387444861208096,1.9216028193768049,0.3423752273756532,0.3424457929730234
4.296,-4.0673,0.0152893814453125,0.608546719175026,0.608590215040637,0.127082955244574,13.2123372874085,7.05893702170868,39.8047636666964,8.3633,4.296,0.3703291094186879,1.0000714748173531,7.058937020548798,280.97931804946626,0.3703820498432088,13.742087519542777,8.040899190933366,0.0773414430602949,0.4753581525653377,0.4753311124570034,1.6669518186347072,2.236797792455946,0.3150509368434804,0.3150895694621338
4.1712,-4.0799,0.0109724182958984,1.01649926399118,1.01631029755811,0.0685801845890931,3.58029294717557,4.10425832545644,92.6240934451084,8.251100000000001,4.1712,1.0332707536946109,0.999814100669085,4.104258325052616,380.1532031953171,1.032886620922654,8.11868188191447,3.638688590489206,0.0696987478063313,0.7012692558045871,0.7013629703380032,1.6431047699045844,2.2247424633729587,0.7096457051660354,0.7094567637465529
2.9939,-2.6601,0.0154445825976563,0.472100435095538,0.47223778798375,0.0576896263482758,7.86489990887755,6.33981455144167,30.5762739133794,5.654,2.9939,0.2228788208173963,1.000290939761907,6.339814550099156,193.84790502978896,0.2230085283997852,11.97278181177081,3.714102935681931,0.0272432215363188,0.3867835480102127,0.3866902483429156,1.384768197123844,1.895218177596285,0.2012077682451562,0.2013138300247815
0.51006,-0.4383,0.0199912500878906,0.132101319406756,0.133573529529114,0.127269326264701,0.216141448881777,3.81857095337759,6.68159964693875,0.94836,0.51006,0.0174507585890057,1.0111445519836968,3.818570950518823,25.51416220627168,0.017841887790865,7.099909709904777,0.0288707762046755,0.0169998131099684,0.1253750583181655,0.1240754805519639,0.4121493851367525,0.6669879930741476,0.0173002426564414,0.0176845895535521
2.6308,-2.4733,0.0166530545507813,0.59979020024115,0.599874945458838,0.0244729691364636,2.04767241700504,4.38558072797611,36.0219167978823,5.1041,2.6308,0.3597482843053188,1.0001412912675796,4.385580727245027,157.97702314491428,0.3598499501892439,8.508606731766513,1.2283473794684656,0.0146807210259519,0.4699254671029286,0.4698724957988397,1.2894530096703352,1.8089606765478297,0.3072995975479869,0.3073743629178734
0.41014,-0.3002,0.0115633317480469,0.106474522273217,0.107074735469594,0.15401896258288,0.307517501453463,3.83040871594279,9.25985155512634,0.71034,0.41014,0.0113368238933097,1.0056371522782992,3.8304087123654535,35.46901579835526,0.0114649989758835,6.634057942999162,0.0329273551204,0.0164915396758631,0.1017211631636702,0.1011788547339051,0.3436889902412155,0.5366921811597791,0.01127304369589,0.0113997739383648
0.21425,-0.19839,0.0107690949023437,0.0640996895846941,0.064982592856997,-0.212497403318773,-0.119311677251837,3.29703679986248,6.0341740365622,0.41264,0.21425,0.0041087702048541,1.013773907122576,3.297036794788759,19.89489367057978,0.0042227373744182,6.350008228712409,-0.0077531821459415,-0.0138086322430329,0.0629584542925977,0.0621290797492146,0.1941266022437171,0.3454602941711353,0.0041003522589483,0.004213846638991
0.58079,-0.60415,0.0126473301269531,0.170700397214017,0.171126715400687,-0.0519635523633323,0.700338887139142,3.39391776812932,13.5306593314895,1.18494,0.60415,0.0291386256090231,1.0024974639390307,3.5304247979771137,47.7689748870855,0.0292843527238277,6.924342564123151,0.1198466934234938,-0.0088923520364886,0.1579662900341662,0.1576021997995942,0.4725940212814309,0.7815883682162886,0.0287221665429974,0.0288637575732005
3.6984,-4.2209,0.0136238543408203,0.61669076693468,0.616690695897961,-0.572592314025378,11.0507019318072,5.99717171768705,45.2655086050215,7.9193,4.2209,0.3803075020224837,0.9999998846476666,6.844435999102467,309.81687439005384,0.3803074144071114,12.841607715817045,6.814865064487124,-0.3531123526021342,0.48038127961286,0.4803813235524444,1.652669800826101,2.1882174681762447,0.322306301899266,0.3223062384240078
0.29352,-0.29123,0.0084762287011718,0.089402107545681,0.0897812930574741,0.0027502528524057,0.0337345049319078,3.26927793089482,10.5921272564368,0.58475,0.29352,0.0079927368336095,1.0042413475675085,3.269277927253436,34.628607472160525,0.008060680583072,6.513049427505609,0.0030287274734404,0.0002469212573239,0.08597702753731,0.085629020558627,0.2573671844494221,0.4604266661821387,0.0079609641010041,0.0080283668284332
0.46646,-0.40722,0.0177769492138672,0.142245342894276,0.143317402096839,-0.0543345829505384,-0.0948329256971174,3.25473385070722,8.06197961037332,0.87368,0.46646,0.0202337375751101,1.0075366903407594,3.2547338484362243,26.23959779398877,0.020539877743787,6.096119428679331,-0.0135912085441534,-0.0077870912724863,0.133934038386571,0.1329959243194466,0.382851333236578,0.6279044114980081,0.0200317555297031,0.0203317791762999
0.31918,-0.51111,0.0107823650195313,0.103191166148276,0.103727897617777,-0.387846290905741,1.491239336262,3.07708926267968,9.62014339431878,0.83029,0.51111,0.0106484167710411,1.005201330588799,4.927411152114822,47.40240145217949,0.010759476744204,8.004500411828014,0.1546831211953864,-0.0402304803545052,0.0986934479271775,0.0982070399850871,0.4128444801113989,0.6044744242436493,0.0105921216643908,0.0107020054475015
0.75811,-0.82883,0.0316452552001953,0.199385775024929,0.201833342118139,0.0355795146145951,0.744226771869025,3.7561187465065,6.37799698063085,1.5869399999999998,0.82883,0.0397546872822916,1.012275534659764,4.106506838222055,26.191288145331686,0.0407366979905777,7.862625582867545,0.1502097766601191,0.0071811323456048,0.1838481760160715,0.1818095716060106,0.6036764181233368,0.9504757100474184,0.0389848077166005,0.0399288258347871
0.23615,-0.19526,0.0152958339990234,0.0682419266855813,0.0699188757701637,-0.145640596413997,-0.123685073306271,3.37748565603756,4.571105817089,0.4314099999999999,0.23615,0.0046569605577602,1.024573587874379,3.377485651206982,15.438844228513016,0.0048886491889635,6.170150687220851,-0.0086479212751247,-0.0101830267677628,0.0675828285623277,0.0660142379993565,0.2120017108953652,0.3586599724653455,0.0046461504653988,0.0048767385457153
2.3507,-2.2132,0.0080572381152343,0.645986340615064,0.645878868199156,0.0660529785229165,0.486652804285204,3.63953694065613,80.1613231434662,4.5639,2.3507,0.4172983522612414,0.9998336303585164,3.639536940092628,291.7500931715524,0.4171595123862227,7.066185664222891,0.3143187624376729,0.0426622230095644,0.4982745079303305,0.4983398036876771,1.2091692792327535,1.7162993012181618,0.348752490600081,0.3486545248642967
4.7918,-4.5961,0.0090096463867187,1.01978608075964,1.0195768874822,0.0708588932039405,4.38406451228575,4.69979268736969,113.165028206343,9.3879,4.7918,1.039963650511107,0.9997948654317153,4.699792686908742,531.8521661270161,1.0395370294878907,9.207643007936596,4.4698908499574745,0.0722460897833072,0.7028880278304845,0.7029916051912078,1.7564431241004874,2.340641667262061,0.7129319893204675,0.7127228357704445
4.8582,-5.0113,0.0070094159472656,1.10845068217966,1.10820219891164,0.0431082648896016,3.12298859126401,4.38385702967493,158.101931351919,9.8695,5.0113,1.2286629148245536,0.99977582821501,4.522008713273961,714.9383010236535,1.228112113672594,8.905865742553301,3.460902824014741,0.0477726739419219,0.7458355458664128,0.7459534039283945,1.793641031312719,2.385960701915097,0.8014018158814254,0.8011546411188486
0.45061,-0.43621,0.0127699605224609,0.136326683968077,0.136890328232684,0.003907324857088,-0.174828326986431,3.29175921935156,10.7197142850919,0.8868199999999999,0.45061,0.0185849647617319,1.0041345109246955,3.2917592169469008,35.28671805044008,0.0187389619636519,6.478324734854642,-0.0239323070655435,0.0005348749821985,0.1282967529768698,0.1278008528730675,0.3719841576225725,0.6348928723293905,0.0184143746699827,0.0185655506319328
1.1399,-1.0929,0.0080742772558593,0.280726198569032,0.28077377448544,0.0683350980876099,0.969567729468969,4.0598521072313,34.7738584628967,2.2328,1.1399,0.0788071985630196,1.0001694740876823,4.059852105785351,141.17672080868056,0.0788339124388007,7.952309660318916,0.2722291910222804,0.019186703419891,0.2474644066049127,0.2474272596855967,0.7607590989699651,1.173348634782127,0.0758559850114714,0.0758807471238044
2.2327,-2.3679,0.0173280661767578,0.407925209184962,0.40819356525153,-0.169308301077287,8.144950705214,5.46970895688717,23.5567870694678,4.6006,2.3679,0.166402976288595,1.0006578558041028,5.8009243677342175,136.65113938166738,0.166621986712755,11.270633323281404,3.3247164671592664,-0.0691105590434172,0.3423077236076736,0.3421171378484249,1.2142894047278865,1.7228737348588603,0.153924633956754,0.1541123819905527
0.43267,-0.39115,0.0146661567431641,0.126211019200708,0.127029679922354,-0.034608036737319,0.155915099846859,3.40605439818842,8.66141567602997,0.82382,0.43267,0.0159292213676814,1.006486443308848,3.406054395507105,29.501252756727997,0.0161365395811757,6.485256042958059,0.0198058452286083,-0.0043962478294827,0.1195855700457009,0.1188589181988856,0.3595398362130668,0.6009332025720062,0.0158036827214529,0.0160077294784011
0.7506,-0.72431,0.0307924886279297,0.190436826890274,0.192864341685484,-0.0498187408134121,0.919027689657141,3.89185472773422,6.26335675611976,1.47491,0.7506,0.0362661850360361,1.01274708644108,3.8918547257163034,24.37607452362834,0.0371966542937751,7.647396021191355,0.1772476703564557,-0.0096082586505784,0.1763574247351553,0.1743203211859351,0.5599585863162007,0.9062040317231168,0.035624046198023,0.03652154896735
0.21341,-0.16355,0.0091788948925781,0.0606578335187281,0.0613337452786046,-0.0674708802342725,-0.228385453908344,3.47948749959095,6.68204026698224,0.3769599999999999,0.21341,0.0036793727671857,1.0111430234077434,3.479487493917908,23.250075327428817,0.0037618283099007,6.146045666591512,-0.0140077352553528,-0.0041382417820121,0.0595263674533403,0.0588893132920615,0.1934345777975238,0.3198781706680977,0.0036726204330402,0.0037547703288549
1.1582,-0.98759,0.0128297579736328,0.183189376129183,0.18359347565854,0.38530208941516,7.38488674364147,6.30850304372526,14.3099718666442,2.14579,1.1582,0.0335583475265992,1.0022059108321404,6.308503040289138,90.2745003727144,0.0337065643043829,11.687724692472829,1.355817024609815,0.0707389497742267,0.1685551292429357,0.1682136534434313,0.7692745409474961,1.1460650509777224,0.0330075547885685,0.0331509488714355
0.20486,-0.18838,0.0136165487744141,0.0653105980181967,0.066699339299124,0.0210091696231777,-0.434040208436044,3.07139474172708,4.89840270131109,0.39324,0.20486,0.0042654742134944,1.021263642057205,3.0713947371222474,15.044928189178538,0.0044488018629396,5.895710565390767,-0.0289501951319382,0.0014012977330891,0.0645691512613928,0.063266397973962,0.1863633776202863,0.3316319699789836,0.0042564028649485,0.0044389351963384
0.54219,-0.50965,0.0115684153369141,0.189401540399249,0.189708343657625,-0.0207477026448879,-0.387099091218084,2.85801873310599,16.3988185185812,1.05184,0.54219,0.0358729435056083,1.0016198556652036,2.8580187315994503,46.868130121771486,0.0359892556533195,5.544511006557785,-0.0734359274263546,-0.0039360123034626,0.1737081877207913,0.1734502733956627,0.4332034841524115,0.7187369515589417,0.0352444949123664,0.0353567727925079
4.0907,-5.0581,0.0116519341259766,0.652541000648611,0.652485716453394,-0.75580358152784,15.9899362522421,6.26940927111037,55.9980608711782,9.1488,5.0581,0.4258097575274905,0.9999152784343764,7.752047089579602,434.0996011394888,0.4257376101756989,14.021456359729122,10.433205011588283,-0.4931510413912339,0.5022806491077969,0.5023141037209993,1.8013962195668571,2.317355471897496,0.3547399032236961,0.3546893009769131
0.41973,-0.39866,0.0164239559570312,0.13748519446741,0.138429387947711,0.067737062403702,0.0196893901278523,3.03208737842968,8.42850457647798,0.81839,0.41973,0.0189021786977415,1.0068676004225172,3.032087376239329,25.555962189774057,0.0191626954475778,5.911967188050662,0.0027255902244622,0.0093768000899203,0.1296495825935676,0.1288198559054351,0.3504667126890367,0.5979514942009958,0.0187257522799871,0.0189814033679973
0.54282,-0.51987,0.0132536884667969,0.136234268481936,0.136844341410971,-0.019992294513244,0.441891531460222,3.96669671835243,10.3250006029487,1.06269,0.54282,0.0185597759088082,1.0044781157882317,3.9666967154537502,40.956145699686274,0.0187263737762023,7.765684633111429,0.0604703555977594,-0.002735832375959,0.1282563025036169,0.1277195212932986,0.4336119107110014,0.7240109561959219,0.0183896451037206,0.0185531939186882
0.42641,-0.40242,0.0134780352294922,0.147981692192392,0.148558224246111,-0.0195910153391148,-0.342915716557779,2.87032240836146,11.022246322746,0.82883,0.42641,0.0218985812241238,1.0038959681078647,2.870322406429346,31.63740037592449,0.0220695459911578,5.579159307053856,-0.0509429499179063,-0.0029104064499572,0.1385074377663415,0.138005350202608,0.3551607981984165,0.6036764181233368,0.0216622512645016,0.0218295383813175
3.3913,-3.1525,0.0149053722314453,0.464681847380919,0.464807438857853,-0.20806752982933,13.5358881391549,7.29613968385115,31.1838866980635,6.5438,3.3913,0.2159292192853437,1.0002702739037792,7.296139682281442,227.5219917080168,0.2160459552175967,14.078518223959335,6.291581498626979,-0.0967113356494508,0.3817237927772383,0.3816380498611602,1.4796253108126098,2.0207260338450537,0.1955085740252812,0.1956045749496052
0.20507,-0.23135,0.0113367288964844,0.0675696072212527,0.0684977658024625,-0.267081957667712,-0.0110840917612913,2.99382027424649,6.04211024431433,0.43642,0.23135,0.0045656518200343,1.0137363308446796,3.377482417885442,20.407120966880598,0.004691943919929,6.371302687761247,-0.0007592355215979,-0.0182945173863861,0.0662537048085361,0.0653846698227063,0.2081111284802478,0.3621539069709912,0.0045552608474678,0.004680971060363
0.20194,-0.19067,0.0100059005810547,0.0639987566938449,0.0647607827508422,-0.17415556522127,-0.183610047869247,3.11824520060134,6.4722592660436,0.39261,0.20194,0.0040958408583579,1.0119068868705057,3.118245195786324,20.182091191686094,0.0041939589825017,6.062465318003707,-0.011890730420932,-0.0112784507241447,0.062750156795822,0.0620342223979474,0.1839369180618062,0.3311796843133954,0.0040874757358838,0.0041851888490307
0.6344,-0.59622,0.0317001387304688,0.167749208957377,0.170677929932522,-0.126068722482644,0.954625555701015,3.71694219780384,5.38413826462136,1.23062,0.6344,0.0281397971058257,1.0174589250918211,3.7169421956260975,20.01253065145072,0.0291309557660508,7.210188216868521,0.1629335137077327,-0.0215171485825752,0.1575830082992415,0.1550781429923381,0.4912757645212752,0.802279573735539,0.0277511471898069,0.028714713833166
0.44226,-0.44957,0.0181357869873047,0.145507416984708,0.146598011845907,0.0212794089955118,0.147943279567529,3.01682126811427,8.08335540930912,0.89183,0.44957,0.0211724083975616,1.0074951145656317,3.0666855166213725,24.78910883965467,0.0214909770771726,6.083506782677755,0.0216881906505629,0.0031195190519979,0.1367993075345169,0.1358476977788911,0.3712669607281874,0.6375446145842963,0.0209513872163794,0.0212633022234816
0.44998,-0.39971,0.0230522902392578,0.13924333693288,0.141105094959208,0.0334782824253868,-0.270924210589813,3.18897060471192,6.12108790470232,0.8496900000000001,0.44998,0.0193887068802035,1.013370535107819,3.188970602451934,19.519969312276487,0.0199106478234471,6.021681921857381,-0.038228786462024,0.0047239562207053,0.1319971744027031,0.1303643025012404,0.371549763233909,0.6150180574816525,0.0192031406597757,0.0197150232859693
0.523,-0.53176,0.0128937220068359,0.215024470481745,0.215358294556364,-0.0571033614893601,-0.628545413585018,2.42851105910443,16.7025700137002,1.05476,0.53176,0.0462355229059548,1.0015524929498294,2.469187457341737,41.24177608249176,0.0463791950342256,4.897698515318509,-0.1353624683208939,-0.0122976825437841,0.1950389259592064,0.1947642169038917,0.4264174010828126,0.720159052806743,0.0451985055988892,0.0453358191017187
4.2134,-4.7593,0.00967248390625,0.717786110444528,0.717676031744045,-0.257410613432362,11.8192564842162,5.87089412720235,74.1976971685948,8.9727,4.7593,0.5152169003470841,0.9998466412224116,6.631543745122899,492.0452695424172,0.5150588865398795,12.502437871507205,8.482397091757356,-0.1847374275769379,0.540972232871951,0.5410363166522196,1.7508159395449234,2.29985135974799,0.4155585972596244,0.4154543072091731
0.92584,-0.63461,0.0338806769140625,0.191751247937498,0.194675339898357,0.137223237768412,0.736970386353732,4.75581550536085,5.74591057882776,1.56045,0.92584,0.0367685410855878,1.0152494019767069,4.755815502917903,27.32649054255088,0.0378984879645408,8.015653138261731,0.1434699604584362,0.0267139804545186,0.1778744663777832,0.1754238622493007,0.655362236197187,0.9401830242937574,0.0361087038383944,0.0371979841661362
0.89642,-0.88119,0.0293365454052734,0.218784706932976,0.220689846727308,0.0952162754981828,0.998712883493818,4.06189959933973,7.52269374865241,1.77761,0.89642,0.0478667479877482,1.0087078284408828,4.061899597499189,30.556426619448555,0.0487040084485226,8.054788317429926,0.2204057931828385,0.021013265245639,0.1994161470767433,0.1978542204079115,0.6399678982884637,1.021590845707828,0.0467564289480955,0.0475551241533134
2.4003,-2.4297,0.0159770857910156,0.637737337410776,0.637781773385264,0.0479442224406018,1.24781470984252,3.76351300737165,39.9185296822971,4.83,2.4297,0.4067089115277859,1.000069677392046,3.8096102789556094,152.0740400704921,0.4067655904624522,7.573123285737167,0.7958334784995811,0.0305779512117445,0.4933427490737846,0.4933156169014555,1.2324727937958373,1.763017000362401,0.3412528708206535,0.341293161880433
0.46751,-0.45624,0.0222270970898437,0.147312796361431,0.14894464608094,0.0003976697195402,-0.207069378769107,3.13881708608676,6.70103907311394,0.92375,0.46751,0.0217010599718244,1.0110774464860304,3.138817083979389,21.033335842595804,0.0221845075961764,6.201968474098866,-0.0308418753349647,5.923077563402176e-05,0.1388438219715266,0.1374225092179482,0.3835670870069482,0.654276406170952,0.0214689440736676,0.0219420112952766
0.69552,-0.64233,0.0315728066943359,0.164250866093837,0.167218468220861,0.0069063425821362,0.813292581487512,4.159349187922,5.29628138035824,1.33785,0.69552,0.0269783470125755,1.0180674969684596,4.159349185434632,22.029083588627124,0.0279620161141311,8.000611496051475,0.1359975396917315,0.0011548680275933,0.1546235407716361,0.1520778467871692,0.5279894784443888,0.8492317035922159,0.0266208469973554,0.027578217045011
1.4342,-1.3431,0.0215097842333984,0.259397210180471,0.260224381120143,-0.228350393765691,4.76477486063753,5.51139748637866,12.0979540425185,2.7773,1.4342,0.0672869126494114,1.003188819335326,5.5113974842607245,66.6766331902783,0.0677167285293614,10.672712475970792,1.239910589286217,-0.0594223398962179,0.2312897853630621,0.2306332018727125,0.8896181604583194,1.3290094686936276,0.0651198327520533,0.0655224698974582
0.46876,-0.39637,0.0084505645605468,0.141024282402469,0.141242873820703,0.0694017619500646,-0.0715177290381468,3.31882230458617,16.7140163013633,0.86513,0.46876,0.0198878482271313,1.0015500260973151,3.3188223022364487,55.47084944376587,0.019949549405131,6.125123172484467,-0.0101013695784781,0.0098025043060474,0.1321179087197722,0.1319263523383851,0.3844185073977925,0.6233307557603255,0.0196926685324377,0.0197531647054073
2.6738,-2.7026,0.0060740168115234,0.67587918556986,0.675741455072558,0.0468180500747181,1.01674836082785,3.95683878786584,111.251166409445,5.3764,2.7026,0.4568126734865773,0.9997962200934394,3.999458638082018,444.9444312334276,0.4566265141035779,7.956297425362305,0.6870590167884496,0.0316368972811498,0.5162557270769188,0.5163379144794604,1.309035275572939,1.8526036747773549,0.3762509489311588,0.3761231553708568
0.19839,-0.20569,0.0152128592626953,0.0664180933946959,0.0681222447606486,-0.0666681330742577,-0.139977637571499,2.91226457227085,4.47793827473949,0.40408,0.20569,0.0044113631301865,1.025657937111501,3.019424865119479,13.52079810218908,0.0046406402312297,5.931689433115266,-0.009535590887663,-0.00454158287902,0.0659021953741735,0.0643054565376545,0.1870520171696012,0.3393822840372976,0.0044016615887376,0.0046299056577362
0.50798,-0.51507,0.0114831721679687,0.112678303210001,0.113234552338298,0.0442413345525244,2.59269342121517,4.48608653021708,9.86091218366954,1.02305,0.51507,0.0126964000142849,1.0049366116808367,4.548699923379517,44.85433014331262,0.0128220638432547,9.034786449634836,0.2935824789017501,0.0050096477129039,0.1072697889395217,0.106769994764301,0.4154616425143939,0.7046062736488392,0.0126164765105272,0.0127405571657998
0.39679,-0.37551,0.0174020551074219,0.126882357218043,0.128039459506013,-0.0295425350489393,-0.112699863378169,3.09896653368304,7.35772060918284,0.7723,0.39679,0.016099132573207,1.0091194884176813,3.0989665312627253,22.801329801020906,0.0163941031905919,6.0317342979767705,-0.0144300295933422,-0.0037826102201036,0.1204811342955889,0.1194548438220567,0.3341767468564965,0.5722781380789569,0.0159709158268296,0.0162611707848934
1.037,-1.0053,0.0299122233447266,0.216042087150141,0.218050761055748,0.065738994966845,2.0495398067117,4.75577335744714,7.28968751479284,2.0423,1.037,0.0466741834201891,1.009297604143591,4.755773355266106,34.668101551067366,0.0475461343969909,9.366167717897753,0.4469037146675368,0.0143344378835605,0.197251844162931,0.1956013940882315,0.7114781372446687,1.1126138083039234,0.0456176928379103,0.0464504142280806
0.57202,-0.49525,0.0144550810986328,0.150620247144272,0.151275678305815,0.13182982256243,0.310379509708984,3.78130844565523,10.4652251532593,1.06727,0.57202,0.0226864588498015,1.0043515468440312,3.7813084431556025,39.5722439839427,0.0228843308468844,7.055132796277542,0.0469528708634528,0.0199426458290668,0.1408706130559533,0.1403011423235806,0.452361416572393,0.7262288962619354,0.0224329481533407,0.0226264120008855
4.7793,-4.7609,0.0095768360302734,1.04659165314481,1.04637993260443,0.0897258075959162,3.99193396534853,4.56746144596292,109.26154831269,9.5402,4.7793,1.0953540884323865,0.999797704635114,4.567461445526407,499.0479042334371,1.0949109633572516,9.117338455968662,4.1770795936227305,0.0938872845050928,0.7160723456002779,0.7161758012613463,1.754282568083773,2.3551965182652554,0.7397225550506928,0.7395110528801572
1.2621,-1.2805,0.013344151484375,0.345752204946948,0.345925255256151,-0.0208870521633514,2.12201953829188,3.64847602429444,25.9233609316564,2.5426,1.2805,0.1195445872256763,1.0005005035591297,3.701666704507157,95.95964133826008,0.1196642822240332,7.350142727746893,0.7340601504421582,-0.0072253588511558,0.2970816986673714,0.2969531169097129,0.8243947171696181,1.2648609208363597,0.1129219840667611,0.1130288923593317
0.6974,-0.87472,0.0313027273681641,0.190202311968975,0.192715115410195,-0.175294461393146,0.825408198063774,3.61881318191145,6.15649598655077,1.57212,0.87472,0.0361769194783432,1.013211213438398,4.538927824546931,27.94389086029705,0.0371391157075647,8.157741004580576,0.1590686361503813,-0.0337818923581481,0.1762323177930748,0.174123302731328,0.6284593149377085,0.944730461585602,0.0355379009547074,0.0364660723303878
1.6205,-1.5976,0.0108959528710937,0.350511847169302,0.350595617865075,0.0428663296979008,3.20779593629988,4.6221342122526,32.176682664917,3.2181,1.6205,0.1228585550060361,1.0002389950480293,4.622134210934228,148.72494441735276,0.1229172872661936,9.178951005373303,1.124639198272133,0.0150287473460435,0.3005456935695077,0.3004836666439712,0.963365139260084,1.4393847896939993,0.1158777150239745,0.1159300196743901
4.5314,-5.0531,0.0131749911767578,0.701671266758201,0.701623649361053,-0.108378995293757,13.1419326520785,6.45844820670826,53.2542025985412,9.584499999999998,5.0531,0.4923425665940585,0.999932137028553,7.202009230848334,383.5372558397249,0.4922757453427219,13.660457436636095,9.2206907470085,-0.0760412661920901,0.5315828831154039,0.5316108662307817,1.800570537506605,2.3593906668154974,0.4003470777018389,0.4003023006185646
0.65109,-0.73182,0.0279854421875,0.186479381235056,0.188522584415759,-0.133972104840376,0.587674576068059,3.45364457005382,6.73645187210817,1.38291,0.73182,0.0347745596258093,1.0109567238269197,3.8818691239554144,26.15002444777781,0.0355407648347969,7.335513692177286,0.110789929875786,-0.0252567674441267,0.1727110100908773,0.1709904189382657,0.5491728786425547,0.8683224298834614,0.0341835862051532,0.0349237683744263
1.3589,-1.3737,0.0223532952587891,0.289042039977755,0.289834740980935,-0.0104050022717481,4.11173571305949,4.68853387071837,12.9660856542829,2.7326,1.3737,0.0835453008745021,1.0027425107536838,4.739597450867357,61.45402626104854,0.0840041770794856,9.42813131996807,1.1917238553766574,-0.0030157311383381,0.2545141024003629,0.2538993378377449,0.8644499192047692,1.317105041766892,0.0802383508798504,0.0806617564043896
0.89079,-0.72828,0.0282240960351563,0.187285492283355,0.189355032502951,0.122977204644623,1.26294018351681,4.70433760447385,6.70898484284804,1.61907,0.89079,0.0350758556198186,1.011050189169804,4.704337601989447,31.561329572231028,0.0358553283341936,8.550446099813708,0.2391440794991084,0.0232863525826046,0.1734111707007222,0.171669602532462,0.636994731156299,0.9628192929270812,0.0344747144856493,0.0352274896210311
0.50589,-0.56034,0.0131749884277344,0.168394892054352,0.168868510613872,-0.0618722741598037,0.204047964877986,2.99576278704054,12.8173555172459,1.06623,0.56034,0.0283568396699968,1.0028125464701498,3.3182030067727117,42.530587318572586,0.0285165738769474,6.313965792039241,0.0344572759227371,-0.0104482787856592,0.1560361959359017,0.1556309197779283,0.4449037462320229,0.7257256907354106,0.027962227102213,0.0281175445915826
0.6561,-0.62021,0.0298534037939453,0.194303152434546,0.196536272308477,0.199263171278656,0.36251723767986,3.33831507178586,6.58337902321,1.27631,0.6561,0.0377537150460024,1.0114929672771726,3.338315070087292,21.97739334284311,0.0386265063329118,6.4940175386421455,0.0712477865411658,0.0391624408914726,0.1794309432502729,0.1775628792554908,0.5044654406133082,0.8225557108556124,0.0370584878492068,0.0378991733164703
1.7747,-1.9015,0.0154926768017578,0.587553658919795,0.587614466323085,0.0310416450944976,0.387146311329233,3.02017751725028,37.9285306110829,3.6762,1.9015,0.3452193021100389,1.0001034923404126,3.235965260649168,122.73540667360434,0.345290761032164,6.256142777385469,0.2274927731206781,0.0182405197159938,0.4622325539557329,0.4621942521078314,1.065227844648526,1.542485814294801,0.2965570496585525,0.2966101688965148
0.48837,-0.61229,0.0148514685742188,0.174835523848007,0.175422635370254,-0.0686274027326296,-0.118680674997135,2.78396228040485,11.8118039636011,1.10066,0.61229,0.030567460399207,1.0033580785471354,3.490370546301732,41.2275723991457,0.030773101000245,6.274332825119574,-0.020819276775518,-0.0120387998459736,0.16162777260011,0.1611281580942253,0.477655528648655,0.7422515810662533,0.0301095829604076,0.0303091041900103
2.9681,-3.6225,0.0151711368164062,0.51804878879292,0.518144447719512,-0.83303620827241,13.4142131840017,5.72832539857057,34.1533040002108,6.5906,3.6225,0.2683745475698115,1.0001846521575628,6.99129367350057,238.7757766580168,0.268473668702558,12.719619070965592,6.950500081816356,-0.4316330860656642,0.417488831046805,0.4174258186367429,1.5309356842791428,2.026910639666542,0.237736196916395,0.2378143420195677
0.51445,-0.50944,0.0076521496191406,0.176901584656134,0.177023856276154,-0.0547540539747865,-0.241489866165217,2.90610548669479,23.1338728444824,1.02389,0.51445,0.0312941706538513,1.0006911838590284,2.9061054850531374,67.22947392328034,0.0313374456908804,5.783909699856268,-0.042749467360179,-0.0096927737813693,0.1629890967865417,0.1628852093668267,0.41505233674407,0.7050214021222355,0.0308144898986725,0.030856450893251
0.56869,-0.39783,0.0236069302929688,0.14112346442387,0.14305032275883,0.0827634033903009,-0.231260472858673,3.97545415510009,6.05967489137871,0.96652,0.56869,0.0199158322109953,1.0136537055794437,3.975454152321032,24.089959623440976,0.0204633948414054,6.7565034505641455,-0.0330818852837928,0.0118393315676017,0.13370041075413,0.1320132722335595,0.4502408761545692,0.6762654831914293,0.0197201064512277,0.0202568327972865
0.19902,-0.2324,0.0115545995410156,0.0664948091463475,0.0674752506426822,-0.307729302846142,-0.119743605666081,2.94952590919474,5.83968751172758,0.43142,0.2324,0.0044215596434091,1.0147446305575882,3.444225807863399,20.11320229348708,0.0045529094492927,6.393751712686866,-0.0080797298051773,-0.0207641118396412,0.0652962814422146,0.0643773917316264,0.2089634877403758,0.3586669585595251,0.0044118132674632,0.0045425763090962
0.70095,-0.56994,0.0132048159863281,0.163630652350071,0.164122770595573,0.261425624996535,1.01629492643029,4.27088817387358,12.4290085348786,1.27089,0.70095,0.0267749903885097,1.003007493633579,4.270888171271332,53.082905162590194,0.026936283827967,7.743532445947676,0.1667971390679632,0.0429058978791106,0.1519678167676099,0.1515449899784982,0.5311869185078597,0.8201718251383441,0.0264228128702507,0.0265798879584716
4.7467,-4.8603,0.0083088125292968,1.09025266678232,1.09001812730586,0.0424332855375951,3.29666570988901,4.35469822114992,131.188196082467,9.607,4.8603,1.1886508774259603,0.999784875943362,4.458916671016338,584.9572275661417,1.188139517855374,8.813614891766754,3.5934253834466623,0.0462530504371242,0.7371727392911924,0.7372849518670083,1.7682007968177746,2.361514160523333,0.7832853162941763,0.7830516475429998
0.41598,-0.44331,0.0118684949121094,0.132513959891658,0.133012166900335,-0.0273689101162513,0.0117619422701671,3.12738307850957,11.2071638304048,0.85929,0.44331,0.0175599495661679,1.0037596560295106,3.3328530013264386,37.35182932188889,0.0176922365435225,6.46023607748482,0.0015644814283115,-0.003640398040263,0.1248797206469349,0.1244399049142305,0.3669390869338578,0.6201946944212134,0.0174075550915351,0.0175375507534425
0.46104,-0.49379,0.0145630484814453,0.168871021929504,0.16945671986116,-0.046924844372572,-0.174535964718598,2.72069470232718,11.6360746911654,0.95483,0.49379,0.028517422047515,1.003468314602571,2.913959388056007,33.90704887362218,0.0287155799061036,5.634654088777653,-0.0295762920790167,-0.0079517302073714,0.1565392989705257,0.1560383444349941,0.4013165145818308,0.6703032331346525,0.0281183692454963,0.0283110142779387
0.20695,-0.23156,0.0150072689453125,0.0643916548796111,0.0661020331457567,-0.231331169253425,0.231467097124675,3.13076603171449,4.40466772379684,0.4385099999999999,0.23156,0.0041462852181349,1.0265621091224817,3.503069249611389,15.42985597851512,0.0043694787860027,6.633835276589609,0.0153004457262873,-0.0152914606176365,0.0640090370597609,0.0624034198798498,0.2082816584634862,0.3636078556710864,0.0041377130644734,0.0043599603306253
3.1071,-2.9736,0.0127424740576172,0.676118392377586,0.676073398514946,0.0640454405881269,2.77607052798926,4.59580277352284,53.0566823568146,6.0807,3.1071,0.4571360805112513,0.999933452538578,4.59580277284306,243.83804601578396,0.4570752401795489,8.994141778773388,1.87682743637488,0.043299418677802,0.516453794964301,0.5164806394084435,1.4127171833509946,1.957372772874804,0.3764729205945645,0.3764311663598737
0.48107,-0.42704,0.0132873052148437,0.129980310985738,0.130626123995505,0.0503057321661005,0.339767123545508,3.68280084630355,9.83089662526741,0.90811,0.48107,0.0168948812439491,1.0049685441154312,3.6828008434842174,36.20523413897778,0.017063184270089,6.951978452151357,0.0443824624098515,0.0065712428076137,0.1227715713033617,0.1222002086660246,0.3927647995299321,0.6461132233558968,0.0167537501155408,0.0169192432290691
0.47543,-0.49504,0.0217097448535156,0.141753253541626,0.143371846591937,-0.0501306652561326,0.0388366940671698,3.31606247182659,6.60403185570923,0.97047,0.49504,0.0200939848896365,1.0114183830616197,3.4528396712619047,22.80266309254061,0.0205554863951819,6.768902140775575,0.0055680885439362,-0.0071873260486539,0.1339816570082438,0.1325650226883931,0.4021529623375611,0.6782720929747327,0.0198947651000251,0.0203470735634897
0.47502,-0.41452,0.0087320798828125,0.153678682979655,0.153889099730849,-0.0300679036252052,-0.219121757380656,3.0867683340198,17.6234186810123,0.88954,0.47502,0.0236171376023613,1.00136919868766,3.0867683320139627,54.3994100987382,0.0236818550159711,5.780396408697951,-0.0337204499747506,-0.0046271226196767,0.1431380627147707,0.1429556916890061,0.3886715490218903,0.6363334132049263,0.02334256764318,0.0234057898826915
0.57265,-0.5641,0.0087035666992187,0.187627480198536,0.187783476139377,-0.0165040400072135,-0.181249861667936,3.049522842867,21.5754624085586,1.13675,0.57265,0.035204071325652,1.0008314125446485,3.049522841243041,65.7948647043653,0.0352626339109879,6.0535145198341525,-0.0340357290737862,-0.0030991860028978,0.1720889451872988,0.1719576029110084,0.452762094550323,0.7592859830639904,0.0345985776447599,0.0346551470985969
0.68217,-0.5691,0.0120510058056641,0.186492378261367,0.186835895261354,-0.0027168495038622,-0.168697588827133,3.65117205687779,15.5037594599398,1.25127,0.68217,0.0347794071495807,1.0018419889488532,3.6511720549235696,56.60689284695919,0.0349076517581116,6.697160615629851,-0.0315187650369491,-0.0005076050093444,0.1712908543945325,0.171001373157387,0.5200846265980903,0.811494501421926,0.0341882708124157,0.0343121973820321
4.9058,-4.9087,0.0159465223828125,1.13320351598897,1.13303904335058,0.0563128589961727,3.26471316641829,4.32977136029907,71.0524223495772,9.8145,4.9087,1.2841502086497636,0.9998548603705736,4.3323308480623455,307.8225992714524,1.2837774737567973,8.662102207979279,3.6990474828926216,0.0638046678853596,0.7575477437523411,0.7576248479657954,1.7764258410628504,2.380887826251219,0.8259940552397789,0.8258308587446903
0.45374,-0.52842,0.0166073423583984,0.161881272548717,0.162691593345345,0.0069190845597725,-0.222702748617238,2.78895787219225,9.79636535662014,0.98216,0.52842,0.026205546401992,1.0050056481726974,3.247985890417372,31.818456283640728,0.0264685545452471,6.03694376089536,-0.0362318650149262,0.0011256768915205,0.1507376563793211,0.150040478122327,0.4242345220846835,0.6841871591884342,0.0258680643074497,0.0261243233449394
1.8268,-1.6944,0.0112664757910156,0.584372514487006,0.584338451068548,-0.0035850905550765,0.0291732589147569,3.12627039459654,51.8652382437572,3.5212,1.8268,0.341491235687866,0.9999417092392134,3.126270394061529,162.1447573909756,0.3414514253971898,6.025959772043713,0.0170470569268707,-0.0020949062618938,0.4601669391722304,0.4601884390305826,1.0391453298345623,1.508777445334439,0.2937818576440608,0.2937521810570383
0.43392,-0.35506,0.0143371344433594,0.140966625501509,0.141659591997035,0.0403444821749947,-0.421550474264925,3.06311767443945,9.8806070736575,0.78898,0.43392,0.0198715895052826,1.0049158188512286,3.0631176722771465,30.265461950413293,0.0200674400047664,5.569548721131138,-0.0597166681905258,0.0057151828842414,0.1324829862359605,0.1318758202343591,0.3604119526156411,0.5816456250342428,0.0196767267291562,0.0198687427622359
0.43768,-0.46229,0.0134304884960938,0.133617487243861,0.134258308213752,-0.100119364273277,-0.150645869761652,3.25998447189705,9.99653201391752,0.8999699999999999,0.46229,0.0178536328973633,1.0047959356415817,3.4432878367546644,34.42093686259896,0.0180252933244188,6.703272306223573,-0.0202254596135886,-0.0134418564667665,0.1259789643874367,0.1254138355666878,0.3800037000702905,0.6418380965740554,0.0176961287119174,0.0178647639143858
0.19526,-0.2445,0.0110224110009766,0.0689147653334833,0.0697740600654461,-0.224954634746886,0.201569566822002,2.79846120201192,6.33019945085193,0.43976,0.2445,0.004749244880969,1.0124689480774944,3.504167586352996,22.18207956137083,0.0048684194580164,6.302628784354166,0.0140643270628043,-0.0156959981968297,0.0674474673593127,0.0666438957803181,0.2187338428255096,0.3644764330308103,0.0047380027977186,0.0048566070270722
0.70595,-0.69093,0.0130531354492187,0.145311589375705,0.145861345358252,0.117288280236571,3.11709340262551,4.83987034581442,11.1744297702038,1.39688,0.70595,0.0211154580068935,1.0037832899944907,4.839870342496291,54.08279086186728,0.0212755320697192,9.576766178944997,0.4546634373142883,0.0171078263500619,0.1361566208838712,0.1356767304445567,0.5341221403164261,0.8741678916208517,0.0208956160475645,0.0210523676822234
1.3552,-1.4739,0.0211994181787109,0.299601396435402,0.300277510755412,-0.414420970052599,3.91101225183396,4.51315849991798,14.164422260275,2.8291,1.4739,0.0897609967460429,1.002256712511452,4.908459497353781,69.52549266317062,0.0901665834654665,9.421617995768765,1.17438902351462,-0.1244412972922375,0.2625777114979082,0.2620575993239283,0.9057958527815037,1.3426297886336267,0.085958403157754,0.0863305134313112
5.2021,-4.998,0.0052834318505859,0.967915924316657,0.967694011256777,0.0446908895144666,6.09363551167055,5.37576955058744,183.156334485408,10.2001,5.2021,0.9368612365457684,0.9997707309547432,5.375769550031914,984.6062272881396,0.9364316994222311,10.540625321943164,5.896774591425218,0.0432471061408876,0.6768623044564982,0.6769750763336648,1.824887944379292,2.415922706832618,0.6610687435240532,0.6608469492356279
0.40075,-0.39157,0.01315508765625,0.125470473507459,0.126127749206793,-0.0014928942630035,0.174539523420368,3.17733411180557,9.58775437325719,0.7923199999999999,0.40075,0.0157428397221859,1.0052384882310266,3.17733410928642,30.463498794191104,0.0159082091199716,6.281884869544144,0.0220142772366373,-0.0001882953931963,0.1187849772845605,0.1182011469089871,0.3370078074632568,0.5835108700393303,0.0156202066087594,0.0157829997205442
0.4504,-0.42891,0.0179703036328125,0.136271008349496,0.137417801794692,-0.0764151677972832,-0.281602744304376,3.27759572717454,7.64693822667397,0.87931,0.4504,0.0185697877165884,1.0084155342962846,3.277595724789405,25.06357191824207,0.0188836522500852,6.398807053207309,-0.03869723010166,-0.0105008043824751,0.1287606070734203,0.1277518555351045,0.3718393804585043,0.630904688196469,0.0183994744321629,0.0187075693606877
1.4495,-1.2356,0.0223379813378906,0.272169741006155,0.273018649963856,0.104098755131546,4.47131361078555,5.30916111478793,12.2221719963903,2.6851000000000003,1.4495,0.0740763679193574,1.0031190420149236,5.30916111284331,64.88948001099591,0.0745391832280865,9.834859264639926,1.220752005581685,0.0284209015889327,0.2413909698716108,0.2407239002022756,0.8958839220964925,1.3042976623151596,0.0714610996289214,0.0718919029111929
0.49025,-0.50694,0.0160491585498047,0.154735282646852,0.15552778614843,-0.131458808466224,0.384818657530434,3.15216986070981,9.69071279754553,0.99719,0.50694,0.0239430076958011,1.0051216722360248,3.259481872841981,31.586702522014686,0.0241888922642317,6.411651731525024,0.0598499938743192,-0.0204454974504623,0.1445571973046484,0.1438711251915908,0.4100811046513539,0.6917411926219683,0.0236608685213637,0.0239009747075099
0.98383,-1.0036,0.0103759957910156,0.233022091495423,0.23319614723631,0.0936640596399411,2.53294618703258,4.21889474444461,22.4745799760472,1.98743,1.0036,0.0542992951249012,1.0007469490969516,4.303673158684872,96.7232457049256,0.0543804430858587,8.522567901320322,0.5906732919728995,0.0218420978425462,0.2096092928247752,0.2094681408874142,0.6949455625013247,1.0944134860207768,0.0528763710288857,0.0529533366861423
4.7922,-4.7714,0.0098656084472656,1.09376266642148,1.09354010518105,0.055515807693522,3.55391407878537,4.38228097652312,110.843655617017,9.5636,4.7922,1.1963167704574256,0.9997965177023844,4.382280976122371,485.7480384550865,1.195829961639382,8.745541159226223,3.886347575519368,0.0607087621843849,0.7388564632943084,0.7389627662070802,1.7565121848739955,2.357414129272724,0.7867817620865996,0.7865600897018955
0.69114,-0.76145,0.0323943650244141,0.184424794550123,0.187203878330041,-0.177133603157446,0.662641662047898,3.69191069205051,5.77890254027063,1.4525899999999998,0.76145,0.034012504844855,1.015068926524713,4.06749051561214,23.50563121319304,0.0350452920618088,7.759401205690509,0.1240490890784308,-0.0331600974936482,0.1716008602130764,0.1692572512968009,0.5661373334970627,0.8971446090317599,0.0334468696735111,0.034445186206064
2.698,-2.4212,0.0110666187011719,0.672938209729541,0.672864910686788,0.0659127770174918,0.518663285758129,4.00972016395709,60.8013096733455,5.119199999999999,2.698,0.4528458341139997,0.999891075968518,4.009720163361172,243.79623518922463,0.4527471880335392,7.608065033461271,0.3489903254481595,0.0443503948209927,0.5145376719942164,0.5145814875088338,1.3077921329649331,1.811431369025519,0.3735242771791876,0.3734563763549865
0.80025,-0.77688,0.0295009129296875,0.210324017603494,0.212332043133505,0.0627047118755249,0.824116383740867,3.76886120526253,7.19747363885239,1.57713,0.80025,0.0442361923808748,1.0095472949401425,3.768861203487559,27.126279081419906,0.0450848965412486,7.427658943900447,0.1749863155394939,0.0133142195866279,0.1925458131075576,0.1908881069045266,0.5879255441468392,0.946676376653194,0.043285701785225,0.0440981228262554
0.22092,-0.21425,0.009808271015625,0.0664986296768235,0.0672020142290634,-0.252875775606742,0.0099591108998153,3.28740146458969,6.85156579809099,0.43517,0.22092,0.0044220677488953,1.0105774277545347,3.287401459697868,22.52384720973556,0.0045161107164432,6.475549942136162,0.0006692723123982,-0.0169937614705097,0.06504028357349,0.0643809740497024,0.1996046729165143,0.3612833090938902,0.0044123191360925,0.0045059436872357
1.4528,-1.2421,0.02173011015625,0.295034025727224,0.29576134220945,0.09866220213712,4.0300083568601,4.9120685926938,13.6106692549086,2.6949,1.4528,0.0870450763368122,1.002465194921795,4.912068591032971,66.85654066491203,0.0874747715455353,9.111738467768964,1.1919206807402434,0.0291804653294146,0.2590984314427311,0.2585369694991644,0.8972302291354126,1.3069534904344806,0.0834630758503994,0.0838582851327928
3.0106,-3.5173,0.0167089631689453,0.621995056076793,0.622067628183676,-0.340786225034889,7.57200276184408,4.83966672368148,37.2295768381266,6.527900000000001,3.5173,0.3868778497839728,1.0001166761795972,5.654208385195117,210.50378430941504,0.3869681340340641,10.4938751080986,4.710297798660591,-0.2119920787251218,0.4837016491419633,0.4836569076471412,1.5079144702297125,2.018616118454148,0.3270550695265653,0.3271201663276494
0.3488,-0.37864,0.0140688240185547,0.131435570598005,0.132154477102022,-0.0772414302110441,-0.511287996273228,2.63933547806126,9.39342740571136,0.72744,0.37864,0.0172753092184231,1.0054696487427195,2.8651318367457224,26.913407745330318,0.0174648058181088,5.504467312809815,-0.067568997796029,-0.0102078008201528,0.1241224343416883,0.1234872428864875,0.3210975059911846,0.546640543784439,0.0171277876279308,0.0173140488598525
4.8824,-4.7618,0.0116406490380859,0.982143289244522,0.981972477500148,0.115660555277074,4.80615821260631,4.97203344479608,84.3571929956247,9.6442,4.8824,0.9646054406080488,0.9998260825622624,4.972033444289746,419.4267812802426,0.9642699465677788,9.821252855853508,4.719515087290702,0.1135754820144711,0.6840925495854221,0.6841787285743974,1.7719648418998757,2.365015142867513,0.6752914315758038,0.6751206478231907
2.4514,-2.5399,0.0161041191162109,0.418015146907289,0.418223247871492,0.0762904903874772,8.0965072325807,5.86146277729937,25.9699549446635,4.9913,2.5399,0.1747366630439224,1.0004978309175945,6.073072246268651,157.71741166963412,0.1749106850601794,11.934535022166507,3.386147551224926,0.0319064566715595,0.349404854273141,0.3492581099339067,1.2640984781591136,1.7903084169607402,0.1610440059198895,0.1611921319922686
0.73537,-0.79357,0.0295340183837891,0.183804851551279,0.186118203013094,0.0296383385194626,1.19550499713709,3.95109123178169,6.3018245805404,1.52894,0.79357,0.0337842234537877,1.0125859102250685,4.263795731564152,26.869692671032283,0.0346399854928232,8.214886961222946,0.2225052417603292,0.0055162343055361,0.1706859608817037,0.1687337015523534,0.5842080470584977,0.9278002426139826,0.0332260729299331,0.0340535261033788
0.45749,-0.37968,0.0173630387011719,0.135868865288016,0.136940899024082,-0.0269302722734811,0.0324835804149863,3.34078425992768,7.88692010545594,0.83717,0.45749,0.018460348554653,1.0078902082018897,3.3407842574881066,26.348498395863874,0.0187528098255238,6.113367192378671,0.0044483307055492,-0.0036878556960938,0.1283412336672572,0.1273978781498697,0.3767157781555084,0.608226344139575,0.0182920247090665,0.0185791436800754
2.5904,-2.2787,0.011313902421875,0.673540782376867,0.673471363619296,0.0636254134453824,0.678542502627066,3.84634023053179,59.5260007119352,4.8691,2.5904,0.4536571855248421,0.9998969344405312,3.846340229960665,228.95724927729933,0.4535636776152341,7.229854545128735,0.4569789445178999,0.0428498939539031,0.5149001298522649,0.5149416108834372,1.2782636169061854,1.7697013001088393,0.3740825779457342,0.3740182499059724
0.25931,-0.21279,0.0145112950292969,0.0806075826703291,0.0818839875661464,0.0028034397040836,-0.117137929822616,3.16679741311484,5.64277601694616,0.4720999999999999,0.25931,0.0064975823839539,1.015834798066754,3.1667974092474185,17.869528370109308,0.0067049874197328,5.765473976729422,-0.0095917207891192,0.0002295568218716,0.0787039543117704,0.0775234594958693,0.2305639519176932,0.3866899527818303,0.0064765640917979,0.0066826089673842
1.2822,-1.1879,0.0126883652392578,0.267846121253638,0.268081161650637,0.0758845885448042,3.13493027344672,4.78287990138957,21.1281088300637,2.4701,1.2822,0.0717415446706185,1.0008775198827264,4.782879899605454,101.05320628125938,0.0718675092319549,9.21400065513604,0.8404157493993458,0.0203432286484717,0.2375048615775469,0.2373194931726588,0.8251398900184422,1.2441834119873283,0.0692849371908551,0.0694024628761026
3.6191,-4.0264,0.0134076863623047,0.559000047911575,0.559024365282317,-0.726838547201247,17.5178119988074,6.47395753165838,41.6943199726089,7.6455,4.0264,0.3124810535651431,1.0000435013750508,7.202548313339335,300.3053518084645,0.3125082409792974,13.676505843839632,9.792883733768264,-0.4063204575118985,0.4440602187426818,0.4440446208078872,1.6147040221066002,2.157038954362707,0.2719192800005121,0.2719399943052993
0.62042,-0.51132,0.0140445927197266,0.138624260040531,0.139300225804715,0.104568741741169,0.794134660107979,4.45383341208482,9.9184240215851,1.13174,0.62042,0.0192166854717847,1.0048762436206962,4.453833408887531,44.17500798802634,0.0194045529092445,8.124466365001732,0.110623137472392,0.0145664493366597,0.1304142369179241,0.1298207442115364,0.4826853749016778,0.7569385476474313,0.0190343768475417,0.0192186851775588
0.44644,-0.41765,0.0195824089257812,0.123433432244144,0.124947363211404,-0.0394758159012144,0.110408886269942,3.57302458031585,6.38059207551859,0.86409,0.44644,0.0152358121955696,1.0122651605688078,3.5730245774562355,22.79801220637562,0.0156118435734825,6.915632127798044,0.013795299214537,-0.0049323991074755,0.117736246305249,0.1163895605488854,0.3691053651406428,0.6227729983596029,0.0151209127962215,0.0154912324321055
1.414,-1.3662,0.0221019522460938,0.256193179368346,0.257082463686044,-0.115030137552965,5.08554647598558,5.50018068026147,11.6316631591438,2.7802,1.414,0.0656349451548615,1.003471147122431,5.500180678122008,63.97624869777189,0.0660913931348861,10.814428798666764,1.3074048172362518,-0.0295722311602607,0.22879353102514,0.2280858614487701,0.8812851226753398,1.3297769182847188,0.0635708141428394,0.0639990567167587
2.437,-2.2278,0.0129106725488281,0.569644868232964,0.569652101208164,-0.0596868956370254,1.14716594352642,4.27804969880988,44.1225737120775,4.6648,2.437,0.3244952759041509,1.0000126971655536,4.278049698058884,188.7585617176349,0.3245035164108763,8.188857706813739,0.6534854901642713,-0.0340007655142239,0.4508540032180167,0.45084939519573,1.2345989978676968,1.734271589355427,0.2810314630223438,0.2810376846233119
4.9028,-5.2175,0.0151383970019531,0.741966383969854,0.741939674289563,-0.652436567930685,13.9287628113219,6.60808441696372,49.0104516478092,10.1203,5.2175,0.5505141149413009,0.9999640013606216,7.032242889952936,344.6533979034582,0.5504744802849028,13.640327306026007,10.334301743488748,-0.4840685747050928,0.5549992476869097,0.5550145808674518,1.8273678966954228,2.408772266875792,0.4385865629940672,0.4385610003999568
0.49546,-0.40826,0.0090529141357421,0.166075539502351,0.166281606766272,0.0452126607111445,-0.527562131248521,2.97964404864349,18.3677437201982,0.90372,0.49546,0.0275810848209969,1.0012408038198424,2.979644046851567,54.72933765834858,0.0276495727487731,5.434876514795742,-0.0877238788530429,0.0075180338692274,0.1538205740051307,0.153643870994799,0.4024338518227719,0.6438098667314351,0.0272075789422909,0.0272742263792093
0.18108,-0.20611,0.0145739182568359,0.0661941681622699,0.0677637624824149,-0.152728630980091,-0.307683464859249,2.6722247019119,4.64965984357913,0.38719,0.20611,0.0043816678986948,1.0237119713314633,3.04159615914667,14.142387445399956,0.0045919275057731,5.713820857115128,-0.0208497892324886,-0.0103494666739992,0.0655665198930063,0.0640954556506809,0.1874003047591572,0.3272801182522977,0.0043720963413127,0.0045814167707369
0.43475,-0.43037,0.0143788051611328,0.130942236954647,0.131697560531685,-0.101665228542374,0.142117009935318,3.30112416847239,9.15914493978086,0.86512,0.43475,0.0171458694186869,1.0057683715661798,3.3011241659657884,30.2354745129742,0.0173442474499968,6.568990312732198,0.0187164635185386,-0.0133890625899268,0.1237187714088237,0.1230511232874263,0.3609906180063349,0.6233253941893852,0.0170005378713218,0.0171955528584125
0.45582,-0.47084,0.0140497308007813,0.152903888381735,0.153510840652913,0.0970454263212832,-0.0474965657426338,2.96930169922401,10.9262478284906,0.92666,0.47084,0.023379599082254,1.003969501215468,3.067144950094121,33.51238563393529,0.023565578197964,6.036446647383864,-0.007291237735278,0.0148975249761005,0.14281019663945,0.1422838799475314,0.385833666158937,0.6557879338025774,0.0231104827385815,0.0232921965609994
0.48482,-0.46563,0.0178461933837891,0.138459391308839,0.139571232059393,-0.0190013464616799,0.0661302827523489,3.47363846292974,7.82078446971078,0.95045,0.48482,0.0191710030416142,1.0080300847724442,3.473638460440948,27.166577592044742,0.0194801288185769,6.809784403956311,0.0092298850401813,-0.002652041336444,0.1306520794298572,0.1296759372942478,0.3952935527866679,0.6680601151833016,0.0189895547261802,0.0192928197375408
0.959,-0.91353,0.033677633515625,0.208017298866699,0.210675701287624,0.0223613509211627,1.29903280840811,4.55201997258683,6.25565633018363,1.87253,0.959,0.0432711966277975,1.0127797175241209,4.552019970426147,28.47587247208083,0.0443842511130321,8.888210589386937,0.2736746479070103,0.0047109932870546,0.1911786345604033,0.1889804196639792,0.6724341389624037,1.0551931745504666,0.0423611581626284,0.043427478365902
0.17524,-0.17586,0.0105447557177734,0.0623897785284063,0.0632595898721373,-0.168191752801577,-0.247114481020295,2.77017287583119,5.99915176465509,0.3510999999999999,0.17586,0.0038924844648235,1.0139415664368934,2.7799737569822627,16.677484338099553,0.004001775710791,5.550146628434393,-0.0156323607208099,-0.0106397413021036,0.0613392745063109,0.0605208785796737,0.1619997947706573,0.3009190754837763,0.0038849283488646,0.0039937899042194
0.76145,-0.63273,0.0109297253515625,0.164779656383096,0.165101593202005,0.347522263979995,2.62569394502877,4.6120087955078,15.1057403449212,1.39418,0.76145,0.0271523351577311,1.0019537406848642,4.612008792714376,69.6678066960176,0.0272585360778403,8.444376411618004,0.4335062535851076,0.0573764794562649,0.1528082876808159,0.1525319329773173,0.5661373334970627,0.8730407922792325,0.0267902501877969,0.0268936383870035
2.7598,-2.154,0.0053452346972656,0.581847062270704,0.581729550341964,0.065973788797518,1.10234055962935,4.74412894854263,108.831432722599,4.9138,2.7598,0.3385460038730485,0.9997980362257718,4.74412894772711,516.3103408313885,0.3384092697410636,8.446880507044524,0.6412640780768908,0.0383789024915358,0.4585189004592844,0.4585931910127836,1.324365764497724,1.7772886027995989,0.291583953109758,0.2914817966535395
0.43434,-0.34109,0.0155180205078125,0.121443030086348,0.122401050425152,0.0792420918848793,-0.100988396500287,3.54849895888431,7.88767165010061,0.7754300000000001,0.43434,0.0147484095565536,1.0078886391202029,3.5484989559852527,27.98939445803628,0.0149820171451806,6.335158045401402,-0.0123610858123868,0.0096993152845956,0.1154701856798315,0.1146162757265176,0.3607048130976071,0.5740426471098599,0.014640709410245,0.0148708952384567
1.9739,-2.0782,0.0139548612792969,0.599417400277494,0.599433497445751,0.0146704997012159,0.0286645389880351,3.29294243383293,42.9551742183964,4.052099999999999,2.0782,0.3593012197554295,1.0000268545228197,3.466940050078505,148.92301281352516,0.3593205178600452,6.759882483362097,0.0171824848582679,0.0087939889451766,0.4696495024538385,0.4696394381096275,1.1243450105637165,1.6198039984332775,0.3069707586995214,0.3069849556761357
0.61729,-0.51027,0.0153705507226562,0.133561548641788,0.134410679667165,0.103177909211729,2.17151132678388,4.59256661396674,8.74468859915624,1.12756,0.61729,0.0178386872755927,1.0063576001729253,4.592566610549922,40.16056464873817,0.0180662308085892,8.388916728590566,0.2918743133379685,0.0138682129037855,0.1261132911265565,0.1253644891311404,0.4807519089797325,0.7549757831828786,0.0176814451356001,0.0179049757454265
1.031,-0.98341,0.0291073245068359,0.232282228258094,0.234042570215888,-0.0211072391007359,2.31373317619848,4.40518149774622,8.0406761590514,2.01441,1.031,0.0539550335645452,1.0075784612117644,4.405181495864004,35.42063772353258,0.0547759246732588,8.607023915696807,0.5415120593512623,-0.0049399924892975,0.210295422631994,0.2088679202545187,0.7085282825982476,1.1034041228041709,0.0525497865568596,0.0533283506946628
2.3565,-2.0649,0.0095821231542968,0.590839440421393,0.590772889300491,0.0362731157373622,0.138363074345525,3.98884248529114,61.653652305186,4.4214,2.3565,0.3490912443574648,0.9998873615802572,3.9888424846159527,245.92670512178,0.3490126067324501,7.484094276036909,0.0817411532036044,0.0214291733880925,0.4642199920264523,0.4642618268661592,1.210898764396669,1.690354084680212,0.2994312134537786,0.2993729224246878
1.3049,-1.3512,0.0177439624658203,0.275516839868005,0.276020492092722,-0.215170855744651,4.4699759262978,4.72754754585994,15.5557414317356,2.6561,1.3512,0.0759095290508519,1.0018280266453965,4.895288713044429,76.14984505224209,0.0761873120551084,9.622836257191612,1.2338049548193395,-0.0593915654866506,0.2437462444274382,0.2433514610747124,0.8549258361225706,1.2963970055154292,0.0731663773968449,0.0734245284247108
0.20131,-0.2155,0.0116720912988281,0.0637917789349293,0.0648354977432711,-0.242928697987239,0.0325021578108511,3.10493490459696,5.554745596428,0.41681,0.2155,0.0040693910596828,1.016361335647503,3.32379648754969,18.46284377293658,0.0042036417676177,6.42873138735771,0.0021072935793968,-0.0157504030501274,0.0628203250179813,0.0618396752786679,0.195155514774041,0.3484078656208101,0.0040611334825112,0.004194831148058
0.43538,-0.42224,0.0081886252148437,0.112653679637048,0.112923462636533,-0.232094947830889,1.08751574855336,3.85553178971637,13.7902834326613,0.85762,0.43538,0.0126908515357666,1.002394798821616,3.855531786302068,53.16887551452344,0.0127517084138244,7.594701572346868,0.1228060439984065,-0.0262089651695094,0.1069903032051782,0.1067478645175389,0.3614296225184079,0.6192960984840649,0.0126109975795089,0.0126710900050158
2.6384,-2.7719,0.0128784775488281,0.468852693677807,0.468915096982099,-0.192507598557417,7.24013955632359,5.62660493761138,36.4107554797708,5.410299999999999,2.7719,0.2198228483689355,1.000133097676776,5.911304663143929,215.23506703078635,0.2198813681777313,11.537909599555396,3.395010742217407,-0.0902697192473421,0.3845240990490969,0.3844816155658892,1.3275788532851085,1.85790607170948,0.1987056419467454,0.1987536148185469
4.6178,-4.9279,0.0169261855957031,1.07289578677133,1.07276735682155,0.058781990896974,3.99389834635608,4.30456796679743,63.3791559684825,9.5457,4.9279,1.1511053692716713,0.9998802958764949,4.593633436182539,291.1406083209285,1.150829801861895,8.898201402578717,4.284523772434372,0.0630594010032552,0.7288846017924465,0.7289465604925978,1.7796700187556844,2.355718193899184,0.7659818352651079,0.7658537220327178
0.75352,-0.73746,0.0132063794140625,0.206501663375299,0.206873206789625,-0.0139455192830479,-0.0994980451230529,3.64242432209346,15.6646420872432,1.49098,0.75352,0.0426429369767653,1.0017992267378053,3.642424320332756,57.057272903420056,0.0427965236874229,7.207216547841773,-0.0205834796639047,-0.0028849542944306,0.1880328883701232,0.187724984760241,0.5616251962929593,0.9126762073437568,0.0417587751019753,0.0419060694385718
0.87452,-0.91394,0.0334004573339844,0.197805988788518,0.200558456984754,9.23651483459027e-05,1.20905687496276,4.36042445253994,6.00466200145975,1.78846,0.91394,0.0391272092006033,1.0139149886800811,4.556975623390332,27.36309829906945,0.0402236946681054,8.917400073756125,0.2424865812493397,1.852461163142215e-05,0.1827868293585144,0.1804915406591672,0.6491639445770224,1.0254894721148569,0.0383811388869232,0.0394357810515472
0.4504,-0.39804,0.0182433361376953,0.124974093537422,0.126268432858274,0.0277302339942869,0.282408036151284,3.56700395977464,6.92134552064583,0.8484400000000001,0.4504,0.0156185240555003,1.0103568602354274,3.56700395694969,24.688466743783454,0.0159437171364844,6.719335784268195,0.0356592201514054,0.0035014531892518,0.1189098963843034,0.1177600074244997,0.3718393804585043,0.6143420401174149,0.0154978102010521,0.015817951102638
0.52613,-0.60791,0.0101067960205078,0.119355010551736,0.119753121049832,0.0044181014769927,3.03094881280323,4.39345543053585,11.8487719359171,1.13404,0.60791,0.014245618543805,1.0033355147464873,5.076360383454213,60.14863590317052,0.0143408100011757,9.46981581032129,0.3629655800754698,0.0005290814409847,0.113108233375183,0.1127526359864974,0.4749351990411336,0.7580168968463479,0.0141451031974353,0.0142389532361629
0.31626,-0.36424,0.0121624403857422,0.109731103394017,0.110376449730694,-0.092645475888418,-0.281013063269206,2.86528512895313,9.07518937236366,0.6805,0.36424,0.0120409150520684,1.0058811605472664,3.299979303182031,29.947936882157137,0.0121829606551524,6.165264429539239,-0.0310172242516018,-0.0102258787121741,0.1046991017294752,0.1041177367825877,0.3105974970225217,0.5190913681830233,0.0119689999413559,0.0121093456857391
0.52258,-0.50673,0.0091334093896484,0.154294275895284,0.154526756143989,0.103561180986244,-0.0798064258442399,3.38180916392923,16.9188470100908,1.0293100000000002,0.52258,0.02380672357405,1.0015067321662152,3.3818091617407395,57.21631123539138,0.0238785183643838,6.661047089960122,-0.0123322281051562,0.0160029733602448,0.1436905250691907,0.1434891406861965,0.4204062643774601,0.7076958337962629,0.023527762292735,0.0235978851699164
0.24387,-0.21884,0.0143514611230469,0.0687615844807265,0.0702268557390158,-0.146250755192918,-0.0436883571703031,3.47260314353664,4.89335929888275,0.46271,0.24387,0.0047281555003,1.021309444324528,3.4726031385917984,16.992694765350517,0.0049318112669885,6.58878992191664,-0.0030680959564734,-0.0102707306866551,0.067870640711233,0.0665005804903002,0.2182274872485972,0.3802908795594437,0.0047170128819666,0.004919689723575
2.913,-4.0406,0.0148141107226562,0.500772569977347,0.50086942098999,-1.0263022468581,16.9417668059651,5.81588709137469,33.8102927922616,6.9536,4.0406,0.2507731668417168,1.0001934029905593,8.06717246025294,272.75346110010486,0.2508701768828478,13.883059550466474,8.485612930651172,-0.5140434121445423,0.4060445541901797,0.4059800221687275,1.6175251226167195,2.073624656358271,0.223761893574598,0.223839450626384
1.7086,-1.6184,0.0159318946386719,0.354805504680625,0.355076475119129,-0.207087769328963,5.11878048894937,4.81192114861105,22.2871468316921,3.327,1.7086,0.125886946151673,1.0007637151477442,4.811921147255865,107.24399250847868,0.1260793031830254,9.369812511366185,1.817558532924714,-0.0735319951736114,0.3038578919413416,0.3036579050478702,0.996431896239134,1.4648744612427478,0.1185711216143163,0.1187419563520724
0.21133,-0.18024,0.0108156965136719,0.0630669784858821,0.0639725015549349,-0.210367335113903,-0.196338291655377,3.30345062117862,5.91478334049672,0.39157,0.21133,0.0039774437753387,1.0143581155995878,3.3034506160147608,19.53919451964491,0.0040924809551961,6.120911170741967,-0.0125602516682168,-0.0134577246726816,0.0620095461822236,0.0611581062985216,0.1917189295134209,0.3304326061443324,0.0039695546579406,0.0040841295326165
0.21091,-0.21195,0.0102317263330078,0.0655796370455667,0.0663571930771723,-0.0700298310235549,-0.254415220659435,3.17840448366638,6.48543470744544,0.42286,0.21195,0.0043006887950282,1.011856667182828,3.194077233407055,20.71497917655853,0.0044032770730811,6.372481712283592,-0.0168822799190695,-0.0046469830183917,0.0642483475511369,0.0635189112422407,0.1922306326707353,0.352668930571306,0.004291467262812,0.004393611013096
1.3341,-1.3287,0.0208736258398437,0.268720051505304,0.26946412622105,-0.181340435668636,3.94431144999907,4.95093732404882,12.9093109308635,2.6628,1.3341,0.0722104660810132,1.0027689582943329,4.950937322211498,63.91318900917267,0.0726109153200739,9.881834871137675,1.062850438417682,-0.0488647420459935,0.2385948635680126,0.2380085588044809,0.8476263778480044,1.29822788225144,0.0697223736777918,0.0700957840206635
1.9393,-1.5967,0.0158002421386719,0.50088703489324,0.501013937487353,0.0201752371856054,0.170584685456352,3.87075060172144,31.7092569272148,3.536,1.9393,0.2508878217241418,1.000253355517806,3.8707506009488575,122.73862455434158,0.2510149655565812,7.057687889937173,0.0854653049355285,0.0101080750221014,0.4061408380761386,0.4060562899212486,1.078171457763324,1.512045566425451,0.2238535565801206,0.2239551942881845
0.70575,-0.62668,0.0309185213037109,0.19269725211085,0.195115491334047,0.0736760321999692,0.401886305516971,3.61708850063433,6.31063463279627,1.33243,0.70575,0.0371322309710724,1.0125494219323423,3.6170884987805176,22.826123888165444,0.0380700549585265,6.828929831286043,0.0784142439613687,0.01437533522224,0.1782428261814234,0.1762173406766747,0.5340048967133959,0.8469106425709176,0.0364594341087266,0.0373632727924607
0.83029,-0.77063,0.0311499319091797,0.183637511017417,0.1862165071394,-0.0377208244929887,1.50953513208635,4.45873468874836,5.97807108157829,1.60092,0.83029,0.0337227354526719,1.0140439499876144,4.4587346863539805,26.65463281766774,0.0346765875311982,8.597089612156974,0.2811003597013329,-0.0070242401835026,0.1707688363089708,0.1685923333511363,0.6044744242436493,0.9558652285924962,0.0331665925969949,0.0340889020713248
0.99364,-0.80651,0.0291402223925781,0.207711823911832,0.209695702981933,0.0118249292900986,1.02809952215903,4.7384852711341,7.19609137352848,1.80015,0.99364,0.0431442017927799,1.0095511123622312,4.738485268874402,34.0985728661844,0.043972287849087,8.584582199553413,0.2155880520345272,0.0024796368601988,0.1903688428420611,0.18872751468915,0.6899621136151709,1.0296729871748318,0.042239423214477,0.043032944902288
0.59977,-0.55825,0.0121758478808594,0.183499249956528,0.183858055608975,0.114224118837152,0.168787130308942,3.26213609740102,15.1002260711554,1.15802,0.59977,0.0336719747346083,1.0019553516013633,3.262136095626744,49.258992141068674,0.0338037846123129,6.298445806655353,0.0310328735904207,0.0210010243930472,0.1687786438095844,0.1684755162214075,0.469859868912714,0.7691911346335899,0.0331174866204499,0.0332449946478474
0.44393,-0.40617,0.0127571527685547,0.127161223736215,0.127768643541194,-0.0230586160746235,-0.233010622611368,3.47448315718301,10.0154513988524,0.8501,0.44393,0.0161699768220917,1.004776768315484,3.474483154463668,34.79851692412104,0.0163248262723566,6.653432139322785,-0.0297714511817435,-0.0029461680977918,0.120241028795698,0.1197022804927148,0.3673685628413196,0.6152396916834197,0.016040635184946,0.0161930089576403
0.4552,-0.3657,0.0203397471435547,0.13017254669853,0.131720626155663,0.104625460459206,-0.0683423680536501,3.45579893814094,6.47602082887264,0.8209,0.4552,0.0169448919139809,1.0118925180094154,3.4557989355173584,22.379825793766667,0.0173503233548399,6.232129495092705,-0.0090020995129875,0.0137813311635111,0.1237391526394018,0.1223703172607614,0.3751433482217754,0.5993308843556605,0.016802928689686,0.0172015251600348
0.21508,-0.1694,0.0162708879785156,0.0641585779809555,0.0661744286015765,-0.0931523326265819,-0.123331460614221,3.25019806812319,4.06704469288673,0.38448,0.21508,0.0041163231285383,1.0314198129216237,3.2501980632116294,13.218700722549732,0.0043790550007451,5.810099271636634,-0.0081613889347439,-0.006164302384468,0.064076941440029,0.0621844192699616,0.1948099182463148,0.3253246178762916,0.0041078742481011,0.004369494838884
2.4535,-2.5391,0.0114156870019531,0.602647374998002,0.602608364224441,0.062727662950356,1.62122474487318,4.0714668857238,52.7877441034727,4.9926,2.5391,0.3631838585919825,0.9999352674960964,4.213516025199017,222.4220038026084,0.3631368406332565,8.284982910247178,0.9769635915482136,0.0378002143621361,0.4716325295073553,0.4716568712614847,1.2638724575337694,1.7905253747132417,0.309823036201202,0.3097885443244804
4.0114,-5.2609,0.0161240431445312,0.637570578440083,0.637618806785327,-0.922925021754182,18.6578273074931,6.29121970260603,39.5445981550593,9.2723,5.2609,0.406496242492422,1.0000756437747715,8.250854496746596,326.2767235373387,0.4065577427663441,14.54207419836596,11.89658158501044,-0.5884743511232235,0.4932432396574048,0.4932137889358893,1.834323944746147,2.329450952128606,0.3411016774137559,0.3411454023292777
0.59414,-0.61312,0.0114181404589844,0.148039798988372,0.148443440241014,-0.0931658024947027,0.770877607327037,4.00246719582454,13.0006668576416,1.20726,0.61312,0.0219157820845175,1.0027265718754526,4.130327339433124,53.69700931887414,0.0220354549505874,8.132794532561379,0.1144317240363868,-0.0138298522351285,0.1384074953005025,0.1380559654047876,0.4781701919121289,0.7917519273137001,0.0216790833806693,0.0217961829122415
0.42119,-0.38552,0.0127735204785156,0.126674075073231,0.127285698345311,-0.0409606098787597,-0.0828440549425928,3.30901276007743,9.96480951037724,0.80671,0.42119,0.0160463212956585,1.0048283215902194,3.3090127574777504,32.97368156343833,0.0162016490032535,6.337789789845144,-0.0105448633871252,-0.0052136998330677,0.1198127063430671,0.119269996313984,0.3514945488326341,0.5915075117356563,0.01591893994345,0.016071802891444
0.5641,-0.51424,0.0103778247851562,0.15257663011135,0.152891988990661,0.0524884602122661,0.504699495488368,3.68953274611698,14.7325660392096,1.07834,0.5641,0.0232796280561357,1.0020668878246568,3.6895327437038135,54.35628431222172,0.0233759602975204,7.052952914103121,0.0771645097077997,0.0080250650809105,0.1422735586600394,0.1419999840135099,0.4473105786980588,0.7315694981572218,0.0230127908269313,0.0231069270773136
0.87869,-0.84802,0.031620647578125,0.194857776970592,0.197359769908308,0.0970933467772589,1.29126480648943,4.45222448530536,6.24148412586086,1.72671,0.87869,0.0379695532459209,1.01284009740504,4.452224483049463,27.7884883619216,0.0389508787782602,8.749047487881207,0.2548437250994498,0.0191623205795873,0.1801189410728945,0.1780271632132458,0.6305747254473337,1.0030957542408008,0.0372664521804773,0.0382114335964568
1.3276,-1.2131,0.0222481738183594,0.276076852319334,0.276904665174347,0.127415112920333,4.24688182794855,4.79442987774909,12.4461750180072,2.5407,1.3276,0.0762184283865513,1.002998486645145,4.794429876017663,59.67231310181605,0.0766761935953172,9.175360037660498,1.1759813906031118,0.0352818391813564,0.2444389189576415,0.2437904121992864,0.8448376938003778,1.2643244477106783,0.0734534414970562,0.0738786970678496
0.72598,-0.73516,0.0299469249072266,0.184278623067405,0.186651675261782,-0.191657268438856,0.492050881264705,3.8894909407151,6.23274930030432,1.46114,0.73516,0.0339586109196187,1.0128775223820792,3.9386734599357807,24.548764182719797,0.0348388478780297,7.828164398567068,0.0918421213020933,-0.0357731502302095,0.1711356229096663,0.1691338323142332,0.551099628167083,0.9006246572350178,0.0333947471609308,0.0342457120611299
0.50652,-0.52759,0.0076013396923828,0.139614844672011,0.13978757988795,-0.0558129070162914,0.148586722325056,3.62349788447596,18.3898609383328,1.03411,0.52759,0.0194923048527897,1.0012372260000078,3.774226580397768,69.40750109983122,0.01954056749093,7.397724462281575,0.0207705783173024,-0.0078019511983185,0.1308419116125506,0.1306903497694916,0.4236913301315105,0.7100583767933656,0.0193047630419346,0.0193521017963057
0.74768,-0.72348,0.0281555292724609,0.193446958414503,0.195438448677386,-0.0214791707316662,0.751615852765462,3.82565459897918,6.94138784556771,1.47116,0.74768,0.0374217257198224,1.010294760787018,3.825654597021716,26.55535224037771,0.0381961872214232,7.527485043005655,0.1468946362658124,-0.0041978558066735,0.1785130207500531,0.1768457237601576,0.558289194113096,0.90468767602312,0.0367385251872646,0.0374847719147693
0.76103,-0.84197,0.0337322785351563,0.18280294319622,0.185845273824324,0.0667860155304105,1.5009231836565,4.0949655826028,5.50941952025665,1.603,0.84197,0.0334169160412004,1.016642678029391,4.530489165642432,24.960365384936846,0.0345384658028379,8.625454746041806,0.2789394800559184,0.0124118653438846,0.1704558315457002,0.1678869973226631,0.6108356510555351,0.9566646260124284,0.0328707060433393,0.0339554005018839
5.0648,-4.9191,0.0117020917822266,1.02821338553078,1.02802893105347,0.0530944830917714,4.77816855048384,4.92670959640196,87.8500143551148,9.9839,5.0648,1.0572227661846685,0.9998206067146298,4.926709595922741,432.8115050688101,1.0568434830829403,9.711691662994207,4.91209550734721,0.0545826646976702,0.7070643514326397,0.7071552998834671,1.802501565759957,2.396430564272734,0.7213569014453096,0.7211725178793569
0.43872,-0.38907,0.0187470627880859,0.131881380868204,0.133175292206407,-0.0479874839053212,-0.133408506935759,3.29430476728396,7.10379506975576,0.82779,0.43872,0.0173926986197042,1.0098111744713605,3.294304764810292,23.40206583927419,0.0177356584542618,6.215792626874342,-0.0177667168939901,-0.0063907471913414,0.1250236851770519,0.1238811870715259,0.3637538294030251,0.6031075867828953,0.0172431768717378,0.0175802168786859
0.56702,-0.60269,0.0142259106689453,0.206941907362791,0.207379890384091,-0.0420695028934254,-0.444278914095026,2.73420917982845,14.5776179261968,1.1697099999999998,0.60269,0.0428249530229499,1.0021164534852791,2.906212355465753,42.36565305299487,0.0430064189357176,5.640421533975751,-0.0921345125049894,-0.0087243688985517,0.1884526319359475,0.1880898111831271,0.4716834675270341,0.7745935180686783,0.041933331658343,0.0421073303004816
0.77605,-0.68155,0.0295238209619141,0.177240992435672,0.179640436306013,-0.0769160436086917,0.80300427139102,4.32001845440866,6.08459306597714,1.4576,0.77605,0.0314143693995819,1.0135377473123666,4.320018452003848,26.285554243556536,0.0322706863562147,8.113986077753763,0.1442520376682749,-0.0138172316327976,0.1652096770476219,0.1631735587516027,0.5743917973268389,0.899185263971216,0.0309310344744404,0.0317609256474091
0.86826,-0.88307,0.0326782898144531,0.189236763020941,0.1919920245284,-0.0761400897578621,1.7288216531367,4.52237535456357,5.87521640876949,1.75133,0.88307,0.0358105524786437,1.0145598633268638,4.599513973089139,27.02313989843856,0.0368609374825137,9.121889325297204,0.3319199692342503,-0.014618289980386,0.1756258777888951,0.1733117257414568,0.6329034237052421,1.0120844311277448,0.0351842627127043,0.0361978194667571
0.17857,-0.18316,0.0095531257617187,0.0651150874177633,0.0657964020379527,-0.156768378873503,-0.112850330386202,2.71397818830575,6.88742131937714,0.36173,0.18316,0.0042399746094229,1.0104632358822143,2.783738837512357,19.17278204550398,0.0043291665211399,5.4977170216933,-0.0074251457082063,-0.010314795283199,0.0637223150425636,0.0630828566260344,0.1681888252168974,0.3087559501901312,0.00423101124444,0.0043198226375349
4.7993,-5.0418,0.0095328278320312,1.06508234667082,1.06486495554528,0.0258433360804496,4.34533622454627,4.50695646899419,111.705044327689,9.8411,5.0418,1.1344004051898209,0.9997958925653035,4.734684875552884,528.8881784028722,1.1339373735484513,9.241641344123822,4.627196265580759,0.0275196629264496,0.7250648274441572,0.7251701029403478,1.79870198079463,2.383344466877918,0.758185766576959,0.7579688054706979
0.43914,-0.43705,0.0143175468310547,0.138462520521391,0.139167167363385,-0.106544585190807,-0.0664718940712907,3.15548565311633,9.72004275631435,0.87619,0.43914,0.0191718695891366,1.0050890792600893,3.1554856508489197,30.671455251004428,0.0193675004719484,6.295953391668522,-0.0092507052071805,-0.0148275081189114,0.130297440476702,0.1296786859283013,0.3640457129574592,0.6292431247733263,0.0189904049732452,0.0191823373796391
0.2155,-0.20569,0.0096386077978515,0.0648954798165084,0.0655916892743444,-0.106376368203949,-0.131031325237522,3.28547720578819,6.80509993247829,0.42119,0.2155,0.0042114233006148,1.0107281640991288,3.285477200779203,22.35800047930533,0.0043022697018621,6.421392771212029,-0.0085945659701851,-0.0069774056893666,0.0635302216691679,0.0628766533278806,0.195155514774041,0.3514945488326341,0.0042025800771837,0.0042930413985337
4.266,-3.9154,0.0179286518359375,0.739542007025405,0.73957877522843,-0.0931238022546926,9.21777175089558,5.76814822556581,41.2512207831469,8.1814,4.266,0.5469223801551641,1.000049717396268,5.768148224785882,237.9431546355651,0.5469767647683845,11.062242823784157,6.817268341862573,-0.06887238761614,0.5536430007175177,0.5536218642262444,1.6612710610741177,2.2171796984512486,0.4362673959010992,0.4363025519360431
0.41973,-0.39261,0.009280236743164,0.141733643785463,0.142002604810838,-0.0020637908289089,-0.080231503892279,2.95579085016872,15.3016144674799,0.8123400000000001,0.41973,0.0200884257807045,1.0018976505366106,2.9557908480872177,45.22837154842456,0.020164739773063,5.720599284147358,-0.0113930825405945,-0.0002930636734897,0.1327833921513905,0.1325478474147478,0.3504667126890367,0.5946188279880806,0.0198893154805176,0.0199641238363457
1.4687,-1.3823,0.0232161480566406,0.294404035107365,0.295246345037471,-0.2348761138706,4.07911885800721,4.97449003073553,12.7172838628163,2.851,1.4687,0.0866737358874986,1.0028610675445149,4.974490029050662,63.262001521122365,0.0871704042579853,9.656343074026989,1.2043449338000516,-0.0693463141568995,0.2587009048886449,0.2580503846745898,0.9036916962976398,1.3483328548327718,0.0831214121072899,0.0835783614993431
1.467,-1.2544,0.0184692449755859,0.26668285031705,0.267256672931382,-0.137361302492367,3.73647584149156,5.48910522573426,14.4703626642379,2.7214,1.467,0.0711197426532261,1.0021517038438528,5.489105223680387,79.4293428884755,0.0714261292263516,10.18272048788262,0.9985981018855202,-0.0367107246936311,0.236854464035197,0.2364015545487029,0.9030028375472196,1.314099941571404,0.0687045897474412,0.0689905920956152
0.19005,-0.1815,0.0111802625976563,0.0642409993949653,0.0651911741280565,-0.163079417776255,-0.149762838834245,2.91527192970448,5.8309161845378,0.37155,0.19005,0.0041269060032639,1.0147907822194713,2.9152719252325983,16.998706125200428,0.0042498891841945,5.69939112770414,-0.0097632153043553,-0.0106313387209539,0.0631542892756013,0.0622618684622346,0.1739953230474794,0.3159414871655619,0.004118413683337,0.004240883910417
2.209,-2.3042,0.0142147048828125,0.663783071994571,0.663773217215588,-0.0031448953614189,0.35634766080113,3.32794385598498,46.6962362347866,4.513199999999999,2.3042,0.4406079666665498,0.9999851534644416,3.4713663339997014,162.0997412739898,0.4405948838927322,6.799310189483314,0.2365340332572151,-0.0020874973118554,0.5090880453799833,0.5090939685128331,1.1951943865143535,1.707145216838147,0.3650652235609511,0.3650561420942886
4.4496,-4.3378,0.0155907845019531,0.594287076033217,0.594346491140988,-0.270550796067384,19.7929697402577,7.48654205303365,38.1216539210411,8.7874,4.4496,0.3531771287401106,1.0000999769474337,7.486542051774027,285.3993633805053,0.3532477515316045,14.784978340920324,11.763882114381918,-0.1608009163180507,0.4664639288546541,0.4664266620401855,1.6955422114862322,2.281095844151061,0.3024552561706681,0.3025074451614099
1.9618,-1.8289,0.0095214561474609,0.559400007131761,0.559344463681822,0.0463339605454631,0.289081569334113,3.50731995644807,58.7456850106883,3.7907,1.9618,0.3129283679790142,0.9999007087071488,3.507319955821034,206.03991122924668,0.3128662290515051,6.77704034892996,0.1616961753594888,0.0259166443115567,0.4442655173575577,0.4443011364667631,1.085797191621266,1.566676538532794,0.2722600378377688,0.2722127082198383
0.53698,-0.63732,0.0322714712939453,0.159350784568757,0.162547598063657,-0.0017715548451591,0.645385477584109,3.30352466844639,5.03688216081286,1.1743,0.63732,0.0253926725426784,1.0200614851162813,3.920820776190923,19.748712174294365,0.0264217216362641,7.224345442604974,0.104905859206463,-0.0002879619849186,0.150613802212056,0.1478601799702034,0.493060758821099,0.7767067736588761,0.0250756343917438,0.0260786970301437
1.1372,-0.90226,0.0318216630419922,0.183816809596341,0.18650667382047,0.0615004848388311,2.38470955454878,6.09736893970165,5.86099706902037,2.03946,1.1372,0.0337886194901774,1.01463339576273,6.097368936432396,35.73666137202423,0.0347847393795751,10.935051047393964,0.4447642470467877,0.0114702508656366,0.1710134216738756,0.1687438028664766,0.7594965611014792,1.1116798680608255,0.033230325294153,0.0341934238104548
0.63899,-0.48107,0.0192308382177734,0.16001733273002,0.161129976119288,0.0913032467549977,0.372991486281166,3.96568047355101,8.37872870098656,1.12006,0.63899,0.0256055467740299,1.0069532673091728,3.9656804710898346,33.22736062990227,0.0259628692042023,6.951282599804192,0.060100109277182,0.0147116899692462,0.1493936483180768,0.1484349470152805,0.4940801984618106,0.7514443901702227,0.0252832154906556,0.0256315562342571
0.44393,-0.44226,0.0095953407421875,0.138541001433192,0.13883914348136,-0.0278681974750288,0.177781446614651,3.19744121771825,14.4694333647716,0.88619,0.44393,0.0191936090781117,1.0021520123636218,3.1974412154152776,46.26516215538572,0.0192763077626376,6.382854122696968,0.0246830237748552,-0.0038691966678023,0.1300094483998315,0.1297476194289089,0.3673685628413196,0.6345589214488708,0.0190117352883466,0.0190928732868896
2.6885,-2.7577,0.0145728303076172,0.401175686227181,0.40134238958235,0.0668638203892143,11.293503055849,6.69876910534604,27.5404558421688,5.446199999999999,2.7577,0.1609419312198496,1.0004155367856291,6.871190462045719,189.2357162517004,0.1610757136756708,13.569959565722666,4.53256150319001,0.0268352854516123,0.3374306269201583,0.337311660083295,1.3238070681080665,1.863490809905403,0.1492316852890636,0.1493469147803325
5.1799,-4.7668,0.0189182122558594,0.775020685883053,0.77506236698719,0.0924633079420427,14.7272828690636,6.68320411444465,40.9691125411249,9.9467,5.1799,0.6006570635466378,1.0000537805053349,6.683204113582374,273.80494005268247,0.6007216727197856,12.833418860705766,11.414562719786328,0.071664830313025,0.573835558640924,0.573812076878093,1.8213020901089083,2.393038040978473,0.4704142096627079,0.4704545730051794
0.37259,-0.33671,0.0201691446923828,0.121753563582622,0.123383493205128,0.016644238341354,-0.410711706496645,3.01977185376459,6.11743805138775,0.7093,0.37259,0.0148239302450675,1.0133871196308863,3.019771851317121,18.473267153137524,0.0152234863954998,5.74874305305895,-0.0506750450477953,0.0020536242682949,0.11634510740412,0.1148931426753478,0.3166994660221747,0.5360839299800854,0.0147151297076325,0.015108771897777
0.7362,-0.76124,0.0301860805859375,0.198817737600467,0.201048231088566,-0.0837804224897571,0.653869808001741,3.66180789561729,6.66029597702149,1.49744,0.76124,0.0395284927845681,1.0112187846713123,3.786355122348836,25.218245717955416,0.0404203912238414,7.4481630161447665,0.1314593682609703,-0.0168439057414183,0.1831947013993728,0.1813358524807617,0.5660181064289707,0.915266207227966,0.0387672380264456,0.0396248538080611
0.70637,-0.86972,0.0284834808496094,0.191660389298825,0.193719067538994,-0.235022174421556,1.12241955904408,3.64636279212841,6.80110231477032,1.5760900000000002,0.86972,0.0367337048261771,1.0107412812142686,4.489594187087305,30.534189326741213,0.0375270771281773,8.13595697733343,0.217434070365548,-0.0455282764799306,0.1770737004678613,0.175347619742721,0.6257886870351265,0.9462727455199922,0.036075102467108,0.0368400712189554
0.7677,-0.82695,0.0141130019482422,0.144832380374068,0.145483170287874,-0.186962704372211,5.73301390154436,5.27689902880806,10.3084496708366,1.59465,0.82695,0.0209764184048187,1.0044933999681274,5.684162627163411,58.59490398805675,0.0211653528370105,10.961061652344318,0.8340570377011269,-0.0271999269576638,0.1358265307806768,0.1352582336033442,0.6026479097526325,0.9534516327622816,0.02075944234853,0.020944477917942
0.39992,-0.4116,0.0127320757568359,0.136677505554473,0.137236018677082,-0.0281381190427551,-0.293090706804208,2.91410377432338,10.7787623399428,0.81152,0.4116,0.018680740524593,1.0040863565656586,2.999212624118589,32.32779985197861,0.0188337248223363,5.913316396318555,-0.0402226017130614,-0.0038615634304894,0.1286007734175374,0.1281095382602734,0.3447238128189779,0.594166271866158,0.018508398500731,0.0186585660707118
2.1583,-2.3371,0.0076154078613281,0.612160636660627,0.612058543509552,-0.0182144347939727,0.589172954060837,3.52629666375422,80.3710785626667,4.4954,2.3371,0.3747406450767442,0.9998332247371944,3.818425581019087,306.8909783780537,0.3746156606830342,7.344722244197169,0.3606083401376961,-0.0111483004308486,0.4775119607385967,0.4775752896535397,1.2051021663564945,1.70391137865486,0.3182650915648449,0.3181741725424292
0.4842,-0.37551,0.0213166794091797,0.125068624849622,0.126842122218614,0.156905450920041,-0.102310721783534,3.8173438880617,5.95036965110013,0.85971,0.4842,0.0156421609217754,1.0141801932315666,3.817343885052166,22.71460711277696,0.0160889239689218,6.7777957691412585,-0.0129773090767416,0.0199022203823665,0.1194191384820292,0.1178440336622979,0.3948759065538961,0.6204205615907674,0.0155210833008084,0.0159608689177825
5.3344,-4.8511,0.0134095998388672,0.697125802671493,0.697084575252778,0.0360185298850917,17.1868346687809,7.65244303112808,51.9839953189585,10.1855,5.3344,0.4859843847503735,0.9999408607190392,7.652443030030303,397.8045597421927,0.4859269050553459,14.611569901464769,11.980677345026852,0.0251079616061786,0.5289118231084906,0.5289361158977562,1.845995097369729,2.414618296669822,0.3960774379969998,0.3960387560247405
4.705,-4.5606,0.0105701479833984,1.05119974925025,1.0509962320863,0.0775713218547681,4.10738694226351,4.47670491706735,99.4306071908363,9.2656,4.705,1.105020912823789,0.9998063952506876,4.476704916641404,445.121483907092,1.1045930798595998,8.816016381643484,4.316848200039418,0.0815271669873149,0.7183256419780246,0.7184248654988135,1.741342983314039,2.328798499809949,0.7443254019181483,0.7441221372167266
0.80526,-0.75102,0.0313459841699219,0.195472151657625,0.197922398636858,-0.0128287795830364,0.804960429296942,4.06856427340225,6.31412296911626,1.55628,0.80526,0.0382093620736615,1.012535017685134,4.06856427134662,25.689415048060518,0.0391732758821673,7.863081742805204,0.1593196989742057,-0.0025391028266581,0.1805887218329953,0.1785412133393005,0.5907046257327868,0.9385530766814296,0.0374974619716254,0.0384254699948667
0.42391,-0.3874,0.0138064684179688,0.130472819023574,0.131169596271385,-0.0170585451723728,-0.388177060550929,3.23177025812405,9.50059003507883,0.81131,0.42391,0.0170231565039582,1.0053404008014195,3.231770255660229,30.703724087610883,0.0172054629859981,6.185198570733648,-0.0509170283142783,-0.0022375624832373,0.1232521383868251,0.1226359691240416,0.3534066087452468,0.5940503403980874,0.0168798862309579,0.0170591251628865
1.7868,-1.6522,0.0081292793652343,0.512704470308383,0.512643742358882,0.0417926551951933,-0.0271513472550158,3.48546144692649,63.061400565375,3.439,1.7868,0.2628658738741995,0.9998815535010792,3.485461446246591,219.7980777560218,0.2628036065797198,6.7083623873080525,-0.0139189682668968,0.0214247431623782,0.4138589426775344,0.4138990887666721,1.0248939841738267,1.4904291258518982,0.2333836412716284,0.2333343337157711
0.48128,-0.44998,0.0161088708154297,0.134354840082137,0.135284532370438,-0.0520397625563416,0.266677489096073,3.55753899996602,8.39813875972348,0.93126,0.48128,0.0180512230534966,1.006919677676224,3.557538997336358,29.876705979375085,0.018301904698688,6.883713777134842,0.0360773394060848,-0.0070401749421033,0.1268833088292119,0.1260640664847385,0.3929065788607686,0.6581726396440403,0.0178902342038083,0.0181364406628368
4.6428,-4.5022,0.0168421483935547,1.08547996673348,1.08534560881625,0.0253471830785165,2.99498352805264,4.27771574536866,64.4422304954633,9.145,4.6428,1.1782667581797168,0.9998762224809896,4.277715744974519,275.66554242035966,1.1779750905767166,8.425887500601355,3.250592220648933,0.0275104538501294,0.734934601138257,0.7349990286310124,1.7303803962182105,2.316980973277778,0.7785294955139732,0.7783955876119042
1.3821,-1.4367,0.0207740073632812,0.286341250507091,0.28702410404652,0.0189417747930445,4.48131003123211,4.81527502573789,13.8165015072559,2.8188000000000004,1.4367,0.0819913117419646,1.002384753988401,5.005502949907628,69.15853874315866,0.0823828363037075,9.82077797396786,1.286243996669079,0.0054367459390245,0.2523326573014816,0.2518019487068019,0.8906446648905695,1.3399362371417411,0.0788031505787093,0.0791649406752755
6.2083,-5.9103,0.0181482163183594,0.802846964110088,0.802856075139244,-0.0237363951182434,20.9854357129048,7.7327682909085,44.2388420468102,12.1186,6.2083,0.644563247780785,1.0000113482762745,7.732768289945346,342.0887131211118,0.6445778773879913,15.094361709088105,16.848284551549668,-0.0190569090225872,0.5893721158210259,0.5893670621440832,1.9752331398616847,2.574031070505239,0.497474846096385,0.4974837417969036
4.9613,-4.9262,0.0142491295996094,0.629213546639204,0.6292212724405,-0.640351225647921,21.7529501736048,7.88482560476234,44.1585760057758,9.8875,4.9613,0.3959096872742857,1.0000122783454617,7.88482560350924,348.1826683166481,0.3959194096916419,15.713867969019734,13.687418987570403,-0.4029226130110185,0.488102153692209,0.4880974116600832,1.7852885780977432,2.3876153421786213,0.3335463083178435,0.3335532732265241
0.57807,-0.5714,0.0115195604931641,0.125362495044925,0.125860167365487,0.287142425438204,2.68688642544246,4.59295432463026,10.9257785867937,1.14947,0.57807,0.0157157551638888,1.003969865309291,4.5929543209809935,50.18160157454586,0.0158407817292683,9.13291332077088,0.3381719751982431,0.0361397937233842,0.1185473367176674,0.1181052015730822,0.4562025813891119,0.7652213001226789,0.015593541474292,0.0157166259794652
0.19088,-0.17503,0.0143890548681641,0.0626799775516709,0.0642954596878336,-0.0334108116651259,-0.27007054163333,2.96879438963121,4.46835878220799,0.3659099999999999,0.19088,0.0039287795858779,1.0257734941314172,2.9687943850137857,13.265638391285846,0.0041339061364698,5.691070585815141,-0.0173643096224571,-0.0021481634945529,0.0623130400479011,0.0607939981083275,0.1746925296294635,0.3118208731800835,0.0039210820859608,0.0041253850220831
5.4746,-4.978,0.0153212658300781,0.739966898767819,0.739944858463437,0.135246205996306,16.2193638101275,7.39865942357989,48.2952823004223,10.4526,5.4746,0.5475510112720636,0.999970214337404,7.398659422580001,357.32034317428577,0.5475183935664759,14.126187754440457,12.001434858851786,0.1000747347536534,0.5538534221860274,0.5538660893488291,1.867886829615606,2.4382167784586044,0.4366736886986321,0.4366526114940059
2.5545,-1.7294,0.0133505637988281,0.577424285915489,0.577437651497899,0.134382011713174,0.331381401545282,4.42385423495249,43.2519300457247,4.2839,2.5545,0.3334188059650124,1.0000231467271703,4.42385423418637,191.34023246944884,0.3334342413674091,7.418809611990993,0.1913520982583899,0.0775972332472183,0.4558017910375085,0.4557933180312881,1.2682144063874008,1.6646644614242223,0.2877461748709362,0.2877577506136734
6.8259,-6.2926,0.0147480006933594,0.804096007094837,0.804034939509932,-0.173197565283641,26.3560808483475,8.48955644161491,54.5182330966371,13.1185,6.8259,0.6465703886258601,0.999924054236859,8.489556440559044,462.8356138327241,0.64647218395274,16.315833247699764,21.19120987061996,-0.1392568939260997,0.5900257892521756,0.5900596392347924,2.057438745786828,2.6474859941274285,0.4986945723765413,0.4986349286452595
0.45207,-0.43768,0.0121416893896484,0.143652362478236,0.144129614216961,-0.0204570032736737,-0.103980571958667,3.13655179371736,11.870639215976,0.88975,0.45207,0.0206360012455785,1.0033222679401812,3.136551791541157,37.23287441878825,0.02077334569433,6.173262894073361,-0.0149866797224616,-0.0029484599898696,0.1346441856804434,0.1342269678244505,0.3729901246069614,0.636444545190149,0.0204259636146445,0.0205605220746267
0.47752,-0.39303,0.0148051973925781,0.131050867901769,0.131852713071558,0.0028553564308435,0.074213532018534,3.62161679404234,8.9058395896603,0.8705499999999999,0.47752,0.0171743299778069,1.006118578854267,3.621616791295623,32.253538005108176,0.0173851379443305,6.6024428247244185,0.0097852555432666,0.000376486492193,0.123855859188075,0.1231471721630593,0.3903650065855188,0.626232505269438,0.0170285182837763,0.0172357454212494
2.5447,-2.1604,0.01231985015625,0.634493147911078,0.63445784763781,0.072842310327857,0.555519250296233,4.01082595080876,51.4988282804676,4.7051,2.5447,0.4025815547461091,0.9999443644531408,4.010825950176597,206.55283522695785,0.4025367604292025,7.415937901589933,0.3524535478643178,0.0462153754275775,0.4913111577017146,0.4913327550112598,1.2654535301689565,1.741360511644203,0.3383145062756876,0.338282568715929
4.9091,-5.0113,0.0113500662597656,1.0802422167916,1.0800380938658,0.037773562836219,4.16949955626396,4.54530264060297,95.1569857961428,9.9204,5.0113,1.16692324693883,0.9998110395774132,4.639928932135134,441.52164764114144,1.1664822842012708,9.18523157231724,4.5032183531216265,0.0407968868041499,0.7323862079040785,0.7324843373139842,1.793641031312719,2.390632599682525,0.7733083028862654,0.7731047850128919
0.20862,-0.20048,0.0151940752001953,0.0620361191650935,0.0638549987204627,-0.222744416446254,-0.110846429259657,3.26708956511413,4.2026248968178,0.4091,0.20862,0.0038484800810656,1.029319684675902,3.267089559997714,13.730351856115815,0.0040774608615902,6.406702804117845,-0.0070780985985432,-0.0142233444271657,0.0618991022345103,0.0601879327546734,0.1894792128805528,0.342951202718922,0.003841093626615,0.0040691705460354
2.682,-3.0009,0.0143005043896484,0.667068923454109,0.667059350590481,0.0120756685635511,1.91903767330351,4.02063174382593,46.6458617413061,5.6829,3.0009,0.4449809486382238,0.999985649213612,4.4987001484856375,209.84574370591187,0.4449681772101943,8.51933189170883,1.280112024112507,0.0080551876299482,0.5110612063685187,0.5110669487172474,1.386519335811187,1.899552025077164,0.3680961371440723,0.3680872986299854
0.41222,-0.41306,0.0129518161914062,0.140638543380427,0.141199474554195,-0.0895926121406939,-0.342591228544554,2.91941596313649,10.9019053750842,0.82528,0.41306,0.0197791998841682,1.0039884590659605,2.9253649917013207,31.892052103462422,0.0199372916143807,5.8447809527702175,-0.0483737014573671,-0.0126504297582037,0.132079879924395,0.1315882313668216,0.3457575656458799,0.60173339992363,0.0195861331612197,0.0197411465968496
0.18254,-0.2082,0.0112885926708984,0.0610392003806702,0.0620596251772484,-0.264158105466693,-0.187001935166465,2.94136484838005,5.49755199664842,0.39074,0.2082,0.0037257839831116,1.016717530513876,3.3548381748983576,18.44339717318286,0.0038513970771405,6.296203018538829,-0.0116052700038509,-0.016393553012795,0.0602100654784157,0.0592488055852173,0.1891316487225038,0.3298359795825037,0.0037188604417181,0.0038439994355042
1.2978,-1.3518,0.0199884579394531,0.275493451052269,0.276150540677487,-0.275816126653253,4.67701142318566,4.69961057043769,13.815500000749,2.6496,1.3518,0.0758966415726889,1.0023851366428844,4.8951560847720215,67.62902857898418,0.0762591211164684,9.59476665350788,1.291559233267503,-0.076166772502866,0.2438481565510442,0.2433331241704514,0.8551809924071783,1.2946175725479865,0.0731543991077787,0.0734912516288565
0.80317,-0.73725,0.0312911369970703,0.203705971312411,0.206046102181566,-0.0131563795693642,0.658597169184769,3.89801113195654,6.58480713567096,1.54042,0.80317,0.0414961227483328,1.0114877867984404,3.89801113006473,25.66765143460378,0.0424549962242163,7.476093859300412,0.135701379618335,-0.0027108207290886,0.1873473249222461,0.1854051071891297,0.5895462270753584,0.9323294216916336,0.0406582589547185,0.0415785046695267
0.58558,-0.59205,0.016348732890625,0.191475986029212,0.192126084672358,-0.0246981459660274,-0.282452590922948,3.04789430856627,11.7517416155554,1.17763,0.59205,0.0366630532258589,1.0033951962138337,3.0815701090327985,36.213815488913085,0.03691243241153,6.129464416012659,-0.0542665103995892,-0.0047451580831192,0.1757383387811437,0.1751928629508814,0.4650224939641765,0.7782371294549949,0.0360069518827386,0.0362474824914391
0.18004,-0.1815,0.0085813883154296,0.0622900775525649,0.0628633393117483,-0.119123693327262,-0.298768424321858,2.86399039521518,7.32554418947776,0.36154,0.1815,0.0038800537615045,1.0092030975202964,2.887215373831702,21.150423592720436,0.0039517994294239,5.751205764490983,-0.0187815808337813,-0.0074885131537003,0.0609665297703054,0.0604270282279332,0.1667848176448254,0.3086164120611111,0.0038725457675885,0.0039440115806605
0.9104,-0.68864,0.0296798580322266,0.183384526460699,0.185726566963277,-0.0328919931501767,1.47572733054245,4.90182968912579,6.25766358995431,1.59904,0.9104,0.0336298845452148,1.012771199656274,4.901829686486516,30.674001066449883,0.0344943576759646,8.6096460257902,0.2740817708755304,-0.0061089169683619,0.1703557233734707,0.1683785756812239,0.6473126442161459,0.9551421460757412,0.0330767666944165,0.0339127640329217
0.49066,-0.41222,0.0109419338330078,0.114974793304517,0.115466334151609,0.0796676308590387,1.00512536650255,4.24937713321492,10.5526441590507,0.90288,0.49066,0.0132192030954164,1.0042752044386165,4.2493771295347305,44.84216437460464,0.013332474322411,7.819422049309741,0.1160581414328419,0.0091989292858368,0.109272554382678,0.1088317977547637,0.3992189749027736,0.6433685279967981,0.0131325918826919,0.0132443790415143
0.41869,-0.38281,0.0151343729589844,0.124574087599583,0.125459854353031,0.0848298976518034,0.0790084653604262,3.3372428348422,8.2897292602105,0.8015,0.41869,0.0155187033012685,1.0071103603470417,3.3372428321822016,27.66483939362444,0.0157401750542837,6.388497766829957,0.0099123905567755,0.0106427466041777,0.1181917115619249,0.1174043751731801,0.3497339106043981,0.5886196512060109,0.0153995196936776,0.015617583236688
4.1846,-4.2276,0.0138612079296875,0.990036735389704,0.98989204994127,0.0466017042161959,3.79711847840978,4.22732963685108,71.4145588871191,8.412199999999999,4.2276,0.9801727374211028,0.9998538584041908,4.2707687164714025,304.9950618261741,0.9798862705369298,8.49809835289543,3.758737394462933,0.0461306565173268,0.688080391004351,0.6881530985608436,1.6539522817407435,2.2420067201081126,0.6831840820229277,0.6830394039339915
0.55638,-0.70408,0.0080188601269531,0.150517119517475,0.150693872393493,-0.332886269228491,1.90147678297003,3.69212092809703,18.7924305958373,1.26046,0.70408,0.0226554032678378,1.0011743034710416,4.672253677935062,87.80300193204977,0.0227086431769463,8.364374603582021,0.2865408996920753,-0.0501639209766641,0.1403651277209856,0.1402115104499167,0.5330253756618919,0.815568332395784,0.0224025810225042,0.0224546401258341
4.8536,-4.7701,0.0184940304541016,1.12649431453106,1.12637109607932,0.0586965404867475,3.34567842860879,4.30905943600156,60.9045766889344,9.6237,4.8536,1.2689894406708029,0.999890617688754,4.309059435618987,262.4414394580726,1.268711846082929,8.543986997397074,3.76847547876102,0.0661140866441219,0.7544168159947494,0.7544747620804482,1.7670568565876832,2.3630873543835724,0.8193345520499006,0.819212201736084
0.71242,-0.7264,0.0146074443115234,0.171993865322524,0.172571210970465,0.160005623709161,1.84283113121652,4.12826679487072,11.8139222228167,1.4388200000000002,0.7264,0.0295818897085825,1.0033567798858565,4.209276828354605,49.72806875287259,0.0297808228558127,8.337543620833113,0.3180195999281067,0.0276123642455744,0.1591989537972127,0.1587064567746744,0.5460383155217332,0.8915143157723675,0.0291527875069514,0.0293459862539573
0.18546,-0.17983,0.0137569139941406,0.0635883737664515,0.0650442895634291,-0.187609744605558,-0.313106873240604,2.85128796462824,4.72811631962902,0.36529,0.18546,0.0040434812782619,1.0228959416391952,2.851287960244636,13.481221059524673,0.0042307596048112,5.616019513629694,-0.0203658141273617,-0.0122029425530448,0.0630163847412305,0.0616484493063476,0.1701308849165446,0.311366860284177,0.0040353283778487,0.004221835104151
2.7461,-2.7302,0.0112521281835937,0.360335036133461,0.360422737300261,-0.145786300844414,16.7024948144675,7.61910866270427,32.0315171867467,5.4763,2.7461,0.1298413382653026,1.0002433875642975,7.619108660590323,244.0516079081665,0.1299045495630129,15.194102457299728,6.019958900773791,-0.052544697611223,0.3077954876985739,0.3077310195068909,1.320715298807072,1.8681493596343328,0.1220772142512604,0.1221331597432445
2.8779,-2.9347,0.0176796632958984,0.478397429141697,0.47860727183643,-0.234134662736785,8.74713594779395,6.01307203076421,27.071062600353,5.8126,2.9347,0.2288641002093849,1.000438636543398,6.131749708119344,165.99297929398566,0.2290649206547103,12.144821737627185,4.186442872356028,-0.1120585521747953,0.3911006121839766,0.3909586829574077,1.3698346400812056,1.918773838780711,0.20609024693467,0.206253653155165
0.87347,-0.71117,0.0322053221337891,0.210670321229388,0.213066881823264,0.0183785831850036,0.263392252646848,4.09951087905125,6.61589040898677,1.5846399999999998,0.87347,0.0443819842468935,1.0113758809439937,4.099510877127211,27.12191462203644,0.0453974961298887,7.437289107045306,0.0561201659678692,0.0039158674115581,0.1931517659713792,0.1911741907029901,0.6277923263131504,0.9495862332717944,0.0434253078347049,0.0443971921626593
0.19276,-0.19547,0.0107142587548828,0.0641181621169996,0.0649917430292386,-0.249908115421848,-0.101048602474132,2.96591522269653,6.06591127917458,0.3882299999999999,0.19547,0.0041111387132618,1.0136245454023227,3.0076128226211805,18.243912401922103,0.0042239266619785,5.973528040754186,-0.0065673248054624,-0.016241964018418,0.0629670461071444,0.0621464393745849,0.1785394134984942,0.3280295544087546,0.0041027110727388,0.0042150309249187
1.2287,-1.1547,0.0118507102880859,0.372669726194445,0.37276715295972,-0.0117970881764426,0.0775242691158926,3.29615952007652,31.4552582839258,2.3834,1.2287,0.1388827248218426,1.000261428976922,3.296159519192275,103.68154817413075,0.1389553503256953,6.393803693369308,0.0288985010836144,-0.0043975669727472,0.3168285224254736,0.3167575488284802,0.8014184558437332,1.2188811210590544,0.1300477158819981,0.1301114829290676
1.4634,-1.4075,0.0220364342724609,0.290973727792741,0.291736137669313,0.0813309095783306,4.58648743696281,5.01617664404259,13.2388086957379,2.8709,1.4634,0.0846657102656041,1.0026202014253776,5.016176642323162,66.40820267315215,0.0851099740222083,9.840741781088948,1.3380441303283568,0.0237271654335143,0.2559871566929418,0.2553967613807053,0.9015425095252468,1.353487038143773,0.0812718383818241,0.0816813404018066
5.0351,-5.081,0.0077020015136718,1.01647411572089,1.01625510920557,0.0554562081468045,4.19534107311968,4.95456303677138,131.946885157269,10.1161,5.081,1.0332196279305654,0.9997845428507116,4.999728860868371,659.6986413221119,1.032774446986425,9.95429189715224,4.263536800417854,0.0563576548663576,0.7012418844679928,0.7013504990083302,1.8051691561379728,2.4083945078815345,0.70962056025765,0.7094015825918114
2.4364,-2.2727,0.0074476901220703,0.59103096991811,0.590933592083329,-0.0091175282478717,1.04532365218731,4.12296750876947,79.3445460804244,4.709099999999999,2.4364,0.3493176074023418,0.9998352405546904,4.1229675080717705,327.134981095217,0.3492025102525062,7.968915733155793,0.6177168606767115,-0.005387853718436,0.4643210087506002,0.4643822148595394,1.2344244117817644,1.7420613930312023,0.2995989886560133,0.2995136847524756
4.4162,-4.1917,0.0118651083007812,0.916535917818991,0.916388942861771,0.0408430547881398,4.48244767314882,4.81913278679328,77.2339299087082,8.6079,4.4162,0.8400380886523002,0.9998396407010935,4.819132786267403,372.2005607390184,0.8397686945993141,9.393282258709114,4.107665484630052,0.0374281238005488,0.6504426562657533,0.6505193470241867,1.6893944625500272,2.26258567673018,0.6097862717611559,0.6096398542619037
0.24888,-0.25847,0.0146290577246094,0.0670519853693626,0.0686132842432562,-0.116882994847813,0.251235471192695,3.62728592203283,4.690205311572,0.50735,0.25847,0.0044959687419732,1.0232848999617914,3.767054768970613,17.66826019138394,0.0047077827746458,7.394340685716875,0.0172380907969327,-0.008019726148696,0.0663618119103208,0.0648996921912307,0.2298966974068415,0.4103531421809403,0.0044858920661662,0.0046967358228508
2.1364,-1.9322,0.0125704994042969,0.602402039470065,0.602386124591763,0.030686041695752,0.0615570734344937,3.5465624336016,47.9206199545146,4.0686,2.1364,0.3628882171576937,0.9999735808027588,3.5465624330128485,169.95346917357796,0.362869043100683,6.754139634411194,0.0370811269074152,0.0184848457361653,0.4714938461905449,0.4715037781283126,1.1430756453746298,1.6230646453487572,0.3096061369944072,0.3095920682016423
1.384,-1.3441,0.0180165827246094,0.272287301561328,0.272816367708833,-0.0180211356095371,4.03250059586773,5.07300940784129,15.1425146421461,2.7281,1.384,0.0741403745915495,1.001943043411415,5.073009405981799,76.81811881160682,0.0744287704898411,9.999766589926985,1.100132165348339,-0.0049164607589822,0.2412320575665757,0.2408163054213773,0.8687797492031033,1.3158987204979216,0.0715206901450406,0.071789144060693
1.5125,-1.399,0.0222056997753906,0.295578462083901,0.296339435216507,-0.15502971776241,4.07801533339823,5.1039443970559,13.3451968735038,2.9115,1.5125,0.087366627247884,1.002574521252271,5.103944395333566,68.11314250339046,0.0878170608644383,9.82488205422392,1.208476760703487,-0.045941419003487,0.2595444735269555,0.2589572842836054,0.921278273385194,1.3639209321429984,0.0837588348484637,0.0841729917083688
1.0189,-0.89016,0.0318454076904297,0.221935407994804,0.224154868028719,0.074848305486316,1.30165014797261,4.54551805615686,7.03884435105169,1.90906,1.0189,0.0492553253218201,1.0100004769539384,4.545518054129011,31.995193991712785,0.0502454048609724,8.516701046634145,0.2917712171383629,0.0167776120384584,0.202250702253628,0.2004360017376639,0.702552808634041,1.06783000494491,0.0480806985790077,0.049023855776633
6.6682,-6.1532,0.0153432588232422,0.812005755286636,0.811952469257689,-0.0256095544968574,23.4823642973306,8.21254969037321,52.9191665611305,12.8214,6.6682,0.6593533466186202,0.999934377153618,8.212549689361756,434.6012821238981,0.6592668123336585,15.790825798143851,19.06656367522618,-0.0207937410103127,0.5944049761827558,0.5944343838224962,2.037081907263706,2.6262181156689786,0.5064279762443038,0.5063758254823385
0.42724,-0.38802,0.0116752687646484,0.141474378916191,0.141920889376031,0.0164099901852739,-0.406898933684914,3.01040954491196,12.1556849985119,0.81526,0.42724,0.0200149998897219,1.0031561217157836,3.010409542790785,36.59358983103524,0.0201415388412836,5.744467942738543,-0.0577474585547216,0.002328920401746,0.132711835082995,0.1323207416339267,0.3557425093566911,0.5962287081461192,0.0198173329622881,0.019941381239292
0.523,-0.52154,0.0083546946533203,0.120640950268512,0.120900509686626,-0.0714159892598314,2.39723263214604,4.3258709277208,14.4709668878895,1.04454,0.523,0.0145542388816895,1.0021515025977592,4.325870924142739,62.59953420705775,0.0146169332424859,8.639665803258234,0.2898266470638683,-0.0086342295012882,0.1141323887567603,0.1139007986444103,0.4206820739130247,0.7151728253169162,0.0144493425132412,0.0145111355858785
2.2493,-1.8671,0.0180197762304687,0.663354061217462,0.663436854769387,0.0443162896134651,-0.132647578423212,3.39037541226416,36.8171527928085,4.1164,2.2493,0.4400386105337003,1.000124810349032,3.390375411753131,124.82396888560572,0.4401484602662966,6.204659825252562,-0.0880032922218713,0.0294010597962065,0.5088858564949598,0.5088360826714566,1.178439588527664,1.632451066743101,0.3646699260990759,0.3647462056808873
0.7168,-0.73704,0.0286796502978516,0.206346308137513,0.208279933728737,-0.0077991735049012,0.496250165798169,3.44152212441914,7.26228986635654,1.45384,0.73704,0.0425787988819814,1.0093707782210397,3.5386990309208004,25.699058035073254,0.043380530794047,6.980221153687583,0.1033589516453173,-0.0016244113407397,0.1891978058857812,0.1875962114269561,0.5521825152033795,0.897654144489127,0.0416972582918433,0.0424659520435743
0.93376,-0.65317,0.0317605657617187,0.194023756245889,0.196559329646733,0.0481953223518805,0.862098490789487,4.75052495182093,6.18878552483619,1.5869300000000002,0.93376,0.0376452179877641,1.0130683651764982,4.750524949404086,29.399979964635,0.038635570071173,8.073541978621732,0.1694535014390417,0.0094732402535938,0.1794502131350513,0.1773289111258214,0.6594662941910566,0.950471844469041,0.0369539324727824,0.0379078999363458
1.2865,-1.4132,0.0201984361132812,0.296485962048016,0.297100960406128,-0.326028648031973,4.07300543238398,4.33017785685174,14.7091071179898,2.6997,1.4132,0.0879039256915376,1.0020742913211012,4.756632215501879,69.96581245585587,0.0882689806742436,9.08681007089614,1.2100938257006573,-0.0968634244502106,0.2601317437898796,0.2596574983621948,0.8809536675844696,1.308251735281849,0.0842528409424223,0.0845883427631301
0.54824,-0.45228,0.0182341438525391,0.14150181846075,0.142637554273737,0.0631646740528672,0.265486235387133,3.84358805639549,7.82255286715176,1.00052,0.54824,0.020022764627699,1.0080262976443617,3.8435880537008416,30.06667060581463,0.0203454718891932,7.014422004028832,0.0378683073089623,0.0090096546233987,0.1333392341527859,0.1323447800313413,0.4371188019099588,0.6934071467658027,0.019824945309581,0.0201412678815653
0.4456,-0.40409,0.00945041890625,0.145327432486316,0.145598971562253,-0.0428044985160049,-0.370989296571175,3.06046117784202,15.4066156227172,0.8496900000000001,0.4456,0.0211200626330647,1.0018684633114654,3.060461175740043,47.15134849632636,0.0211990605199857,5.835824184054213,-0.0540156600413667,-0.0062322909621682,0.1359276194953608,0.1356905633623234,0.3685244602958817,0.6150180574816525,0.020900125445354,0.0209774864082563
5.2768,-5.152,0.0118018010253906,1.05868840454659,1.05849569884936,0.0902713365519976,4.17218206301944,4.98518794713682,89.689336108285,10.4288,5.2768,1.1208211379214044,0.9998179768509936,4.985187946665856,447.11819356516696,1.1204131444825949,9.852472721761082,4.416236768522526,0.0955518214696724,0.721975472766985,0.7220690832019481,1.836860296473151,2.436136485418571,0.7518033428995369,0.7516109491703054
4.6508,-4.8845,0.0132485350927734,1.12933705196301,1.1291390284856,0.0619738068688783,2.74740295167299,4.11889048440532,85.2274625518033,9.5353,4.8845,1.2754021769365025,0.9998246550247792,4.325862339661131,368.68226780756254,1.2749549456494047,8.444752823701664,3.10219989971051,0.0699770440794794,0.7557176860270594,0.7558106880652588,1.77232177533558,2.3547315233575863,0.8221568178499715,0.821960248096658
0.51382,-0.55367,0.0125665487304688,0.179254160445465,0.179650445878917,-0.02753837279844,-0.120261584813163,2.86010979536512,14.2959256142729,1.06749,0.55367,0.0321320540370085,1.0022107455260514,3.0819294490645257,44.05903382618258,0.0322742827044936,5.942039242837594,-0.0216050473337899,-0.0049472809520195,0.1652181622861142,0.1648821712196526,0.4406198741825398,0.726335311144641,0.0316266182114597,0.0317644095611362
0.50005,-0.45436,0.0095865097753906,0.129183886200472,0.129507640521271,0.0028568690375209,0.115378903974408,3.86116215218877,13.5093630065165,0.95441,0.50005,0.0166884764538564,1.00250615018692,3.861162149207351,52.16184059682362,0.0167722289533867,7.369526580991876,0.0149424496196558,0.0003699863683276,0.1217818214194391,0.1214951471930687,0.4054984408859545,0.670088357608148,0.0165507539708092,0.0166331283184963
3.8779,-4.9295,0.0132773976367188,0.659495777414954,0.659468421735817,-0.497145795909864,11.7356464525648,5.88034221531457,49.6684997903544,8.8074,4.9295,0.4349346804281546,0.9999585201602956,7.474959887051668,371.270040842974,0.4348985992667293,13.355302101474562,7.739288244122449,-0.3278519534012746,0.5064973232145691,0.5065138076823104,1.7799398924227128,2.2831372027712296,0.3611193293101719,0.3610941841829742
0.21174,-0.19422,0.0157611821191406,0.0653115606245627,0.067170916329409,-0.218636322468182,-0.133223622624925,3.1522571310717,4.26179431350112,0.40596,0.21174,0.0042655999512159,1.028469011982239,3.1522571263788106,13.434271430658292,0.0045119320005324,6.043687083332114,-0.0089487528084395,-0.0146860021230799,0.0650111434928495,0.0632673015657716,0.1920573431819595,0.3407203434816447,0.0042565280686091,0.0045017837493733
1.5563,-1.4372,0.0218365792529297,0.294179581507378,0.294917286227714,0.157905409303117,5.13374093822357,5.27707283593522,13.5056541050561,2.9935,1.5563,0.086541626175856,1.002507667650845,5.277072834145874,71.2703200829483,0.0869762057159194,10.150303623347474,1.5140289456970135,0.0465690347923516,0.2584468214727902,0.2578769665944406,0.938560900519883,1.3846680393753066,0.0829998321533549,0.0833997180337262
0.83863,-0.83571,0.0305374438769531,0.196395988767244,0.19870854586205,-0.144209338460207,1.04977277139594,4.22040227994122,6.50704579802821,1.67434,0.83863,0.0385713844038634,1.0117749705996757,4.220402277817303,27.462350831750097,0.0394850861986104,8.426109666766777,0.2085988208896614,-0.0286556279451559,0.1812447654805936,0.1793136950158154,0.6090207290771545,0.983702620933407,0.0378460999628846,0.0387254811217262
5.1616,-5.1674,0.0096445515771484,1.13349368720001,1.1332579621035,0.085067791508135,3.61393695537293,4.55465584412863,117.502400504406,10.329,5.1674,1.2848079389222744,0.99979203660404,4.559773831151857,535.7843654094912,1.2842736086709776,9.114429674878574,4.095522829216454,0.0964037520451544,0.7576503708094036,0.7577608647477084,1.8192773552647945,2.427365809891352,0.8262819678254539,0.8260480782578606
0.39553,-0.35882,0.0119675291357422,0.1243898380046,0.124933976398631,0.0201609095763302,-0.188063842058053,3.16591219940018,10.4394127627819,0.75435,0.39553,0.0154728317988106,1.0043744593796595,3.1659121968661115,33.05026394409891,0.0156084984587736,6.037989193502265,-0.0234955636051166,0.0025187826011841,0.1177243462885348,0.1172405223044901,0.3332742714342538,0.5620984179434133,0.0153543481588159,0.0154879387326091
1.5481,-1.4762,0.0210025201660156,0.280502948822692,0.281219827275686,-0.098845525392233,4.76337537066629,5.50494613056697,13.3898134629924,3.0243,1.5481,0.0786819042982257,1.0025556891852554,5.504946128609448,73.71020146115497,0.0790845912529666,10.754220384182904,1.3395555989880308,-0.0277973215777782,0.2478126141839217,0.2472529295229615,0.9353479834076124,1.3923509827024216,0.075739836786418,0.0761130810278556
1.6516,-1.3168,0.0211732320019531,0.292341032667337,0.29303558660601,0.106914420227615,4.5056141263437,5.6361755209636,13.8399081717415,2.9684,1.6516,0.085463279381005,1.0023758342511766,5.636175519040216,78.0041512815443,0.0858698550175283,10.129827688737574,1.3203052785334517,0.0313297298480406,0.2569926219214316,0.256455327702706,0.9751632313850994,1.3783629907936104,0.082006881464623,0.082381375488441
0.20257,-0.20257,0.0146300754638672,0.0620357081937643,0.0637227516936705,-0.164276142499106,0.011111305393646,3.17892737861979,4.35559965846045,0.40514,0.20257,0.0038484290911018,1.0271947148877123,3.178927373631109,13.846134909945349,0.0040605890834131,6.357854747262218,0.0007080429545918,-0.0104681278376645,0.0617747852482692,0.0601875457891067,0.1844609333617351,0.3401369419496766,0.0038410428321315,0.0040523671413313
4.4496,-4.5414,0.0157111499365234,0.692690276175781,0.692699337317392,-0.147778881055573,15.8410900531904,6.42356612788444,44.0896649905356,8.991,4.5414,0.4798198187084798,1.0000130809424086,6.556091156275411,289.05586092951165,0.479832371919954,12.97965728323253,10.97311258223012,-0.1023663329767011,0.5263244957184159,0.5263191426319795,1.7122471764152376,2.3016846877508814,0.3919203362487152,0.3919288191451272
0.40409,-0.41202,0.0083678887304687,0.137982463537833,0.138202334787847,-0.0203068423455789,-0.0990071883176813,2.92390139877388,16.5157949919471,0.81611,0.41202,0.0190391602439694,1.0015934716935555,2.9812810350444483,49.23822583538339,0.0190998853408121,5.905182431702648,-0.0136830245862836,-0.0028064530243277,0.1294501184831896,0.1292569256889494,0.3450213032766865,0.5966968510318751,0.0188601835747616,0.0189197723422623
1.4476,-1.3589,0.0195694012597656,0.27523764217656,0.275865421935318,-0.132827251325336,4.36442581525205,5.24748621934726,14.0967737476206,2.8065,1.4476,0.075755759670912,1.0022808641055252,5.247486217445075,73.97262559989413,0.076101731019551,10.17343884309174,1.203994169029901,-0.0366424457313723,0.2436247106576545,0.2431325472635044,0.8951079526062484,1.33671013176413,0.0730234468202282,0.0733450028276467
0.8595,-0.67404,0.0318138636865234,0.178094507182878,0.18087091605862,0.0583750993360195,1.19238631334311,4.75200777841716,5.68528607027502,1.53354,0.8595,0.0317176534887121,1.0155895250117517,4.752007775789871,27.01652354355308,0.0327142882758843,8.478643402541941,0.215668004790129,0.0105583576919187,0.1662522306984034,0.163898308821989,0.6203076343829877,0.9296175342441628,0.0312250380456615,0.0321905674432991
4.1767,-4.7927,0.0163826394335938,0.674587282753522,0.674621517411589,-0.540239244923348,14.7584653347853,6.19117518816374,41.1790493312225,8.9694,4.7927,0.4550680020527802,1.0000507488933414,7.104279771090563,292.5474854141921,0.4551141917547149,13.295454958336574,9.956378278819194,-0.3644570191754801,0.5155871799900029,0.5155667365598612,1.7565985041344656,2.2995204016212005,0.3750526363373598,0.3750843798495268
2.0953,-2.4877,0.0099856218115234,0.370102484526952,0.370146834320098,-0.2145252265673,15.2636019013386,5.6607265164073,37.0679804729784,4.583,2.4877,0.1369758490530227,1.000119830844126,6.720846347092046,249.1281987283332,0.13700867895719,12.381572861970032,5.649773924102711,-0.0794058334956878,0.314917912432684,0.3148855432662401,1.24924249317342,1.7197262663282236,0.1283719736043926,0.1284008479469971
4.8841,-4.8323,0.0102428183447266,1.17157016558453,1.17132888838772,0.0740099696640269,3.46451367567905,4.16970848104219,114.356112640694,9.7164,4.8841,1.3725766528877632,0.9997940564689362,4.169708480686212,476.8316480816395,1.3720113647716117,8.29519368598913,4.058084952537196,0.0866900154961735,0.7753393710796243,0.7754504845059599,1.772253797836106,2.371775278346669,0.8639765598895135,0.8637382723430618
0.36675,-0.34401,0.0088556594628906,0.103820856970905,0.104172597045671,0.0047879479649518,0.51534053543506,3.5205995664984,11.7633923800032,0.7107600000000001,0.36675,0.0107787703421731,1.0033879509829686,3.5205995631188,41.41419364593191,0.0108519299752397,6.822907554144017,0.0536843619391768,0.0004987729740285,0.0990962735390945,0.098777667451652,0.3124356587929716,0.5369377162228349,0.0107210934840475,0.0107934703361472
0.19047,-0.19735,0.0114130425732422,0.062660717496562,0.0636765725153286,-0.111071672259825,-0.132561999408705,2.99120999256279,5.57928108185787,0.38782,0.19735,0.0039263655171839,1.0162119898675137,3.099256004122508,17.29162026728295,0.0040547058872999,6.090465991987793,-0.0084410937681253,-0.0070726633930515,0.0617313715103559,0.0607758739034372,0.1801107814967899,0.3277341706779276,0.0039186774616034,0.0040465077206814
0.84614,-0.76103,0.0314939894287109,0.187886926886659,0.190462940242511,0.141305580731325,1.15232337070558,4.44254403991996,6.04759650007628,1.60717,0.84614,0.0353014972949127,1.0137104443463216,4.442544037587468,26.86671370194724,0.0362761316058223,8.43822949026101,0.2194748972947457,0.0269134763787636,0.1743422568865459,0.1721760370222736,0.6130969728582838,0.9582653418778976,0.0346926860314352,0.0356336446218587
1.526,-1.4797,0.0217709247167969,0.280698734992016,0.281473409828351,-0.259411161734844,5.071653482455,5.42147125346791,12.9288679047788,3.0057,1.526,0.078791779826118,1.002759808433341,5.421471251541817,70.09348536368316,0.0792272804403988,10.678450944141048,1.4275355991744398,-0.0730173442410404,0.2480105173506536,0.2474058157020879,0.9266370239282994,1.3877183467709078,0.0758416925159184,0.0762453039836865
0.40993,-0.39825,0.017978005078125,0.146289761276736,0.147354855241529,-0.072513568066143,-0.366858663501049,2.7819239435856,8.19639635216398,0.80818,0.40993,0.0214006942544044,1.0072807136656,2.781923941697695,22.80175113637125,0.0217134533632519,5.484583444005667,-0.0540584052542978,-0.0106852263254332,0.1374591671453594,0.1365304321236561,0.3435400577676328,0.5923208145365875,0.021174914939815,0.0214810741543212
4.6925,-4.6474,0.0122428421533203,1.10513248748837,1.10493047541323,0.0725580277028603,2.71367692916749,4.24687354038729,90.2511411628033,9.3399,4.6925,1.221317814902232,0.9998172054686576,4.2468735400029365,383.2851802633803,1.2208713554969066,8.45293003223728,2.9984243394629493,0.0801715760447677,0.7442824382816441,0.7443784045781461,1.7391495189557575,2.336010197853633,0.7981006300835981,0.7978996213513254
0.62397,-0.60206,0.031858561796875,0.163322697272263,0.16636179501864,0.12758748622713,0.472109903501699,3.75068085752554,5.22188653961643,1.2260300000000002,0.62397,0.0266743034442872,1.018607931997657,3.7506808552710025,19.58562982283281,0.0276762468418239,7.369660799378027,0.0785410509926195,0.0212256832306613,0.1538893271221637,0.1512803047585252,0.484873768662456,0.8002197298514868,0.0263247467094688,0.0273001824517678
0.40513,-0.36195,0.0095687628955078,0.132831251443395,0.133143108270652,-0.0637414180648391,-0.362898990165299,3.04281614919532,13.9143491927423,0.76708,0.40513,0.0176441413600184,1.0023477662344775,3.0428161469099404,42.338805986750266,0.0177270872799705,5.761319601045781,-0.0483174995388886,-0.0084867305267317,0.1249952832228072,0.1247200313622651,0.3401298251957703,0.569328466789215,0.0174902905717495,0.0175717950352408
4.0423,-4.291,0.0113402338769531,0.631031154104216,0.630978989036662,-0.433592102216337,16.1061134659882,6.40639398495903,55.640738619951,8.333300000000001,4.291,0.3982003174500987,0.9999173334514369,6.800543399822501,378.3872545064461,0.3981344846057281,13.20693738376622,10.162619192079005,-0.2735875063107453,0.4891804412975687,0.4892124246852771,1.6660072639219947,2.2335886500721456,0.3351859221377036,0.3351388370430759
0.42286,-0.45833,0.009050822578125,0.130111247521207,0.130393972400863,-0.0748227072102646,-0.0314637978807069,3.24294131250197,14.4068642684493,0.88119,0.45833,0.0169289367315247,1.0021729464963636,3.514963086173071,50.63959557043817,0.017002588038477,6.757904396188005,-0.0041026895924832,-0.009756430018933,0.1225662201029652,0.1223160770122627,0.3772919454245701,0.6319045553187267,0.0167872392381263,0.0168596618404485
0.74622,-0.6319,0.0302383165966797,0.193266818630375,0.195571420872289,0.0480591193700934,0.781142932144366,3.81558817066269,6.46766893411532,1.37812,0.74622,0.0373520631835062,1.011924458409641,3.8155881687116944,24.67796099516142,0.0382481806620059,7.046632852329019,0.1527692331438196,0.0093989902610801,0.1786242475557084,0.1766947716131489,0.5574534517707392,0.8663102595689885,0.0366713732531936,0.0375348512151327
4.5076,-4.4575,0.0148293947705078,1.07239590602053,1.0722366113215,0.0566025322605318,3.44872779525124,4.20392285844869,72.3048126990268,8.9651,4.5076,1.1500329792495931,0.9998514589638764,4.203922858056603,303.96385283155166,1.1496913506582136,8.36112095455747,3.6978522045504576,0.0606913073832485,0.7286285125307572,0.7287053804790936,1.7061289565880804,2.2990889887373367,0.7654831812077846,0.7653242740007703
0.50902,-0.48065,0.0201187494482422,0.147112553529571,0.14844628675736,-0.0488433530760769,0.173009280565763,3.42898438970057,7.37850466994755,0.98967,0.50902,0.0216421034059908,1.009066072846151,3.4289843873906416,25.300777206825646,0.0220363000520483,6.6668558773111,0.0256825852745498,-0.0072506143969222,0.1384099738838777,0.1372479619550548,0.4114604335083514,0.6879687958394993,0.0214112380878043,0.0217970097926666
1.449,-1.3764,0.0205326206542969,0.279571957015983,0.280256852483967,0.0460851928666866,4.40841708732401,5.17025716644303,13.64934643281,2.8254,1.449,0.0781604791497466,1.0024497999550788,5.170257164598212,70.57063086779924,0.07854390336422,10.081466247657549,1.2354890973299646,0.0129156910989341,0.2470607238038956,0.2465256134232442,0.8956797779700307,1.3416630369742966,0.0752563288929911,0.0756118938203142
0.63356,-0.74684,0.0117721544677734,0.204272357440848,0.204561494489617,-0.0274347782307688,0.134063011047245,3.09716157276196,17.3767253096797,1.3803999999999998,0.74684,0.0417271960144415,1.0014154482390558,3.650931479056115,63.44123292812475,0.0418454050278256,6.748093050304029,0.0274241298956024,-0.0056120992358772,0.1861155957252605,0.1858755318039354,0.5578084413824327,0.8672685407885599,0.0408801010059045,0.0409935686272887
1.2905,-1.055,0.0339884559863281,0.21401875757701,0.216649206060867,0.138120225911443,2.90294895299239,5.95663387585845,6.37419970321731,2.3455,1.2905,0.0458040285948069,1.0122907375615495,5.956633873109021,37.96877377196033,0.046936878486804,10.826257070420152,0.6289215859010264,0.0299236372846617,0.1961005276404621,0.193936143569843,0.8287701343446597,1.2076161592407346,0.0447859949300951,0.0458686420927869
2.5549,-2.7189,0.0131292097314453,0.614839052308789,0.614829124933613,0.0387148096573469,1.79644104937528,4.15546352049583,46.8291037701269,5.2738,2.7189,0.3780270602439697,0.9999838535383576,4.422204299204851,207.08786247654143,0.3780148528666323,8.577667819024803,1.1045042783822248,0.0238029925435979,0.4792291460822097,0.4792352936952964,1.3134279256327763,1.8363822316703309,0.3206528097310007,0.3206439511013264
0.86137,-1.1203,0.0312913530175781,0.216629339037473,0.218825284441464,0.0307062928741958,1.38860493383876,3.93633670898034,6.9931550840431,1.98167,1.1203,0.0469282705318124,1.0101368785628684,5.119609474506226,35.80222292690389,0.0478845051108876,9.05594618168772,0.303861869624087,0.0067193132723387,0.1978875132715241,0.1960841982124692,0.7515575881063679,1.092483546234933,0.0458604200208013,0.0467733747789651
5.1595,-5.1699,0.0084857138574218,1.06149148189784,1.06126622280456,0.0818491715696888,4.25908201523468,4.86164535262909,125.06504940375,10.3294,5.1699,1.1267641661416723,0.99978778991909,4.871444966796923,609.2474983178389,1.126285995665858,9.733090318967898,4.520019882922942,0.086863761151446,0.7233204652328338,0.7234297411639647,1.819682630330525,2.4274011168856706,0.7546016537858081,0.7543767937631716
0.44852,-0.42954,0.0111102076513672,0.142469311075272,0.142867177551045,-0.03188602355492,-0.200897763350253,3.13941947820553,12.859091570036,0.87806,0.44852,0.0202975045982626,1.0027926461670298,3.1394194760081007,40.37008218363928,0.0204110304214018,6.145988283919721,-0.0287016964261684,-0.0045554661886175,0.1335401729431398,0.1331919822221911,0.370542345518899,0.6302393291575056,0.0200942559431791,0.0202055171265457
5.1265,-5.0552,0.0138524037109375,1.0772538410315,1.07707988956851,0.109747870905155,4.52369886821088,4.75962837079219,77.7540066001741,10.1817,5.1265,1.1604758380171205,0.999838523144362,4.759628370350289,370.0801730853564,1.160101088512914,9.453059236983426,4.872385077413768,0.1182072246749034,0.730963008077469,0.73104675265572,1.812623624407364,2.414278513412502,0.7703284928129063,0.7701550208384369
1.3041,-1.2742,0.0244225973632812,0.26403043059353,0.265093365525307,-0.0838277005071142,3.83938388078152,4.91939885940111,10.8544296735559,2.5783,1.3041,0.0697120682794048,1.004025804256672,4.919398857545399,53.397268736901694,0.070274492445534,9.726007265094166,1.0177951944999872,-0.0222221672516783,0.2351459261952733,0.2343053702715249,0.8346901446695493,1.2748878272955393,0.0673895171952642,0.0679151505701654
2.2574,-2.2574,0.0114319870214844,0.604722327823118,0.604682747370267,-0.01725073815476,0.895069863693511,3.73319730026582,52.8939322826271,4.5148,2.2574,0.3656890937678105,0.9999345475584026,3.73319729964844,197.46348347065717,0.3656412249672541,7.46639459929688,0.5412333042665226,-0.0104312237415853,0.472926071853776,0.4729507371434017,1.1809293311573237,1.707435387315337,0.3116591318519545,0.3116240802141259
0.4963,-0.55325,0.0183376094189453,0.150014861018867,0.151095128778435,-0.0463670944204246,0.100054102225516,3.28468564150583,8.23963065885419,1.04955,0.55325,0.0225044585265099,1.0072010709573105,3.6616005036477546,30.17023562577313,0.0228297379405718,6.946286142979667,0.015117687460575,-0.0070058421025359,0.140713775132892,0.139774864916764,0.4403495099616662,0.7176202568588665,0.0222549693424378,0.0225730390421143
2.4612,-2.5144,0.0155072685644531,0.605445299826755,0.605496077714053,-0.0432493293537619,1.14743331248969,4.06476621498828,39.0459528831541,4.9756,2.5144,0.3665640110823092,1.0000838684969626,4.152628055127004,162.143318362936,0.3666255001271025,8.217394269443972,0.6947663701509507,-0.026187299287466,0.4734327915136488,0.4734011634760537,1.2568688136794328,1.7876845111860251,0.3122995683787537,0.3123445627302624
1.5285,-1.4563,0.0087690899072265,0.512724473258884,0.512674282486933,0.0527799031028291,-0.194801067024744,2.98142515084898,58.4637958911154,2.9848,1.5285,0.2628863854786001,0.999902109467055,2.9814251502674423,174.30542949614863,0.2628349199234916,5.822020142962552,-0.0998694972645995,0.0270588989529727,0.4138791323751472,0.4139123119828669,0.9276262415379006,1.3824871227769366,0.2333998832481129,0.2333591300937522
0.58475,-0.63023,0.0134365153320312,0.165098226012243,0.165603909638274,-0.0819269344654039,0.602550786167245,3.53101567032603,12.3249150204511,1.21498,0.63023,0.0272574242323896,1.0030629252532806,3.8056468654395696,46.90427389363166,0.0274246548874816,7.336662533633386,0.0997847659449114,-0.0135674206521495,0.1532393300784369,0.1528053976370229,0.4887211091588749,0.7952433741109617,0.026892556044036,0.0270553361229208
4.6554,-4.8336,0.0100300875,1.14877757982792,1.14854087899514,0.0415659865121194,2.84613254706852,4.05331676489652,114.509557269081,9.489,4.8336,1.3196899279152932,0.99979395408048,4.208470145013973,481.9100483230077,1.3191461507229283,8.261786909557596,3.268899577346754,0.0477402346849297,0.764788950812502,0.7648991129218674,1.7636343055022068,2.350327088979467,0.8414335249853766,0.8411990794539386
0.40346,-0.39366,0.0183971230273438,0.127683665660758,0.128971361569858,-0.0108139463790106,0.186027667063593,3.12829139034455,7.01040925682601,0.79712,0.40346,0.0163031184765682,1.010085047303645,3.1282913879189733,21.930602801713817,0.016633612105183,6.18059691453421,0.0239922415108558,-0.0013946893884444,0.1213069186543521,0.1201656755017006,0.3389406162355362,0.5861853835351452,0.0161716496175354,0.0164967887392353
2.5197,-2.2566,0.0092975712548828,0.68896210769012,0.688856631525,0.0533227183375143,0.766040300223788,3.65780030950976,74.0899545312151,4.7763,2.5197,0.4746687858328125,0.9998469055642866,3.65780030897877,271.0062557010364,0.4745234587959696,6.933663378884511,0.5276919408245583,0.0367317081377364,0.5240517505786745,0.5241142028138579,1.258375758705228,1.7537633392999106,0.3884334125984587,0.3883348588081961
0.57536,-0.5472,0.0158718796582031,0.176429304786338,0.17709889122895,-0.0351446170062851,-0.438388005823061,3.24880633643373,11.1580288562369,1.12256,0.57536,0.0311272995873905,1.0037952104557877,3.248806334599267,36.25027462185979,0.0313640172745234,6.338605462610806,-0.0776380297593345,-0.0062240727044791,0.1630528444844058,0.162483837950461,0.4544838175876987,0.7526229073550541,0.03065266936952,0.030882214760802
0.63231,-0.5061,0.0105469817089844,0.121264031004493,0.121692332872008,0.0581163390295638,2.52797928434157,5.19597237621406,11.5381192676522,1.13841,0.63231,0.0147049652154586,1.0035319769894993,5.195972371944301,59.9517484197583,0.0148090238798315,9.354821065529745,0.3076356965636349,0.0070723128744881,0.1148385563706582,0.1144566480289546,0.4899961894839042,0.7600625622252032,0.0145978955751092,0.0147004409776275
1.9741,-1.6581,0.0129194839257812,0.495034495952846,0.495082222927713,0.11108579711861,0.258573720923323,3.98741847026133,38.3205881730121,3.6322,1.9741,0.2450591521832883,1.0000964112102235,3.987418469455924,152.80021988963546,0.2451064074590457,7.33655912302204,0.1280152525454088,0.0549966033731783,0.4021812039441362,0.4021492807923946,1.0899414722204783,1.5330319172314746,0.2191830405818272,0.2192209941030942
0.54511,-0.4552,0.0094361157861328,0.159287827083467,0.159528251941368,0.0607936932595782,-0.232218714181296,3.41701230575977,16.9061354859389,1.00031,0.54511,0.0253726118569724,1.0015093730773543,3.4170123036178257,57.76847238608917,0.0254492631674685,6.270425377321912,-0.0370454455414143,0.0096983116147602,0.1480132430409055,0.1478058744091823,0.4350951052262966,0.6933021685486864,0.0250560702945171,0.0251308220917993
0.52529,-0.49901,0.0130717283984375,0.127101853455183,0.127741391527973,0.0592279416097565,0.940850094681615,4.11213619733405,9.77234131817202,1.0243,0.52529,0.0161548811517428,1.00503169666611,4.112136194114948,40.1851981597376,0.0163178631095028,8.018544239623715,0.1201855003138546,0.0075658596785678,0.1202168639613159,0.1196496067106292,0.4221845559149321,0.7052239617853946,0.0160257796166642,0.0161861576178646
0.42286,-0.30061,0.0150260556884766,0.0985065191595956,0.0996221793208083,0.324167140389425,1.06151196216719,4.24463711678386,6.62996207296158,0.7234700000000001,0.42286,0.0097035343169397,1.011325748484449,4.244637112523121,28.141782910475357,0.0099245786126272,7.26213785129145,0.1057501350462028,0.0322942369897889,0.0949666474591254,0.0939515474262796,0.352668930571306,0.5443397003829062,0.0096567573854267,0.0098756534239151
4.7972,-4.9734,0.0158933840478516,1.11994406325019,1.1197834012188,0.0636000234298163,3.1558825821707,4.28404278432653,70.4559455586909,9.7706,4.9734,1.2542747048093457,0.9998565445037412,4.441394643055692,312.9226572348522,1.2539148656451438,8.725437426999626,3.5339049317102758,0.071218250553835,0.751313914227874,0.7513897030764797,1.78731627953068,2.3768201999229426,0.8128282825523534,0.8126686445604978
0.36424,-0.38928,0.0086628553613281,0.120015008373373,0.120298022797419,0.0307982406256332,0.0912273930140564,3.02781368745666,13.8866479676484,0.75352,0.38928,0.0144036022348607,1.0023581577641498,3.235963406746497,44.93668418430701,0.0144716142889683,6.263777091686241,0.010974475004554,0.0037049674529028,0.1135947416942733,0.1133420855505882,0.328785627330198,0.5616251962929593,0.0143008557935539,0.0143678998912679
0.53781,-0.47439,0.0132617139501953,0.155539394726501,0.156065895130952,-0.0307704812173288,-0.0950878179954815,3.44604437470937,11.7681542308228,1.0122,0.53781,0.0241925033118862,1.0033849964829702,3.4460443725013024,40.55358138204465,0.0243565636230253,6.48572193496926,-0.0148399654315138,-0.0048022226947925,0.145022771334029,0.1445672433804762,0.4303593263910026,0.6992286508758132,0.0239045004646393,0.024064672670556
1.2632,-1.4933,0.0234849937353516,0.26320339921485,0.264185064117544,-0.270032349354097,5.25760027342597,4.78149665356541,11.2491008979862,2.7565,1.4933,0.0692760293582517,1.0037296813234533,5.652477002902547,63.58528388251729,0.0697937481027908,10.433973654658052,1.3889794653394567,-0.0713385135279231,0.2344276964929489,0.2336508749110657,0.9136071342449532,1.323487672827078,0.0669818113948675,0.0674658711110145
4.902,-5.2359,0.0132724877050781,0.754375820140921,0.754308401414261,-0.53156206588269,12.2810532557713,6.49866817181034,56.8324807056072,10.1379,5.2359,0.5690828780132872,0.9999106296558676,6.941325311356763,394.49273390906615,0.5689811644441379,13.43999348230557,9.263701649044254,-0.4009617321684339,0.5620747059823263,0.5621131356171474,1.8303229151464917,2.4103537068545915,0.4504912945440538,0.4504264688631188
4.7555,-4.985,0.0093443496923828,1.01270470845901,1.01250055624729,0.0733776164677152,4.37956777460545,4.69678754313545,108.35430924344,9.7405,4.985,1.0255708265350485,0.9997984088451504,4.923454084789791,533.4774607927889,1.0251573764010715,9.620241627461375,4.434314807910724,0.0742948774896619,0.6993780067067121,0.6994794436265557,1.7892563390099363,2.3740216429318943,0.7058515504820183,0.7056474142799829
0.28539,-0.24742,0.0077094849365234,0.0833369602674746,0.0836725401038366,-0.102285620983989,0.092381695222989,3.41079641714993,10.8531945769088,0.53281,0.28539,0.0069450489466226,1.004026781573053,3.410796413073571,37.0180366973897,0.0070010939674281,6.36779998195357,0.0077298110984059,-0.0085584977238286,0.0803557726055993,0.0800460556071394,0.2510621742453097,0.4271026522215285,0.0069210431775912,0.006976700098723
0.21905,-0.25597,0.0116481413183594,0.0647453376832473,0.0657692260333885,-0.308231157251027,0.233510106363786,3.33058503514693,5.6463279621896,0.47502,0.25597,0.0041919587517177,1.015814084615157,3.8919417947971553,21.975179627931787,0.0043255910930309,7.222526824880044,0.0153577789665204,-0.0202721246517757,0.0636968164098142,0.0627356510215047,0.2279081824104289,0.3886715490218903,0.004183196970113,0.004316262614992
5.0372,-5.1094,0.0084395452294921,0.991232800315913,0.991026706644731,0.0406081798852791,4.89121228956806,5.08280954108108,117.426553172743,10.1466,5.1094,0.9825424644221268,0.999792083382334,5.155663278523614,605.4117610038938,0.9821339332831016,10.238472819091813,4.8473220068308684,0.0402437907745449,0.6886504386760398,0.6887539445731345,1.8098285686889328,2.411134518669262,0.6843800939303197,0.6841740084396061
2.3027,-1.932,0.0110355442675781,0.570397322134713,0.570364817038082,0.0246366622242317,0.599218681702112,4.03724060673654,51.6843395494126,4.2347,2.3027,0.3253531050984515,0.999943013062362,4.037240606028703,208.66211247042983,0.3253160245148846,7.424546312741454,0.3417732537548257,0.0140518853419529,0.4513079599072409,0.4513286587664297,1.1947403157623302,1.655309536090157,0.2816789183487823,0.2816509400672571
1.1876,-1.3184,0.0240287501708984,0.264921182183034,0.265944250637998,0.0070138862621983,4.22643521014739,4.46559757223914,11.0677521197123,2.506,1.3184,0.0701832327692563,1.0038617838941657,4.95742997391907,54.86760589445782,0.0707263444474062,9.42302754447906,1.1239961448326972,0.0018653027260604,0.2358182869214135,0.2350098136636716,0.8408772925842809,1.2544757864990428,0.0678298793917086,0.0683372447616246
0.87222,-0.73433,0.0279947911279297,0.208848065868468,0.210665434594138,0.0607458885949395,0.493094247291647,4.14030902449845,7.52516543636444,1.60655,0.87222,0.0436175146169999,1.0087018695492462,4.140309022533113,31.15651025572957,0.044379925332737,7.626073078065824,0.1038779139015641,0.01279705902066,0.1911701543893659,0.1896678944787626,0.6271248925178268,0.958027507854236,0.0426930570228938,0.0434233364140781
0.55784,-0.51632,0.0098348819384765,0.131198609597565,0.131534768184014,0.18005254548728,1.22697726759916,4.24100796847564,13.3743108465203,1.07416,0.55784,0.0172130751603342,1.0025622107370185,4.241007965251395,56.72055829623492,0.0173013952412223,8.166357944848771,0.1613901704607104,0.023683169831611,0.123574913135074,0.1232777870200638,0.4433002464111857,0.7295562524441092,0.0170666085535393,0.0171534303306546
0.56326,-0.3488,0.0103446286328125,0.116358327305635,0.116788957988143,0.382340184713772,1.54903334030646,4.82288745188721,11.289816399759,0.91206,0.56326,0.0135392603333652,1.0037009004177826,4.822887447757657,54.44951332215291,0.0136396607079562,7.80947116003595,0.1809099897032839,0.0446531117697155,0.110457565788825,0.1100718942384695,0.4467733843742838,0.648181194889982,0.0134484235383969,0.0135474778188365
0.29436,-0.28747,0.01218665828125,0.0960455493123483,0.0967923442815267,0.15800270261665,-0.12959781605249,3.0411496093517,7.9424844816112,0.5818300000000001,0.29436,0.0092247475427107,1.0077754239915089,3.0411496062097667,24.154283380331137,0.0093687579115135,6.011115896796538,-0.0125440764294865,0.0152934519890824,0.0923898691919412,0.0917087472538065,0.2580163644960243,0.4585824046585709,0.0091824594249626,0.0093251432973302
4.5807,-4.8502,0.0121645504052734,1.1158913874729,1.11568523808249,0.0397987109013077,3.13776717180685,4.1057278913834,91.7161095899465,9.4309,4.8502,1.2452135886361937,0.9998152602549802,4.347283475670281,398.7159244311914,1.2447535504751823,8.453011366685674,3.5007605141247464,0.0444028342473016,0.7493787496620434,0.7494761835070686,1.7664758486935557,2.344772554839329,0.8088006563730409,0.8085957380970856
5.0072,-5.1407,0.0117188149609375,1.06151000378299,1.06131551469851,0.0888825102564824,4.10673639639072,4.71791840470967,90.5650885551316,10.1479,5.1407,1.1268034881313636,0.9998167806391192,4.84370569196471,438.6706312258115,1.1263906217397632,9.56162409622983,4.358543052266521,0.0943323871205542,0.7233443783518893,0.7234387258248796,1.8149387421754604,2.411251139360596,0.7546201427310364,0.754425998573854
0.56764,-0.58308,0.0107849773925781,0.172530842270566,0.172825555566711,-0.059023471362368,0.4647877437939,3.28446796041625,16.0246562673042,1.1507200000000002,0.58308,0.0297668915345909,1.0017081768806997,3.373806597934235,54.06409057425093,0.0298686726569423,6.65827455645003,0.0803272000417789,-0.0102007642296771,0.1594158421300286,0.1591645257007064,0.4593723165770746,0.7658026697994641,0.0293324577291023,0.029431291837625
1.3433,-1.3456,0.0201668937939453,0.278102633838118,0.27876515986802,-0.225764526591268,4.61158922614233,4.81875138426904,13.8229100979206,2.6889,1.3456,0.0773410749476983,1.0023823072817404,4.827002054899427,66.72321514043314,0.0777100143562427,9.645753437439856,1.2855504078712052,-0.0629352843477426,0.2458948934376846,0.2453766608983563,0.8525412327101953,1.30532831062988,0.0744960378693437,0.0748384329187974
0.54803,-0.50068,0.0117698210986328,0.164726519841168,0.165106346336999,0.0294837136428731,0.0366114933919355,3.31925460261481,14.0279401830652,1.04871,0.54803,0.0271348263389827,1.002305799915925,3.3192546006044434,46.562304622236745,0.027260105600753,6.3517243439225695,0.0060447899078836,0.0048679482360211,0.1528123672609369,0.1524863125428411,0.4369831548247098,0.7172103267852437,0.0267732040619416,0.0268951662611059
1.4403,-1.331,0.0194162314550781,0.275114493344184,0.275731785378995,-0.0289939190190986,3.85781735709932,5.2235544698639,14.2010969542125,2.7713,1.4403,0.075687984448027,1.002243763776612,5.223554467969456,74.18020309009476,0.0760280174682881,10.050709225219576,1.0637228675390715,-0.00799454505627,0.243519963281335,0.2430359732800482,0.89212098256695,1.327419769606758,0.0729604424092667,0.073276499939897
0.22969,-0.19318,0.0136940609570313,0.065337158664424,0.066741195392163,-0.100491005509687,-0.18097715609574,3.44150263791905,4.87373289790232,0.4228699999999999,0.22969,0.0042689443023401,1.0214890983062384,3.4415026327625653,16.77296450216017,0.0044543871623748,6.335966817520597,-0.0120786317365037,-0.0067068898338769,0.0646083893768817,0.0632913299657897,0.2067621050984678,0.3526759586449461,0.0042598582091175,0.004444495742477
0.41243,-0.46459,0.0182804631005859,0.13655862511035,0.137743703407559,-0.0228926722420712,0.0273684571459163,2.99418405195404,7.53502264410051,0.87702,0.46459,0.0186482580920291,1.0086781643809284,3.372858346113109,25.41456389273055,0.0189733278284295,6.367042395893409,0.0037698326438295,-0.0031533214555183,0.1290470936497366,0.128004946887096,0.3815753398187097,0.6296854128486167,0.0184765112281416,0.0187955790485891
5.5388,-4.8369,0.0152955238525391,0.829225708505898,0.829164325722423,0.112495068504647,13.4100576430129,6.67997865824031,54.2096062688812,10.3757,5.5388,0.6876152756471086,0.9999259756627924,6.6799786574346784,362.1190105802517,0.6875134790507205,12.5134423622346,11.119141403467616,0.0932768976237534,0.6038592099450754,0.6038927672109253,1.877753662394916,2.431479501405139,0.5233164529260068,0.5232561313182593
1.875,-1.7678,0.0096033305761718,0.548604547702596,0.548554661997952,0.0129636812093633,0.0139358521253063,3.41807322021629,57.121293247891,3.6428,1.875,0.3009669497599699,0.999909067825187,3.418073219593188,195.24476072164535,0.3009122171996873,6.640723799644835,0.0076445766522508,0.0071112877640514,0.4373220197744794,0.4373542336203108,1.0560526742493137,1.5353176325123306,0.2631077954874499,0.2630657239254914
4.854,-4.7568,0.0141036598193359,0.96495358886352,0.964821064192662,0.0356635919133001,4.63779792090451,5.0309846873645,68.4092694060803,9.6108,4.854,0.9311354286605872,0.9998626620260562,5.030984686843054,344.1659844155233,0.9308796859098608,9.961225304555258,4.474645125557605,0.034408984702723,0.675401179695315,0.6754686261433219,1.767125188269694,2.3618723503489165,0.6581081349387314,0.6579756948816559
0.39804,-0.40388,0.0138732456347656,0.132051690544625,0.132746380150636,-0.0526998833616468,-0.0682627463509475,2.99849984269491,9.56851652781092,0.80192,0.40388,0.0174376489756934,1.005260739204623,3.0424935070729733,29.11214922027213,0.0176216014430971,6.040993347509058,-0.0090616324772293,-0.0069957187506193,0.1246451089304622,0.1240316417637541,0.3392398318653734,0.5888527630841166,0.0172873578090327,0.0174681412116456
0.57891,-0.5207,0.0202076718652344,0.1457664562556,0.147125235224963,0.0343413780525404,0.147892007285126,3.93481104118416,7.28066232498953,1.0996100000000002,0.57891,0.0212478597693157,1.0093216155714744,3.934811038509688,28.648030361734197,0.0216458348400006,7.4739727523373904,0.0217586463597161,0.0050524833239293,0.1372590172131054,0.1360738071715926,0.4567347355489883,0.7417516131966297,0.0210252714927591,0.0214148904697716
0.53322,-0.55429,0.0105691651806641,0.181054200237319,0.181318296132548,-0.13142040206488,-0.0296352068599708,2.94079533821674,17.1554037649316,1.08751,0.55429,0.0327806234235752,1.00145865599769,3.056999825815155,52.44406585390932,0.0328763245124103,5.997795162410002,-0.0053734052133855,-0.0238289233794584,0.1666310149862735,0.1664074296738513,0.4410188497216229,0.7359719681505611,0.0322547991655251,0.0323474583933792
0.50652,-0.33441,0.0175864002490234,0.126946133499758,0.128127801336274,0.0531200738758798,-0.0386663338574813,3.95324039527244,7.28561840524405,0.84093,0.50652,0.0161153208105383,1.009308418484344,3.953240392187048,28.8018008203781,0.0164167334752676,6.563212593780806,-0.0049542323428934,0.0068061582725369,0.1205594457149942,0.1195114375531189,0.4098023553049418,0.610270878714367,0.015986847449897,0.0162834358026398
1.443,-1.2627,0.0226152329541016,0.272279759083611,0.273151087530282,0.233622390827079,4.63750524861823,5.28279060884218,12.0781903102503,2.7057,1.443,0.0741362672066292,1.0032001216296191,5.282790606908155,63.80655006065883,0.0746115166189757,9.905506961269158,1.2667396020874604,0.0638142101258412,0.241494998730799,0.2408103771219556,0.8932267922756034,1.3098721747754385,0.0715168662567755,0.0719592163768532
0.37113,-0.28497,0.0124988908398438,0.0946340402369274,0.0954329659575812,0.186201967307944,0.440198535470363,3.88890774038148,7.63531477956121,0.6561,0.37113,0.0089556015715643,1.0084422647264069,3.888907736306467,29.69303450891924,0.0091074509914608,6.874982797916291,0.0420094518501202,0.0177698060073336,0.0911496878184036,0.0904200975786226,0.3156352173832446,0.5044654406133082,0.0089157379965629,0.0090662282599768
0.47043,-0.5326,0.0201583967041016,0.15396594517388,0.155242707634856,-0.0338617752402857,-0.0436487424063494,3.03028726545076,7.70114359359093,1.00303,0.5326,0.0237055122732862,1.0082924984398651,3.4307569596740386,26.420751867114383,0.0241002982738013,6.461044223172832,-0.006776148956018,-0.0052567936736248,0.144310458378574,0.1432046574025342,0.4269656395541669,0.6946610341052184,0.0234288995860081,0.0238144693537787
4.4271,-4.1032,0.017362492890625,0.716880421453913,0.716915656493246,-0.0440141825026855,8.36598393270603,6.17520340071093,41.2910554382631,8.5303,4.4271,0.5139175386639399,1.000049150371908,6.175203399849571,254.98066449273404,0.5139680585251418,11.898610278000676,5.997704863327891,-0.0315544565439263,0.5405294581072965,0.5405089356076871,1.6914049212980895,2.2544761967089406,0.414700687656072,0.4147340573852676
4.4997,-4.1833,0.0133458703369141,0.944647706457995,0.944511344168065,0.0780042460682903,4.04217742606822,4.76405077375051,70.7718058338683,8.683,4.4997,0.8923592893163503,0.999855647360404,4.764050773246112,337.1604738162319,0.892101679262165,9.193113510699822,3.817882434061504,0.0736758953047773,0.6650107085735386,0.6650808328796988,1.7046935452962224,2.270371770629394,0.6378243518169429,0.6376882108675594
0.23073,-0.27057,0.0181775802441406,0.0657278759292256,0.068179679140222,-0.217492239903052,0.311609938362078,3.38414616949822,3.75075660371237,0.5013,0.27057,0.0043201536741676,1.0373023328778526,3.968484495896244,14.88481936965918,0.0046484686476636,7.352630660430894,0.0212454656144308,-0.0148285511320782,0.0659559652827661,0.0636580172914575,0.2394656186790625,0.4063313994361222,0.0043108486002237,0.0046376978827568
2.3115,-1.9122,0.0137507813671875,0.616929139327225,0.616931767971409,0.0300707577517186,-0.0933243187022392,3.74676766541081,44.8652154010353,4.2237,2.3115,0.3806015629510306,1.000004260690598,3.746767664803488,168.09953714381734,0.3806048063323284,6.84630005876292,-0.0575747369316996,0.0185516057440077,0.4805303830265011,0.4805287573262874,1.197401258942897,1.6532059630663165,0.3225193193675988,0.3225216686170674
0.18316,-0.18859,0.0114602331005859,0.0618546770464336,0.0628925261907341,-0.129146679087077,-0.0355671809801219,2.9122697257307,5.48789240486902,0.37175,0.18859,0.0038260010725185,1.016778828896698,2.998607483633311,16.456035117187533,0.0039554698506521,5.910877204733461,-0.0022369098613228,-0.0081223608969303,0.0609939900064137,0.0600170745171171,0.1727677306557349,0.3160872969569477,0.0038187005457057,0.0039476675475314
0.79983,-0.65401,0.036033543203125,0.19234998265918,0.195649856588757,-0.062570966150467,0.713385770171215,4.08806841949898,5.42965912305257,1.45384,0.79983,0.0369985158289868,1.0171555712261664,4.088068417409488,22.1968179279953,0.0382788663832011,7.430825785437668,0.1395738236264581,-0.0122420005539588,0.1786898506157308,0.1759261351616967,0.5876922159975172,0.897654144489127,0.0363304980303456,0.0375644060636873
0.50047,-0.45728,0.0095302086865234,0.185565528644767,0.185764842061606,0.0244118025552779,-0.656447638202709,2.69410505478764,19.4922113640905,0.95775,0.50047,0.0344345654212118,1.0010740858940086,2.6941050533373607,52.514064613957984,0.0345085765461734,5.155711860518827,-0.1219448918324405,0.0045348546461203,0.1703880027215524,0.170219900107281,0.4057783923628605,0.67179585464891,0.0338549638309893,0.03392650869222
0.5714,-0.47856,0.0135201834228516,0.158889653480953,0.15942518694592,0.0956514546748081,0.031079829582302,3.58412626603242,11.7916437935644,1.04996,0.5714,0.0252459219832973,1.0033704734883455,3.5841262637842592,42.26273992762219,0.0254163902327415,6.585910416385931,0.0049549076414058,0.0152492510431804,0.1479243538085582,0.1474623514392907,0.4519669417595842,0.7178202807648295,0.0249325076993824,0.0250987644729344
0.46959,-0.44352,0.0179965523535156,0.13922524250084,0.140349846328085,-0.0503588067986431,0.19936162273524,3.34585332499956,7.79870741746086,0.91311,0.46959,0.0193836681494177,1.0080775849712056,3.345853322615618,26.09333099841944,0.019698079364317,6.5059565310452685,0.0279803731146085,-0.0070678507954552,0.1313350980714606,0.1303484195242235,0.3849834503229548,0.648730190111827,0.0191981977531055,0.0195065828561299
2.1743,-1.9965,0.0115262795068359,0.391421565953913,0.391495705508367,-0.0532274397152656,6.29485582073405,5.55382848242643,33.9654877600514,4.1708,2.1743,0.1532108422938134,1.000189410755267,5.553828481007816,188.63849170468555,0.153268887431494,10.653501277922732,2.4644090206117277,-0.0208383140637319,0.3303792157471861,0.3303259338510753,1.1550871355960886,1.6430274154276556,0.1425500886576256,0.1426004208907207
2.0797,-2.3267,0.0109273368945312,0.606067797726817,0.606018339289487,0.0105700095852233,0.47006360666415,3.43174433044105,55.4589233532992,4.4064,2.3267,0.3673181754414339,0.9999183943817715,3.839322754397098,212.92470445127145,0.3672582275551878,7.271067084271872,0.2848671662710348,0.0064056196551109,0.4737580346931735,0.473788829905521,1.2019808216451429,1.6875834369778884,0.3128512851878923,0.3128074408204867
0.60352,-0.77188,0.0117606503271484,0.124740276023787,0.12526312959417,-0.227214125075599,5.29962067618013,4.81801789525213,10.6510376645594,1.3754,0.77188,0.0155601364624905,1.0041915369007532,6.162068614160811,65.63242439535357,0.0156908516357258,10.98008650556664,0.6638470715602944,-0.0284615523949707,0.118016901280282,0.1175521432461485,0.572041129799487,0.8651658443580028,0.0154403188595362,0.0155690229676761
1.0007,-1.1887,0.0116869462011719,0.190629547295448,0.190940998888132,-0.530308624862313,7.12145431575778,5.2408859586321,16.3379719219539,2.1894,1.1887,0.0363396243020674,1.0016338049213216,6.225483297455064,101.71177049737996,0.0364584650563976,11.466369253342403,1.3597776005869893,-0.1012576585502017,0.1747437500093105,0.1744821985764054,0.7833077602679025,1.1598328113317349,0.0356949128005686,0.0358095797862924
2.2937,-1.8944,0.0103302661376953,0.601089785434095,0.601031799637616,0.082446974503872,0.542847213208085,3.81627062225818,58.1816374937758,4.1881,2.2937,0.3613089301532063,0.9999035320548204,3.8162706216232287,222.03687177299005,0.3612392241756313,6.968183716449513,0.32626843748272,0.0495532534607388,0.4706482961768589,0.4706845132878865,1.1920115529266593,1.6463675415190109,0.3084466855332899,0.3083954791092791
0.85637,-0.94002,0.0346858581005859,0.225582057757937,0.228178715565721,0.0197396611144962,1.02033676458232,3.75306696716567,6.57843651738478,1.79639,0.94002,0.0508872647823052,1.0115109230425554,4.11966557554438,27.100958395318628,0.0520655262372222,7.872732541065263,0.2328191323868772,0.0045041705188083,0.2055323529842345,0.2034158803392114,0.662698282300447,1.0283292996229796,0.0496348214244213,0.0507553996734846
0.75936,-0.74997,0.0312502300390625,0.20168262453682,0.204040674002795,-0.0317438020471467,0.5473288120935,3.72161091758399,6.52925350462209,1.50933,0.75936,0.0406758810400599,1.011691881589806,3.721610915760046,24.29934104871781,0.0416325966475148,7.397201595401536,0.1116773397207068,-0.0064770267651111,0.185683128710365,0.1837227617616147,0.5649501065546891,0.9200157852400164,0.0398703876845157,0.0407892867669766
4.8682,-5.167,0.0101562215478516,1.14963488671123,1.14939905150509,0.0872821134753044,3.60368491766123,4.2354306745123,113.171915962018,10.0352,5.167,1.3216603727435428,0.999794860691124,4.495392607801868,508.75218946142274,1.3211181796008007,8.730823281945677,4.142072026283016,0.1003219784418745,0.7651882921412463,0.7652980075841881,1.819212496009356,2.4010901636948896,0.8422826076096083,0.8420490435319363
1.6197,-1.3124,0.0248603560351562,0.277101169260414,0.27814672855092,-0.179924653085931,5.0089995907058,5.82318551233107,11.1883646460082,2.9321,1.6197,0.0767850580054886,1.0037732038190934,5.823185510237503,65.15192265124094,0.0773656026035791,10.54155845808939,1.3932368494677154,-0.0500454536415109,0.2454111604377636,0.244592798078672,0.9630598074001492,1.3691736343114729,0.0739798035169981,0.0745188044538978
0.45582,-0.4214,0.0200983706787109,0.142277145497377,0.143655304329165,0.0047615279951974,-0.196169900150909,3.17301196867437,7.14760945678701,0.87722,0.45582,0.0202427861308817,1.0096864378744848,3.1730119664656047,22.679450240953116,0.020636846461905,6.106422616872796,-0.0281808467064007,0.0006840187532219,0.1342295401508338,0.1330237661141889,0.3755693157584978,0.6297919590471491,0.0200406245910881,0.0204267917413963
0.58079,-0.54574,0.0123508465917969,0.147860969765085,0.148339929094229,0.0120914658647537,0.758064112276971,3.91526410688162,12.0105069714616,1.12653,0.58079,0.0218628663798713,1.0032392539395691,3.915264104242238,47.02430647007749,0.0220047345636808,7.594246580264826,0.1124511766640455,0.0017936471890228,0.1383173595495762,0.1379001840869864,0.4579247220805265,0.754491543300729,0.0216273011539611,0.0217661244162623
0.18608,-0.23219,0.0105553442529297,0.0642367148778166,0.0650826859352899,-0.216460534566056,-0.0784175365572573,2.85913215359635,6.16585157013954,0.41827,0.23219,0.0041263555382939,1.0131695862368657,3.567615507972416,21.997387506884536,0.0042357560085515,6.426747657175685,-0.005103623903575,-0.0140878329885475,0.0630524355234671,0.0622578425641761,0.2087930739997469,0.3494378190112361,0.0041178654805973,0.0042268104459867
1.3687,-1.491,0.0211320327392578,0.262646350230794,0.263431176857202,-0.112157364534909,4.61863967349867,5.19566444765166,12.4659648273124,2.8597,1.491,0.0689831052895569,1.002988149370511,5.659922326666115,70.55639234244002,0.0693959849403704,10.855586772345466,1.216693684669118,-0.0295457465326332,0.2338311761268618,0.2332097964239471,0.9126842362800434,1.3505894602491135,0.0667078276987095,0.0670939890279431
0.56243,-0.5885,0.0119472700097656,0.121746527191824,0.122301744604761,-0.0661278264022295,2.51173816419376,4.59870790737767,10.2367942220099,1.15093,0.5885,0.0148222168832695,1.004560436550327,4.811869212664558,49.25811458125192,0.0149577167333681,9.410577116282106,0.3071899594712565,-0.0080875485359134,0.1153817055294297,0.1148868699848968,0.4627901747274338,0.7659003067528036,0.0147134413721555,0.0148469532352455
0.18838,-0.1817,0.0112579268994141,0.0640949492390878,0.0650607216168428,-0.157365957746155,-0.274735256737279,2.8954489793306,5.77910322194657,0.3700799999999999,0.18838,0.0041081625179612,1.0150678374460629,2.895448974880224,16.733098376797425,0.0042328974973043,5.688224634375588,-0.0178744740569159,-0.0102383427688904,0.06303181313873,0.06212462494464,0.1725910351143133,0.3148691322957448,0.0040997470585011,0.0042239639875744
3.7034,-4.0965,0.0140418730810547,0.76474199053852,0.764684199272232,-0.318374710837801,8.71277698697279,4.8430450158701,54.4574213752113,7.799899999999999,4.0965,0.5848303120928178,0.9999244302431468,5.357113437629579,291.7345817883471,0.5847419246166146,10.200158452866336,6.662522893720817,-0.2434561108255322,0.5679717504513839,0.5680044987017709,1.6285540296263303,2.1747403577832305,0.4604773429815424,0.4604215704863127
0.42328,-0.44644,0.0092867657714843,0.136863221310747,0.137144591966382,-0.0155315158797673,0.155137396941889,3.08637762474628,14.7677453422475,0.86972,0.44644,0.0187315413475545,1.0020558522058354,3.2552504861723595,48.07270972242629,0.0188086391056254,6.341628108668186,0.021276255002322,-0.00213006340795,0.1285203763983917,0.1282729096522987,0.3691053651406428,0.6257886870351265,0.0185582664861398,0.0186339437747129
0.21884,-0.20966,0.0110197591357422,0.0666142663806751,0.0675035469297181,-0.156433946981106,0.0651495762891536,3.24190372141255,6.12568261231526,0.4285,0.21884,0.0044374604854355,1.0133496996368037,3.241903716609985,19.858873076845477,0.0045567288480926,6.34781457945247,0.0043978274804861,-0.0105598462814401,0.0653227887659123,0.0644893946627685,0.197899586757273,0.3566249426886907,0.0044276439871577,0.0045463783901047
1.4065,-1.2262,0.0194986792578125,0.279502638435729,0.280113866154195,0.0746524337284065,4.13168995745585,5.02117235148139,14.3657866489579,2.6327,1.4065,0.0781217248925338,1.002186840244758,5.021172349688834,72.1330903590894,0.0784637780118502,9.398677884838817,1.1573436477334196,0.0209111818294837,0.2469490319079683,0.2464714386989949,0.878173409761027,1.2899761734462931,0.0752203834521352,0.0755376007585894
1.0606,-0.75769,0.0299494233105469,0.186549343176041,0.18889317850979,0.100843300215386,1.89735939835488,5.61481366541264,6.30707231158172,1.81829,1.0606,0.0348006574394123,1.0125641569816777,5.614813662440168,35.413035685571906,0.0356806328875313,9.62602256673424,0.3583982475306761,0.0190486115091012,0.1730227722174787,0.1710493831979778,0.7229972025288306,1.036130318046784,0.0342088066594659,0.0350588268989287
0.58162,-0.56451,0.0141798386425781,0.179950313314163,0.180464321975501,-0.059302465293313,-0.0298262039567248,3.22290851528513,12.7268247914766,1.14613,0.58162,0.0323821152618654,1.002856391587132,3.2229085134992346,41.01739170372632,0.0325673715060772,6.351006042737315,-0.0053825656741533,-0.0107019791906334,0.1659078542790045,0.1654723302301547,0.4584496382166745,0.7636662201929432,0.0318688652541765,0.03204829457765
2.4629,-1.9983,0.0119007558740234,0.611603466637987,0.611569932628593,0.056200996716926,-0.069492629247895,4.02717640060261,51.3891671337874,4.4612,2.4629,0.3740588004036033,0.9999451701777088,4.027176399944115,206.9532393888205,0.3740177824953418,7.294668624560756,-0.0424996025873189,0.0343708397758302,0.4772088173160109,0.4772296253863449,1.242106388306839,1.6976685458284595,0.3177689879380441,0.3177391358527566
0.47606,-0.40763,0.0176769973535156,0.136432240251778,0.137539607631476,0.0381064415279491,0.170824225271333,3.46125751118585,7.78071099298556,0.88369,0.47606,0.0186137561801188,1.0081166099511578,3.4612575086692896,26.93104421448685,0.0189171436674203,6.42498560651171,0.02349509691777,0.0052411450159859,0.128867691132573,0.1278937411091686,0.3893763757585794,0.6332326190909843,0.0184426403645297,0.0187404395189537
0.6732,-0.64462,0.0141398913134766,0.177547319898973,0.178066266358946,-0.102259320653476,0.691764309388612,3.78061501353076,12.5931849411907,1.31782,0.6732,0.0315230508033082,1.002922862254277,3.780615011407617,47.6099837201281,0.0317075952150151,7.400727977322023,0.1231798877732049,-0.0182089354291667,0.1638743369230842,0.16343373285169,0.5147379605859064,0.8406270887531315,0.0310364001561741,0.031215288941638
2.5839,-2.2587,0.0092812389892578,0.637569894777641,0.63748178645057,0.024074806746559,0.430692719603122,4.05329227425756,68.6849877681629,4.8426,2.5839,0.4064953707267723,0.9998618058541048,4.053292273621726,278.4003272785669,0.40638302805621,7.596452325647499,0.2745587643038526,0.0153472508132486,0.4931595656871335,0.4932133714500149,1.2764515929377076,1.765175903245033,0.341101057599857,0.3410211802253707
0.7289,-0.75456,0.0324588491699219,0.179801214728875,0.182664359737589,0.0193787360816214,0.859349286706837,3.99037886234139,5.62756734785458,1.48346,0.75456,0.032328476817979,1.0159239464062515,4.130855086733375,23.24666514592726,0.0333662683183433,8.121233946890229,0.1569724872472581,0.003539804418873,0.1677698251608516,0.1653459621920672,0.5622181132335466,0.9096527491339698,0.0318169079056704,0.0328216948812101
0.21383,-0.19839,0.0120191289746094,0.0628194330005268,0.0639438326089161,-0.154903460697172,0.0902374112572057,3.34402852121479,5.32017193126046,0.41222,0.21383,0.0039462811625076,1.0178989120546502,3.3440285159851597,17.790806527880562,0.004088813728717,6.446595121635891,0.0057701259204926,-0.0099051209613617,0.0619826006246749,0.0609252194564621,0.1937806498828485,0.3451629342997825,0.0039385150198841,0.0040804772463526
4.1283,-4.2843,0.0105469553710937,0.771964373119597,0.771847945310305,-0.270060789636512,8.56002707207132,5.3485923297241,73.1820623253725,8.412600000000001,4.2843,0.5959289933659323,0.9998491796858364,5.550704676323933,406.2120117736428,0.5957492506797396,10.89929700535507,6.607039307378834,-0.2084458655898202,0.5720230388567337,0.5720887465177903,1.6647401602187557,2.2420492172395625,0.4674560076656682,0.4673433755814548
0.59205,-0.47272,0.0129907232128906,0.166051598096413,0.166518553548866,0.0698047956027611,0.13332580454615,3.55545966129389,12.8182666060986,1.06477,0.59205,0.0275731332303726,1.00281210995573,3.555459659158719,45.57482949486832,0.0277284286760065,6.394302476619254,0.0222012201237637,0.011623793594546,0.1540237176669323,0.153623339175969,0.4650224939641765,0.7250188400644886,0.0271998407486756,0.0273509576930771
1.4995,-1.3343,0.0191686281884766,0.26863989315815,0.269257479967,-0.0549025060919407,4.56633969392458,5.56901891893135,14.0467787949931,2.8338,1.4995,0.0721673921960222,1.0022989389303267,5.569018916863056,78.22677645126221,0.0724995905181794,10.52449870397234,1.2295211186594146,-0.0147829104341888,0.2384320680460438,0.2379453763243214,0.916090711871488,1.343856478421923,0.0696821998951438,0.0699919900187307
4.9771,-4.7284,0.0164099020849609,0.991306223919088,0.991200023369509,0.0580625942039451,4.99313295000323,5.0212872101039,60.4025556178003,9.7055,4.9771,0.982688029580721,0.999892867968539,5.021287209597311,303.2985781329847,0.9824774863277153,9.79166643482082,4.949193496730267,0.0575516447318446,0.6887374838076398,0.6887908173333191,1.7879355005035642,2.3707576280970946,0.6844535147107157,0.6843473182594659
4.2593,-5.0389,0.0186952090820313,0.703831928559616,0.703908381849436,-0.718015340700059,14.0879899713545,6.05092950990183,37.6518058054773,9.2982,5.0389,0.4953793836599483,1.0001086242136894,7.158460005895995,269.52894460486084,0.4954870100378915,13.209389514938207,9.916654224247228,-0.5054170166152501,0.5329246604413689,0.5328797900681193,1.7982218761557094,2.3319691226822035,0.4023799429833259,0.4024519130173043
0.58517,-0.53969,0.0216283909667969,0.148340617500431,0.149873218078475,0.127981377745935,0.697532097862921,3.9044334104683,6.92946684330586,1.12486,0.58517,0.0220049388004091,1.0103316306945154,3.904433407863146,27.05564173464253,0.0224619814971981,7.505410330620056,0.1045413802197457,0.0191809809369002,0.1396516911485634,0.1383179590288577,0.4606916570982865,0.7537059178531014,0.0217663242555595,0.0222134263337247
1.3944,-1.1876,0.0241136531787109,0.276240517430522,0.277223793301,-0.0457003618499561,3.73842820787593,5.02987129422189,11.4965489155227,2.582,1.3944,0.0763088234702825,1.0035594914868682,5.029871292407509,57.82616113299875,0.0768530315721955,9.313774868758022,1.0363812487708246,-0.0126692276672731,0.244688810952897,0.2439186604440792,0.8731326775563522,1.27592130363852,0.0735374312200262,0.0740429279268593
4.2852,-5.0105,0.014214631015625,0.647028322989645,0.647026498424946,-0.451376167323968,15.8571671414557,6.6229126788956,45.5183463934957,9.2957,5.0105,0.4186456507507923,0.9999971799307172,7.743886860001332,352.48892210029715,0.4186432896640466,14.36679953787334,10.26000733047519,-0.2920523410160995,0.4989715399701134,0.4989726477626657,1.793507939762172,2.331726332340182,0.3497026494110321,0.3497009850851242
0.51716,-0.37822,0.0174267321386719,0.145790445793607,0.146792938287271,0.0209896166881401,-0.189370751004346,3.52305775764177,8.4234345899838,0.89538,0.51716,0.0212548540846986,1.0068762557622986,3.523057755241753,29.67624640793889,0.0215481667310105,6.09961221457259,-0.0277982889655951,0.0030811275071756,0.1369692972537334,0.1360947444985134,0.4168401661296695,0.6394193461358825,0.021032120262492,0.0213192871066162
3.1834,-4.4463,0.013043384453125,0.591174358903348,0.591173920681285,-0.916513178724735,12.6062952982586,5.38487894785914,45.3236598833555,7.6297,4.4463,0.3494871226247845,0.9999992585570462,7.52113691707484,340.88544900983794,0.3494866044936823,12.906015864023098,7.452513016737586,-0.541818689222769,0.4644720587056686,0.4644723341136532,1.6949364790362462,2.155209742034561,0.2997246110997415,0.2997242271529864
0.85616,-0.85011,0.0103843714306641,0.190424597099578,0.190661103864233,-0.152692685442293,4.24320771741679,4.49048066253544,18.3603894696244,1.70627,0.85616,0.0362615271805366,1.0012419964024242,4.490480660180228,82.44697307601504,0.0363516565267278,8.949229625357079,0.8090146673279176,-0.0291125559584216,0.1745087023287058,0.1743100477692861,0.6185098375449596,0.9955713030415856,0.0356195513432888,0.0357065230435139
1.5244,-1.3295,0.0201170065234375,0.275360297725342,0.276027108129424,0.0784112949590487,5.01603319328481,5.52264598332581,13.7210825978426,2.8539,1.5244,0.0758232935633889,1.00242159203541,5.522645981325039,75.77668131917717,0.0761909644222927,10.339201893271795,1.384561136623606,0.0216436429922294,0.2437514293124705,0.2432287251416072,0.9260034107279472,1.3490856225875625,0.0730862229403039,0.0734279222214464
0.41368,-0.48503,0.0123000243261719,0.0999887016593781,0.100718167917927,-0.184695818148856,1.54249187904599,4.10730266993238,8.18845274180637,0.89871,0.48503,0.0099977404595281,1.0072954858470349,4.815715074500449,39.43325502410848,0.0101441493487437,8.92301774035482,0.1553569560857927,-0.0186022244260553,0.0959628466963329,0.0952999085328283,0.3954349740708069,0.6411747082148314,0.0099480936818815,0.0100930427968032
0.47961,-0.47919,0.0087207284375,0.163156883255277,0.163349997027488,-0.0202814273231482,-0.366666497716972,2.93608820769855,18.7312330842762,0.9588,0.47961,0.026620168553576,1.0011836072633875,2.9360882059011235,54.99655194375439,0.0266832215288803,5.869605245549503,-0.0598949713121468,-0.0033129710929494,0.1513037715360338,0.1511377597573529,0.3917785395367236,0.6723320408460253,0.0262720169218402,0.0263334330531617
4.1633,-4.3795,0.0184275237890625,0.616778702416693,0.616903389035561,-0.347929686533071,18.4702693292382,6.74870664352925,33.4772808380103,8.5428,4.3795,0.3804159677548195,1.0002021576269726,7.0991667044280575,237.66079622880935,0.3805697914035607,13.847873346863343,11.394371745606623,-0.2146390027683318,0.4805128317695749,0.4804357143440497,1.682595433051827,2.2557869434454063,0.3223848796587403,0.3224963062739556
2.5564,-2.702,0.00859096265625,0.634211045782497,0.634114387918299,0.0249209109030962,1.33540449322578,4.03144929165268,73.8117965693839,5.2584,2.702,0.4022236505925285,0.9998475933763288,4.2610608607133935,314.51655380932385,0.402101056964999,8.292510151730314,0.8467992028452117,0.0158027081636833,0.4911009988335464,0.4911601470831238,1.3088732141513058,1.8339245613887336,0.3380592984239324,0.3379718665888976
1.4148,-1.2675,0.0192192809423828,0.28479766779719,0.285376046631987,-0.198519534547902,4.29517184835631,4.95766907102924,14.8484247401092,2.6823,1.4148,0.0811097115827186,1.0020308408389278,4.957669069291999,73.6135757045256,0.081439487991302,9.399177088324802,1.2257391616889284,-0.0566527199485024,0.2510513188288618,0.2506012489823661,0.881616467940134,1.3035375569496817,0.0779880243330524,0.0782930129189349
0.44685,-0.373,0.0103829484277344,0.124731150987502,0.125132206219577,-0.0236330150566338,-0.230879615239,3.57102310827866,12.0517025670021,0.81985,0.44685,0.015557860026667,1.0032153566176396,3.571023105424859,43.03690794636969,0.0156580690333787,6.551870410613339,-0.0288904756259831,-0.002957251313657,0.117900545391468,0.1175440301968557,0.3693887795254742,0.5987540801097708,0.0154380773001315,0.0155367462849099
0.20528,-0.21738,0.0158067621435547,0.06276550432553,0.0647104216842237,-0.271685618723963,0.0557967372872676,3.17228654453425,4.09384421025212,0.42266,0.21738,0.0039395085332381,1.030987040994808,3.3592734215958537,13.752341981903214,0.00418743867455,6.531559961227821,0.0036106303984629,-0.0175808909531668,0.062702857666796,0.0608744770240508,0.196701008488656,0.3525283587248038,0.003931768989503,0.0041786957516944
4.6558,-4.7309,0.0118229697900391,1.01071186275836,1.01053424190094,0.0253538076698501,3.3073660801911,4.60726594602261,85.472115707538,9.3867,4.7309,1.021538469520474,0.9998242615289804,4.681583070982764,400.1448065926145,1.0211794540543075,9.288849016549475,3.342206674534797,0.0256208908129542,0.6984004787450684,0.6984888199472294,1.7458725864555786,2.340526141571907,0.7038588401033571,0.7036812291624519
3.8278,-4.2835,0.0133294904736328,0.617675749982075,0.617668775916912,-0.650547636044687,16.6717312204433,6.19717257735384,46.3385136242625,8.1113,4.2835,0.3815233321159187,0.9999887090189926,6.934946635351236,321.35511678692615,0.3815147167426965,13.132119211701756,10.29760781534698,-0.4018229620313626,0.4809860856384664,0.4809903968115777,1.6645887568989484,2.209515401420452,0.3231867542115139,0.3231805180518447
3.0374,-2.489,0.0102731928710937,0.427331302421254,0.427350458622271,-0.0563926601317745,9.72942501625721,7.10751547989964,41.59860171853,5.5264,3.0374,0.1826120420290452,1.0000448272824949,7.107515478236477,295.6627027786312,0.1826284144846653,12.931775050676915,4.157874242828515,-0.0240994291702436,0.3558198995280149,0.3558064786267582,1.3956009204401902,1.875855489581157,0.1677255870257117,0.1677394312465606
0.52362,-0.51841,0.0210738072119141,0.141774359824373,0.143297801853262,-0.0062591697678205,0.433352491954123,3.65406861255408,6.79980605366121,1.04203,0.52362,0.0200999691036107,1.0107455391066595,3.654068610004108,24.84695775423413,0.0205342600159767,7.271779369929683,0.0620984595246592,-0.000896925269155,0.1339168949305635,0.132583508370479,0.4210890823410918,0.7139444111134973,0.0199006314187274,0.020326274498438
0.23448,-0.23657,0.0165938891552734,0.0674986403057486,0.0694924381397315,-0.175187459040202,0.0708487960601061,3.37418007306811,4.18783309262056,0.4710499999999999,0.23657,0.0045560664431248,1.02953833917243,3.4042552829113983,14.256452864105986,0.0048291989586044,6.77843535112404,0.0049234555774813,-0.0121742036602079,0.0671841790522432,0.0653181924015631,0.2123414177801229,0.3859764315243019,0.0045457189896276,0.0048175757827122
0.43788,-0.38427,0.0121151948388672,0.14500944178319,0.145479375520931,0.0526739198056653,-0.484976302507814,3.00991118797454,12.0080095661536,0.8221499999999999,0.43788,0.0210277382062723,1.003240710616068,3.009911185905582,36.1430420401426,0.02116424870196,5.651316528483314,-0.0705540496312868,0.0076629689595677,0.1358232179662007,0.1354128830710599,0.3631698065817251,0.6000171225621383,0.0208097064983833,0.020943396667345
0.53781,-0.53113,0.0134525663720703,0.158295893077567,0.158827976616108,-0.0548107375873075,-0.0444455775884891,3.38611629675232,11.8065187134747,1.06894,0.53781,0.0250575897652245,1.0033613218123365,3.386116294620382,39.9782451264285,0.0252263261559669,6.730174507672805,-0.0070592011579139,-0.0087054785478285,0.14740912936939,0.146949867303298,0.4303593263910026,0.7270363988262372,0.0247487961488502,0.0249133942221347
0.75581,-0.7627,0.0143989676318359,0.127394838068947,0.128175077538102,-0.18483158435048,6.12059052076902,5.89670015822945,8.9016852329544,1.51851,0.7627,0.0162294447666132,1.006124576006135,5.950454753407349,52.969074881227904,0.0164288505018984,11.847154907036307,0.7845071645785413,-0.023690802655613,0.1206013516153745,0.1199095180394104,0.5668467244437707,0.9236674568131162,0.0160991551234057,0.0162953570491195
0.21446,-0.20549,0.0102035366064453,0.0663482129883517,0.0671122050768806,-0.0673360556048551,-0.0997931579328846,3.1955439365213,6.57734741055248,0.41995,0.21446,0.0044020853667476,1.011514884168946,3.195543931759809,21.01820243019574,0.0045040480702812,6.257431102035493,-0.0066973388804612,-0.0045190711728212,0.0649561261880184,0.0642399262391309,0.1942995335533616,0.3506216597256325,0.0043924245304673,0.004493935200303
0.2009,-0.19672,0.0114182652587891,0.0642889063559927,0.065279569273756,-0.0965088955145178,0.103004050987545,3.07753256087685,5.71711795042665,0.39762,0.2009,0.0041330634804495,1.0154095453224334,3.077532556162461,17.594616492719638,0.0042614221645671,6.091032827184259,0.0067240600819189,-0.0063000591302736,0.0632372710729566,0.0623068825923213,0.1830712756845005,0.3347707899814554,0.0041245458348306,0.0042523680183804
0.57745,-0.52321,0.0101700116943359,0.180850021225477,0.1810916597528,-0.0476583658944137,-0.27933805593458,3.18871670174236,17.8064357441848,1.10066,0.57745,0.0327067301772554,1.0013361260648574,3.18871669998154,56.779678497679406,0.0327941892320238,6.07791656940286,-0.0505857921813135,-0.0086305325809256,0.1664391461873136,0.1662345361157678,0.4558096192098335,0.7422515810662533,0.0321832487430812,0.0322679343067611
4.9316,-4.9083,0.0099611571435546,0.956041956220931,0.95586042376644,0.0855470708292571,4.25849769681491,5.15933066939595,95.9587736636526,9.8399,4.9316,0.9140162220547446,0.9998101207240008,5.159330668856189,495.0830389903752,0.9136691497229582,10.294285393883936,4.070529413085908,0.0817710593748313,0.6708302110739053,0.6709230213932783,1.780293991118777,2.3832337708766977,0.6492037684675442,0.6490224200551086
5.5514,-5.5681,0.0131968157861328,0.714953887397333,0.714901131392409,-0.45993743515262,20.7977958731388,7.76526956837733,54.1722445003457,11.1195,5.5681,0.5111590611045583,0.99992621047896,7.788629440795792,421.92753525120816,0.5110836276661463,15.553899008086924,14.8683678001753,-0.3288097927603307,0.5393554296222443,0.5393861924414532,1.88222459736918,2.494815725664781,0.4128769465156606,0.4128270276665172
1.3458,-1.2283,0.0226405072509766,0.300779250043794,0.301556919868502,0.14670205250643,3.6472699894658,4.46283905733901,13.319353516494,2.5741,1.3458,0.0904681572569071,1.0025855165352535,4.4628390558590745,59.44213082936716,0.0909365759205781,8.536033596141213,1.0998595039521304,0.0442390190922262,0.263561178548042,0.2629635079958293,0.8526264951052677,1.2737133962003122,0.0866071061019969,0.0870365712661146
0.20882,-0.17983,0.014360860703125,0.0653310884685875,0.0668752673449659,-0.0498313597703303,-0.157762849601968,3.12252957319533,4.65677292799125,0.38865,0.20882,0.0042681511204904,1.0236362015421994,3.1225295685261463,14.540911082054333,0.0044723013824606,5.811565543567124,-0.0105504327442352,-0.003332485506804,0.0647340651534993,0.0632856320390058,0.1896446771737359,0.3283320521783397,0.0042590683986117,0.0044623303605229
1.4614,-1.4578,0.0185617143798828,0.284900965355228,0.285435569288577,0.217369742904446,4.79380554342847,5.1198944954282,15.3776511935736,2.9192,1.4614,0.0811685600603408,1.001876454972677,5.119894493634488,78.73195127442922,0.081473464215094,10.227176683876964,1.3683226143472416,0.0620450563120421,0.2510976253386286,0.2506816456146879,0.9007302937560993,1.365887551342228,0.0780424562518378,0.0783244300166596
0.8038,-0.78857,0.0292140698046875,0.201072498892861,0.203135103813903,0.141646660655578,0.923769369773389,3.95697240362936,6.95333122608303,1.5923699999999998,0.8038,0.0404301498110195,1.0102580155484877,3.956972401681412,27.514139680723755,0.0412638704014851,7.838970071243381,0.1876499868290211,0.0287734091171635,0.1849307364339413,0.1832149067154445,0.5898955507494708,0.9525725152162372,0.0396342332295869,0.040435235323984
0.50589,-0.52216,0.0102120112353516,0.172512499903569,0.172772440718222,-0.0514009722491525,-0.321754240656672,2.92807115473391,16.9185517657996,1.02805,0.52216,0.0297605626229789,1.001506793505674,3.022241264446665,51.13194481016721,0.0298503162717315,5.950312417485817,-0.0555902654696914,-0.0088806714307756,0.1593705531686787,0.1591488821800367,0.4201303787500082,0.7070747402573584,0.0293263117448871,0.0294134676729599
0.22301,-0.18525,0.0101566526123047,0.0676855571753131,0.0684270068219411,-0.122366746872368,-0.159042998086276,3.25909330770978,6.73716129062467,0.40826,0.22301,0.0045813346501325,1.0109543243267116,3.2590933029469094,21.957037059052464,0.0046822552626099,5.96635770530965,-0.0108828363150315,-0.0083731902230142,0.0661874797533037,0.065493275066808,0.2013150332864884,0.3423548997793684,0.0045708722787907,0.0046713276028895
0.20507,-0.16877,0.0161069925146484,0.0640834489737918,0.0660614745618231,-0.0979818121034376,-0.163462489700092,3.1042298307781,4.1014158603317,0.37384,0.20507,0.0041066884323765,1.030866401802962,3.1042298260791004,12.731737383023344,0.0043641184212824,5.65897146428737,-0.0107985731051348,-0.0064728229877925,0.0639709925253789,0.0621138173306676,0.1865376565416919,0.3176097386934696,0.0040982790028456,0.0043546232717661
0.56472,-0.56055,0.0106577502929688,0.181404058599208,0.181672650763147,0.0103271945892761,0.312457274578292,3.10844806649652,17.0460599816269,1.12527,0.56472,0.0329074324762648,1.0014806287459332,3.108448064785493,52.98679169410467,0.0330049520353083,6.193942757226895,0.0567649413228667,0.0018761688159806,0.1669309354186567,0.166703611300035,0.4477068942471253,0.7538988531286209,0.0323775757410944,0.0324719839646445
1.5129,-1.4776,0.019738449609375,0.285614048982133,0.286225714494706,-0.272863756529098,5.25800789310922,5.28568861351549,14.5009218129655,2.9905,1.5129,0.0815753849759682,1.002141580270784,5.285688611668793,76.64735692395492,0.0819251596380049,10.448047982811506,1.5049770660239905,-0.0781006236722505,0.2517121271285616,0.2512364633389335,0.9214374646936848,1.3839165363339263,0.0784186680741938,0.0787420094904508
5.0589,-5.0138,0.0154526391113281,0.852942928659177,0.852874664480339,0.0364552004201484,6.47356785934285,5.93158668053813,55.1928158249103,10.0727,5.0589,0.7275116395496939,0.999919966182336,5.931586679842643,327.3809690898236,0.7273951933124508,11.810293374063727,5.521142016027739,0.0310917168268975,0.6167383057713004,0.6167751474005118,1.8015282654529945,2.4044826194202056,0.5466820144371013,0.546614605246104
0.48774,-0.5835,0.0102317339453125,0.141818497828458,0.142152573511294,-0.100967459762499,0.224333363623612,3.43110214576065,13.8933023738776,1.07124,0.5835,0.0201124863263203,1.0023556559103066,4.1047445373415385,57.02845650755758,0.0202073541558838,7.535846680688516,0.0318895649635413,-0.0143527842461372,0.1329147043337631,0.1326221650022359,0.4596375869965574,0.7281474617445668,0.0199129019277877,0.0200058950240167
0.57828,-0.5013,0.0134132623095703,0.11500494220647,0.115756616498249,0.0320726619856854,1.80490762725282,4.99565396340648,8.63001213475537,1.07958,0.57828,0.0132261367319135,1.0065360164241977,4.995653959090814,43.112554003819376,0.0133995942631226,9.326291936700663,0.2089300000226692,0.0037126228335549,0.1095327545999564,0.1088588373744291,0.4563356464803153,0.7321659502470943,0.0131394350344522,0.0133106136876982
0.39929,-0.41327,0.0109178377001953,0.137968805947493,0.138366527635518,-0.144632157478843,0.0013009196481608,2.88574127589441,12.6734369419178,0.81256,0.41327,0.0190353914145769,1.0028826921056928,2.9867772702220936,37.85273307436454,0.0191452959699105,5.8725185440309335,0.0001800037344488,-0.0200122494147809,0.1295943643706441,0.1292449240344999,0.3459061682509448,0.5947402106470616,0.0188564851532398,0.0189643308963777
0.28539,-0.26181,0.0092739878613281,0.0920531437410772,0.0924967595916498,0.0906005942349989,-0.214281753475047,3.08540538349587,9.97378484582181,0.5471999999999999,0.28539,0.0084737812726154,1.0048191265617008,3.085405380160185,30.773169125305845,0.0085556505349554,5.915882911186983,-0.0198203678360585,0.0083802613838153,0.0884656819343762,0.0880595425680989,0.2510621742453097,0.4364468457168928,0.0084380803276431,0.008519258381958
0.40597,-0.38156,0.0142073948730469,0.136326341782492,0.137031554353755,0.0288125202879903,-0.314560799561505,2.96260231385805,9.64508663116841,0.7875300000000001,0.40597,0.0185848714637968,1.0051729728937555,2.9626023116960667,28.574555769736318,0.0187776468886061,5.747070469566725,-0.043104755302673,0.0039482244399124,0.1284209666733333,0.1278005517399151,0.3407274560342331,0.5808347786619723,0.018414283074345,0.0186035232548706
0.53823,-0.54303,0.0133029641503906,0.139137950877109,0.139738632497925,0.0793275451284623,0.58563613284086,3.85169076281029,10.5043230153952,1.08126,0.54303,0.0193593693742808,1.0043171652061689,3.8860406024043455,40.82022546095737,0.0195268854123901,7.737731362458284,0.0818359923445549,0.0110851226756687,0.1307989663814174,0.1302717929143595,0.4337480158362176,0.7329734795398786,0.0191743607371689,0.0193386818591471
0.60436,-0.55325,0.0090790607958984,0.186769448685587,0.186944440080204,-0.0023393188142096,-0.0420126374310033,3.23283217056744,20.5907245565156,1.15761,0.60436,0.0348828269623181,1.0009369374689212,3.232832168838136,66.56635602841133,0.0349482236769009,6.192267600385058,-0.0078540289808315,-0.0004373226458915,0.1713823075229535,0.1712348665059361,0.4727249231644232,0.7690011276120271,0.0342882096440944,0.0343514000330727
3.5891,-3.8111,0.0163405448876953,0.648241602877803,0.648289291089238,-0.231435471150457,11.9572568277403,5.53626297600827,39.6736642226301,7.4002,3.8111,0.4202171757015832,1.0000735653361583,5.878702689980924,233.229675195645,0.4202790049409868,11.414965665135218,7.751761552227711,-0.1500371375250336,0.4997379567913015,0.4997090244299967,1.570925748200736,2.128255515089635,0.3508098005538606,0.3508533346658475
1.8725,-1.793,0.0123505509863281,0.537768456140233,0.537778988131543,0.0402631563334813,0.413608830562879,3.48191365100709,43.5429147029032,3.6655,1.8725,0.2891949124194498,1.0000195844348767,3.4819136503596293,151.6126678810983,0.2892062400757862,6.8159970549496505,0.2224301383823758,0.0216526794720017,0.430339159932755,0.4303323110764126,1.0551827307407735,1.5401950096919397,0.2540179246431445,0.2540267112172007
2.2115,-1.7563,0.0102517246875,0.558313875779964,0.55827168785324,0.0126206869750602,0.118789525502534,3.96133289242024,54.4563675743209,3.9678,2.2115,0.3117143838884451,0.9999244367218036,3.961332891710661,215.7197979696546,0.3116672774585054,7.107292176228605,0.0663168289015851,0.0070457722194342,0.4435773146932273,0.4436043878640839,1.16673811771571,1.6029770861718635,0.2713349716158784,0.2712990588620166
0.41243,-0.37801,0.009278456015625,0.149397151621607,0.149648589906393,-0.0358892153891051,-0.499917425369498,2.75598988442176,16.1286090761635,0.79044,0.41243,0.0223195089126494,1.0016830185976673,2.7559898825801232,44.45028298462977,0.0223947004609717,5.281974256932407,-0.0748119377761798,-0.0053707704758263,0.1394563216834715,0.1392375889447124,0.3453116252883205,0.5824613997021877,0.0220740739526048,0.0221476211975073
4.3002,-4.8361,0.0159502067285156,0.755134090007,0.755118183857256,-0.308571191271802,11.4601945319574,5.69473771381579,47.3422192395327,9.1363,4.8361,0.5702274938907,0.9999789358605944,6.404427946173986,303.19983007079725,0.5702034715918808,12.099165659235624,8.65380128162253,-0.2330077175438331,0.562536195879716,0.5625452585615425,1.7640627655377257,2.3161230400551904,0.4512205094304684,0.4512052107029474
0.39053,-0.4527,0.0135248276904297,0.110153744368465,0.110954241163977,0.0185796278678958,0.413334710695247,3.51973927182147,8.20374526785945,0.8432299999999999,0.4527,0.0121338473983931,1.0072670856481067,4.080060345984954,33.47177553863828,0.0123108436322739,7.599799614634178,0.0458612391719231,0.0020614885111914,0.1052193227381544,0.1044985141728929,0.3734238938967008,0.6115194674286484,0.0120608223947467,0.0122356814413939
4.9884,-5.24,0.0113746969238281,0.966497972738828,0.966328930836655,0.0776480674591323,4.57439629541915,5.16221737838378,84.9542574459592,10.2284,5.24,0.9341183313082644,0.9998250984410484,5.422584207347398,460.6716107710888,0.9337916025719128,10.58480158519697,4.420371481375542,0.0750335740093157,0.6761683174132083,0.6762542819910661,1.8309801823813363,2.4184462830877305,0.6596515799103043,0.6594826366087726
0.49609,-0.31209,0.0110831265136719,0.106502059848245,0.107051324246808,0.301153492192674,0.87001624176412,4.63413230513862,9.65894633745736,0.8081799999999999,0.49609,0.0113426887519191,1.005157311500171,4.634132300809712,44.76083485214672,0.0114599860229952,7.549462885501406,0.0931363907970801,0.0322388801407765,0.1017000160183357,0.1012037420962494,0.402855038170527,0.5923208145365874,0.0112788427941384,0.01139481779523
1.2423,-1.3034,0.02019034484375,0.274822845998846,0.275496584368113,-0.0347947587153265,4.09682208445766,4.50931180453425,13.6449667650622,2.5457,1.3034,0.0755275966829054,1.0024515366128792,4.731093136840179,64.55560831829534,0.0758983679984968,9.240404939737644,1.1286604910319382,-0.009585837179985,0.243335580719321,0.2428072246421033,0.8343862922526699,1.2657356017041677,0.0728113287947823,0.0731560037455812
0.75164,-0.92479,0.0276002523583984,0.197634993756503,0.199505119286651,-0.148609409904703,1.49431324944495,3.76752237079208,7.22838025884729,1.67643,0.92479,0.0390595907571329,1.0094625217612312,4.635419897209306,33.506577571851096,0.0398022926215808,8.40294226611295,0.2981231430821378,-0.0296483380501565,0.1819090711389851,0.1803487735999481,0.6548168708798107,0.9844838169505364,0.0383160644253825,0.0390305918328884
1.9806,-1.9531,0.008445063125,0.613234829885931,0.613143257416714,0.003669741115111,0.401647312342306,3.23024020250118,72.6037506577802,3.9337,1.9806,0.3760569565852267,0.9998506729155956,3.230240201974348,234.52755145003664,0.3759446541155788,6.415629547867561,0.2462673414222298,0.0022500770211952,0.4781846094688246,0.4782413743406181,1.0921246225325554,1.5960892136643683,0.3192221315216614,0.3191405164024888
0.43163,-0.43037,0.0201485252880859,0.134413010000786,0.135882296937867,0.0703468724771802,0.119913743380891,3.17649914467787,6.74403188297936,0.862,0.43163,0.0180668572574714,1.010931135579653,3.176499142340194,21.422411401641767,0.0184639986211106,6.34372555359277,0.0162941548850134,0.0095588946145944,0.1274097030804118,0.1261153453484263,0.3588136552643514,0.6216511788548753,0.0179055910773867,0.0182956086089425
4.8649,-4.8077,0.0077949050097656,0.969854144801639,0.969648666816045,0.0993611462538535,4.42305296849032,5.01717804240836,124.395187061452,9.6726,4.8649,0.9406170621889186,0.999788135064768,5.017178041890936,624.1127930993238,0.9402185370581334,9.97536564533583,4.288807414153389,0.0963454029983631,0.6778551851273783,0.6779595018371796,1.7689854316617004,2.367679709481932,0.6630059957939078,0.6628006146990408
0.53677,-0.56201,0.0097557078564453,0.136514461958784,0.136829355232946,0.0432634484180152,1.84579973693242,3.92291551097475,14.0255691587307,1.09878,0.56201,0.0186361983238962,1.0023066653115946,4.10737884887687,57.60832555762363,0.0187222724534637,8.030294356984623,0.2525595878936044,0.0059197097521908,0.1282431201564338,0.127966089226229,0.4459734534456567,0.7413562235302038,0.0184646721664976,0.0185491679789461
0.59414,-0.5593,0.0131142445214844,0.178689319782247,0.179126395752577,-0.0566712680033351,0.233031088606751,3.31687575973266,13.6589183966429,1.15344,0.59414,0.0319298730042421,1.002446010039201,3.316875757880953,45.30493498852772,0.0320862656553088,6.439251984667262,0.0417420190004267,-0.0101513199801657,0.1647738217061042,0.1644030751948678,0.4663344058713512,0.7670665635032685,0.0314307122352249,0.031582254317127
0.24158,-0.18775,0.0094437159912109,0.0659179625392603,0.0665750695696932,-0.0048390714705601,-0.0387071853800007,3.62868565607889,7.04966875662644,0.42933,0.24158,0.0043451777853273,1.0099685564317114,3.6286856506283742,25.58103162639909,0.0044322398882094,6.448810374965974,-0.0025769335595205,-0.0003221615198052,0.0644526451719233,0.0638363645638872,0.2163847620696553,0.3572058030081196,0.0043357647580017,0.0044224464402734
0.44039,-0.39866,0.0082616530175781,0.0992992456459265,0.0996181734283536,0.110396256195669,0.661243123615067,4.42077971161289,12.0578984879174,0.8390500000000001,0.44039,0.00986034018585,1.0032117835340173,4.420779707175167,53.30531235485958,0.0099237804772015,8.422659945287869,0.065871832166592,0.0109974733955411,0.0949630044808127,0.094672927389334,0.3649139102525159,0.6092491339420836,0.0098120442483034,0.0098748631314933
4.3424,-4.1692,0.0128835890283203,0.968810888979992,0.968660016392697,0.0587792605409815,3.61204082589277,4.48289381879429,75.1855724568222,8.5116,4.3424,0.9385945386062025,0.9998442702399452,4.482893818331499,337.04893541308866,0.9383022273579,8.786983931491891,3.4988395256203817,0.0569371194791777,0.677353116587992,0.6774297508494226,1.675674990207253,2.252512106359605,0.6619632458879405,0.6618124493790304
0.43434,-0.3511,0.0123201507226562,0.123954840700478,0.124535482100175,-0.020816367404326,-0.261286094456212,3.4876807209902,10.1082758566548,0.78544,0.43434,0.0153648025330808,1.0046842970871273,3.4876807181896443,35.25443854155327,0.015509086301923,6.30695755236652,-0.0325393897391762,-0.0025923763502721,0.1173700455878794,0.1168535733516275,0.3607048130976071,0.579664883455254,0.0152479592835997,0.0153900496121801
0.51361,-0.60186,0.0114869046875,0.116850209760458,0.117385065157715,-0.147102449657417,2.56339431791261,4.37542884446101,10.2190336170764,1.11547,0.60186,0.013653971521063,1.0045772728854807,5.127228056470696,52.39531545999592,0.0137792535220809,9.50265689720428,0.3009042090330882,-0.0172676306378953,0.1109911922454411,0.1105124106117622,0.4711654540658243,0.7492770100327628,0.0135615959642097,0.013685182773018
0.77313,-0.65693,0.0317555182519531,0.18726642622759,0.189894718030293,0.127838245058333,0.837027344548417,4.07136126807207,5.97989667570968,1.43006,0.77313,0.0350687143920534,1.0140350395649953,4.07136126592805,24.346319635889337,0.0360600039358044,7.530804511470345,0.1589470715766665,0.0242758074988396,0.173864830966087,0.1716535438768337,0.5727463464571579,0.8879159484056552,0.0344678152305261,0.0354250610170132
1.4461,-1.2972,0.0205917428417969,0.269707216667182,0.270426485480564,-0.062520408281834,4.2413952625132,5.34747917693858,13.1327633390825,2.7433,1.4461,0.0727419827223582,1.0026668500828544,5.347479174961157,70.22717815036053,0.0731304840493697,10.144346601667204,1.146985614375359,-0.0169071742824663,0.239352659436176,0.23878633583518,0.8944949195036976,1.3199675753230935,0.0702179712865133,0.0705800630112285
0.20507,-0.20173,0.0144734320019531,0.0681124442092174,0.0696169519901365,-0.228946059362093,-0.181575055282848,2.94569058451532,4.80998231661585,0.4068,0.20507,0.0046393050561537,1.022088587425947,2.9456905802840345,14.16871952384584,0.0048465200043969,5.843404340271835,-0.0126407019062324,-0.0159385268229417,0.0673005955862645,0.0658930198360345,0.1865376565416919,0.3413176216176903,0.0046285766492234,0.0048348134351648
0.20882,-0.24158,0.0141968210644531,0.0649889197220758,0.0665059931883982,-0.166464251597952,-0.0289901254134008,3.13986740124991,4.68456937552872,0.4504,0.24158,0.0042235596866424,1.0233435694957818,3.6324545812346063,17.016485394975835,0.0044230471299752,6.772321977763336,-0.0019280170832744,-0.0110708703828852,0.0643878784056478,0.062964395090436,0.2163847620696553,0.3718393804585043,0.0042146654930727,0.0044132942048748
0.91228,-0.75248,0.0328749658447266,0.201696140648153,0.20430915936259,-0.065746407634872,1.05246562457336,4.4651938407762,6.21473373774966,1.66476,0.91228,0.0406813331523595,1.0129552236584425,4.465193838590691,27.749990723453102,0.0417422325994482,8.148239679410093,0.2150283670146064,-0.0134325932749908,0.1859060908043164,0.1837340093531545,0.6482962474220492,0.980113997277319,0.039875626681707,0.0408945351845877
1.2815,-1.3491,0.0214973168554688,0.271974319823902,0.272756387820035,-0.150558537309977,4.41976347737176,4.69833176132812,12.687927040097,2.6306000000000003,1.3491,0.0739700306436741,1.002875521101962,4.946171967915636,62.75666878776685,0.0743960470966333,9.644503727521217,1.205518721106838,-0.0410658027921372,0.2411849326995462,0.2405702758964464,0.8540322760775825,1.2893979238741935,0.0713620912687283,0.0717586870472198
0.19067,-0.23594,0.0122764280126953,0.068265357241877,0.0693440279753821,-0.239937715744479,0.0475045028259382,2.74962394840533,5.64855085727477,0.42661,0.23594,0.004660158999361,1.015801142416981,3.402455936703241,19.218945269268488,0.0048085942158505,6.152079881143383,0.0032941535729184,-0.0166382476729344,0.0670454025100075,0.0660361715134362,0.2118318141678956,0.3553010005105823,0.0046493340759596,0.0047970698558984
4.8515,-4.7601,0.0135607239550781,1.00330055183823,1.00314723784137,0.0796992164435553,4.29551510886603,4.83627907946966,73.9744604465398,9.6116,4.8515,1.006611997318897,0.9998471902596248,4.836279078987556,357.7611328344413,1.00630438078877,9.581444913036544,4.309034116564829,0.079950048833474,0.6947195626397507,0.6947960962700303,1.7666980386326838,2.361947742387553,0.6964477264204845,0.6962944132179429
0.19005,-0.20215,0.0147430694238281,0.0662690908205369,0.0678734569768677,-0.179867611970865,-0.148099214043473,2.80006365470337,4.60375346718295,0.3922,0.20215,0.0043915923981805,1.024209869700108,2.9783365796597354,13.711527282244742,0.0046068061619907,5.778400230237686,-0.0100520056326875,-0.0122082366226364,0.0656692475412696,0.0641657243017183,0.1841116203404514,0.330885229752429,0.0043819774958282,0.0045962273078615
0.36508,-0.41953,0.0064218737451171,0.0949302543425957,0.0951240946439757,0.106323797883019,1.24562601726193,3.83793403097709,14.81251398259,0.78461,0.41953,0.0090117531895499,1.0020419222777626,4.410344204895251,65.32828425444569,0.009048593381836,8.248278231837682,0.1184890471570223,0.0101139550127312,0.0908676852892683,0.0906906665755767,0.3503258309097486,0.5791999039647964,0.008971389657991,0.0090079001541739
2.0951,-2.097,0.0149472023876953,0.555532770992586,0.555598224239042,0.0094016731009918,0.58454341155641,3.77089038192929,37.1707166216212,4.1921,2.097,0.308616659646701,1.0001178204956789,3.774310118601729,140.29381094731764,0.3086893867775768,7.545200499852317,0.3247712814513729,0.005223552879787,0.4418601817708029,0.4418181049527158,1.1304339009910658,1.647138239616926,0.2689705942655568,0.2690261683020696
0.54678,-0.43058,0.0145042481347656,0.13895995179707,0.139681111002223,-0.0303421589725211,0.0956928738633867,3.9144877648582,9.63035861661916,0.97736,0.54678,0.019309868203444,1.0051896902331052,3.91448776205574,37.69792071604299,0.0195108127708153,6.997080652406448,0.0133664869362334,-0.0042382264754878,0.1307484960844234,0.130115523001471,0.4361753507475783,0.6817626216933073,0.0191257984986908,0.0193229169308287
2.3094,-2.228,0.0122758485791016,0.60256020977531,0.602538146750364,0.0271237080118656,0.670320585684145,3.83278637619072,49.0832175770013,4.5374,2.3094,0.3630788064044656,0.9999633843646089,3.8327863755546137,188.12548609625023,0.3630522182893632,7.53047757012276,0.4038937234267433,0.0163430687584674,0.4715887140537729,0.4716024815095525,1.1967669040756068,1.711525076517449,0.3097459693881486,0.3097264632713388
4.7664,-4.6846,0.0112697084326172,1.02408512976143,1.02389710136973,0.0542836864819243,3.77389145659921,4.65515528232641,90.853912281025,9.451,4.7664,1.0487503529984847,0.999816393690117,4.655155281871761,422.9390659221498,1.0483652741933351,9.23041972326494,3.8640765232959193,0.0555809092405054,0.7050249108886564,0.7051178106995247,1.752047968991827,2.3466976676123665,0.7172300233753309,0.7170420478133391
0.44185,-0.40701,0.0180873937353516,0.146313883278835,0.147392174989547,-0.0171132142931217,-0.379731499094225,2.99778465194192,8.14888961594675,0.84886,0.44185,0.0214077524401325,1.007369714929376,2.9977846499080254,24.428616085995174,0.0217244532481492,5.759193115131665,-0.055969451563539,-0.0025223538757254,0.1374916933868402,0.1365514754489227,0.3659270112606731,0.6145692329347715,0.0211818252164389,0.0214918402117206
0.57307,-0.47022,0.0100692888720703,0.135051115985624,0.135393090079851,0.102296880248713,0.659426552369486,4.23263845785644,13.4461422052751,1.04329,0.57307,0.0182388039289624,1.002532181918513,4.232638454730265,56.91265804264367,0.0183312888413706,7.70563696134074,0.0892817986060074,0.0138502907224017,0.1269789258454033,0.1266776860299527,0.4530291240395945,0.714561253877321,0.0180744720810368,0.0181652962690184
1.8041,-1.7663,0.0153076248681641,0.601092323986324,0.601140485633929,0.0058861596759104,0.0141244312949391,3.00112875960683,39.2706569968374,3.5704,1.8041,0.3613119819552798,1.000080123378182,3.0011287591075897,117.85629735194463,0.361369883468196,5.939377042025242,0.0084907674879427,0.0035384088860956,0.4707161788431692,0.4706860988018531,1.0310826318745103,1.5196007284281157,0.3084489273452586,0.308491460050721
4.7922,-4.6725,0.0107865333154297,1.1621635004861,1.16192980286554,0.0451667591259424,3.48724675432693,4.12434553979209,107.720411079939,9.4647,4.7922,1.3506240018621052,0.9997989114952912,4.12434553943714,444.2761928633116,1.3500808667871529,8.145672807293247,4.0519359337985845,0.0524806035272815,0.7710012500800664,0.7711093410042869,1.7565121848739955,2.3480076885018684,0.8546808256157765,0.8544497389627974
0.58475,-0.54303,0.0209597297949219,0.157067463672051,0.158421754904881,-0.0232661286769481,0.134692325939394,3.69109659434774,7.55838727192294,1.12778,0.58475,0.024670188144371,1.008622353097873,3.691096592017831,27.898737385049632,0.0250974524271421,7.118845514400802,0.021338194647539,-0.0036858609348448,0.1470585226049464,0.1458887556490962,0.4604266661821387,0.7550791826763132,0.024370793148021,0.0247876836096542
2.6482,-2.097,0.0112296333154297,0.540883098632191,0.540867619811468,0.138896848089861,1.67463231823354,4.8962073213462,48.164317090239,4.7452000000000005,2.6482,0.2925545263859604,0.9999713821327396,4.896207320440944,235.8224798648663,0.2925377821605227,8.773311297090995,0.9057543960223357,0.0751248076256781,0.4323456472692293,0.4323556927415191,1.2942338952706771,1.7483647235755306,0.2566205132695744,0.2566075588188706
0.19818,-0.30792,0.01046100578125,0.0697996428389406,0.070562340387513,-0.289233544270178,0.213943248422808,2.8085803122691,6.74527305146766,0.5061,0.30792,0.0048719901404436,1.010926953440716,4.363800830196255,29.435027902231354,0.0049790438809632,7.172381138485076,0.0150963363188204,-0.0204089958022791,0.0681840621838848,0.067471381257171,0.26843808908502,0.4095235282356658,0.0048601604038268,0.0049666894338979
0.17169,-0.21613,0.0142026596240234,0.0619797678468144,0.0635714671406099,-0.107357958122859,-0.255155319623832,2.70073993447798,4.47602553489914,0.38782,0.21613,0.003841491622345,1.0256809479370972,3.399795684783796,15.21757221532402,0.0040413314344096,6.100535615013427,-0.0162205980172182,-0.0068249029070903,0.0616325533444957,0.0601348716465744,0.1956736857244704,0.3277341706779276,0.0038341319354982,0.0040331871895496
4.5498,-4.8043,0.0100575639453125,0.749692427071153,0.749576851846543,-0.284290993534602,9.37723075031128,6.06982458008383,74.5286687633635,9.3541,4.8043,0.5620387352078361,0.999845836345118,6.409349471670484,477.68027907703214,0.5618654568241742,12.479174050944543,7.028955104856926,-0.2130979479419928,0.559373959752512,0.559440016529193,1.7585990221768335,2.337382576536219,0.4459918495785423,0.445880912511854
0.23281,-0.19213,0.0139558623095703,0.0627896570424815,0.0643069362934753,-0.0804136843191193,0.315963389592916,3.62029375707674,4.60787981903321,0.42494,0.23281,0.0039425410315124,1.0241644758077084,3.6202937514470266,16.681878422672714,0.004135382055453,6.607996334950816,0.0203186375656221,-0.0051711576746332,0.0623238232788732,0.0608972030557168,0.2092961166067038,0.3541297075710045,0.0039347895835413,0.004126854863794
0.397,-0.41765,0.0142998081445313,0.146770906668341,0.147430204332358,-0.0887153399596484,-0.273509311217857,2.69279963219089,10.3099428217672,0.8146500000000001,0.41765,0.0215416990442468,1.0044920180608927,2.83286590836697,29.206685352562165,0.0217356651494808,5.52566553873136,-0.0403235336396511,-0.0130793206976655,0.137524836991467,0.1369500855636127,0.3490005711270377,0.5958926116557147,0.0213129558268501,0.0215028136593849
4.94,-5.0209,0.0107520625292969,1.15706782328384,1.1568352694683,0.0695516976429781,2.96659672622035,4.27027091097466,107.59194027343,9.9609,5.0209,1.3388059476788037,0.9997990144476924,4.340203079971504,466.9708662521368,1.3382678406857942,8.610473990577018,3.431863723180895,0.0804598568847922,0.7686419942858915,0.7687498102524376,1.7952367498075996,2.394334394936792,0.8496405203633501,0.8494104162342588
4.9049,-4.9633,0.0115552407226562,1.1446535066647,1.14443235377192,0.0963804817681336,3.14615258008756,4.2858802303465,99.0401135934837,9.8682,4.9633,1.3102316503197942,0.9998067948147864,4.336909895292484,429.5280449948327,1.3097254123599371,8.6227901252645,3.6005588025552058,0.1103009416075767,0.7628748804212795,0.7629780039772874,1.785624019121971,2.385841094044756,0.8373478010295667,0.8371286483599576
1.5091,-1.302,0.0179285171826172,0.275456683355134,0.275972402818751,-0.217981747111709,3.72329069525992,5.46830039738112,15.392929599684,2.8111,1.5091,0.0758763844050105,1.0018722339830284,5.468300395399659,84.17316257731838,0.0761607671175549,10.186163436159289,1.0275254795635782,-0.0601569465210476,0.2437085568037207,0.2433042975017983,0.919924123106576,1.33791786137953,0.0731355707579161,0.0733998623980475
0.83196,-0.64441,0.0094431899365234,0.14707578400921,0.147342790548489,0.163358786650882,4.46971018089438,5.6464248905766,15.6030739124086,1.4763700000000002,0.83196,0.0216312862419237,1.00181543440952,5.646424886744411,88.1015839755666,0.0217098979266159,10.019967678786056,0.6585795709959696,0.0240697394857562,0.1374486518663097,0.1372159074634836,0.6053864319524366,0.9067937782300064,0.0214006500146448,0.0214775942717664
1.3677,-1.0835,0.0193285433447266,0.256367773343712,0.257032946891371,0.0017693018296737,3.6873597362629,5.32110772778879,13.2981023094789,2.4512,1.3677,0.0657244352092129,1.002594606329508,5.321107725718585,70.7606345977999,0.0660659357876623,9.536520623880527,0.9477729392602418,0.0004547688632213,0.2287541399976071,0.2282248383563421,0.8619190198068168,1.238721996652755,0.0636547887697638,0.063975177290152
5.0355,-5.0443,0.0107865361669922,0.958862601321535,0.958689158828432,0.0361235538871032,5.01878754120635,5.25248455521667,88.8783149647345,10.0798,5.0443,0.919417488213101,0.999819116322979,5.261663755161506,467.64780418307447,0.9190849032551665,10.514148309830292,4.81145720621773,0.0346312594899205,0.6722754529821646,0.6723639993518543,1.7991156791813148,2.405123630614709,0.6520217484514848,0.6518484595357316
1.3792,-1.4213,0.019144859921875,0.277676049782753,0.278267615529434,0.052710074413999,4.01586051716234,4.95637984095247,14.5348472992213,2.8005,1.4213,0.0771039886229539,1.0021304165300924,5.107673046268991,74.23924742077071,0.0774328658524369,10.064052885440308,1.117483930409564,0.0146675067215625,0.2455057358565599,0.2450428416501872,0.8843045860162992,1.335132637023958,0.0742759474806767,0.0745812355813227
4.1566,-3.8403,0.0171503547363281,0.627551905353812,0.627633040062651,-0.042892280469164,12.3432512979119,6.6226596349757,36.5959217585855,7.9969,4.1566,0.3938213939131998,1.0001292874870331,6.622659633920512,242.36233242215124,0.3939232329782852,12.741362369845293,7.7470323363657085,-0.0269206123860812,0.4871268368058187,0.4870769872825405,1.6402774475850723,2.196880073557162,0.3320491792467112,0.3321222412224376
2.0177,-1.9303,0.0118303462890625,0.556131820777602,0.556121877180877,0.0257542698934442,0.845293244110545,3.62816152859915,47.0080810478919,3.948,2.0177,0.3092826020814109,0.9999821198925296,3.6281615279467463,170.55290974957612,0.3092715422791824,7.099163261304335,0.4700860656830696,0.0143225129185651,0.4421967499258495,0.4422031398912508,1.1044949518262652,1.5989834545302417,0.2694793552089665,0.2694709079501979
0.21967,-0.20423,0.0150132212744141,0.0635786827504985,0.0653121118857537,-0.0985332831408538,-0.0050203955663348,3.36338840771609,4.35030635277856,0.4239,0.21967,0.0040422489002885,1.0272643118343812,3.3633884025663705,14.631769859489784,0.0042656719589772,6.49037348681151,-0.0003278926369392,-0.006435416812966,0.0632678190303977,0.0616393376421523,0.1985803303523804,0.3533995858048119,0.0040341009621513,0.0042565997705162
1.2089,-0.93063,0.014789062421875,0.2314651722638,0.231880749784602,0.354457418347693,2.74937763062499,5.21345562804574,15.6792055621876,2.13953,1.2089,0.0535761259711106,1.0017954209549451,5.213455625797408,81.74284192874805,0.0537686821206691,9.226854756441666,0.6375277464303352,0.0821918519331773,0.208542066420481,0.208204657434577,0.7924946540606438,1.1440731071881016,0.0521902117094816,0.0523729593541529
0.41222,-0.38427,0.0193526382910156,0.138796605930178,0.140105731265658,0.005705048645274,-0.423622708020554,2.94220654841292,7.23961917537113,0.7964899999999999,0.41222,0.0192644978177371,1.0094319686404678,2.942206546312931,21.300454835727813,0.0196296159334847,5.6849208967851785,-0.059351969287958,0.0007993100123522,0.1311210048299539,0.12997209602582,0.3451629342997825,0.5858347611768736,0.0190812866216942,0.0194394397177163
0.88828,-0.84239,0.0129609844042969,0.187877980215786,0.188278748532572,0.279273375917043,3.77274129836018,4.71789836571136,14.5265778168943,1.73067,0.88828,0.0352981354499632,1.002133130322736,4.717898363205546,68.53491721292563,0.0354488871489914,9.192062368002142,0.7103270101924055,0.0525812417161273,0.1725058302294709,0.1721685054093212,0.6356663618119428,1.004547000331422,0.0346894388127105,0.034835040083797
1.9099,-2.0928,0.0122051061279297,0.564851805753306,0.564845764127645,-0.0195424290731631,0.36232024145829,3.38127701630139,46.2794635464147,4.0027,2.0928,0.3190575624627705,0.9999893038747536,3.705082223395335,171.4692163195529,0.3190507372529431,7.086359239098101,0.2046550536454206,-0.0110384582827411,0.4477872658623533,0.4477911266990803,1.129076829471929,1.6099777666865671,0.2769175137706329,0.2769123394494512
0.3294,-0.3826,0.0117779013916016,0.0984367737987548,0.0991150142521555,-0.0561497520673417,0.787272509707638,3.32341172006477,8.41533741510446,0.712,0.3826,0.0096897984359072,1.0068901115562594,3.8601618786092566,32.48456444238546,0.0098237860502049,7.183573595320937,0.0780305260200027,-0.0055652834764095,0.0945053234963254,0.0938880543346848,0.3239657845290276,0.5376622777195503,0.009643153417532,0.0097758463744139
4.0982,-4.6983,0.0100547070117188,0.730702991887395,0.730593767432027,-0.294740743392387,10.8362844443604,5.60941002057109,72.6618653910573,8.7965,4.6983,0.5339268623531904,0.9998505212698378,6.430796714665433,467.2736806549156,0.5337672530105227,12.04020673446874,7.916921877170334,-0.2153357501307603,0.548464567792607,0.5485276796625211,1.7401678847424011,2.2820251790286843,0.4278310240725848,0.4277269658863319
3.9738,-5.0764,0.0148704137744141,0.693865401224802,0.69385534631357,-0.67042835985772,13.1058996534312,5.72713033215449,46.6601237086901,9.0502,5.0764,0.4814491950168554,0.9999855087006604,7.316222359947385,341.3758381489575,0.4814352416079242,13.04335269127646,9.093598542782402,-0.465180301807517,0.5270072007972181,0.5270131368893468,1.8044124153513703,2.307592534804585,0.3930207945085058,0.3930113757078541
1.2974,-1.1207,0.0225278806103516,0.267375618934109,0.2682579354177,-0.0449873622838215,3.95588379525644,4.83639001388659,11.9078194730149,2.4181,1.2974,0.0714897216003978,1.003299913383196,4.83639001208371,57.59085893081112,0.0719623199145668,9.014085623724077,1.061197219667828,-0.012068216926146,0.237644254427307,0.2369483206495833,0.8317780487291668,1.2290848411407909,0.0690499433520262,0.0694909126974315
2.0703,-2.1673,0.0147981725976563,0.595532139922032,0.595570602432784,-0.0001393316925988,0.646701394761467,3.47616217379308,40.2462262487134,4.2376000000000005,2.1673,0.3546585296801147,1.000064584945408,3.639031192579217,146.4572717375607,0.3547043424821493,7.115193365788628,0.3851563392722086,-8.298186009904679e-05,0.4672314167334766,0.4672073106398411,1.1528794899410515,1.6558633781447447,0.3035494149562576,0.3035832330929935
0.77375,-0.67195,0.0310259038232422,0.196510529944874,0.19889730875222,-0.0938566055041131,0.745900234009728,3.89019843885325,6.41068540292522,1.4457,0.77375,0.0386163883792152,1.0121458056563226,3.890198436897371,24.93883826605827,0.0395601394288759,7.268574966361912,0.148357549142186,-0.0186678262433868,0.1814022249647675,0.1794094289501098,0.5730959494921154,0.8943313805197279,0.0378894316018905,0.0387976808308743
1.4951,-1.2244,0.0214401301171875,0.296016780193656,0.296720115993168,0.182135249665189,3.92760784876457,5.03875510763963,13.8394736585718,2.7195,1.4951,0.0876259341562192,1.0023759994241348,5.038755105941483,69.73371825892417,0.088042827234999,9.165202669124382,1.1654002564611,0.0540431924070994,0.2598380886729851,0.2592955455265526,0.9143288085606144,1.313589250649259,0.0839972787991835,0.0843805109265001
0.42704,-0.38323,0.0159270913867188,0.144112966293532,0.144955435916854,-0.0667657284605512,-0.444375173341685,2.94600887023614,9.10118692718305,0.81027,0.42704,0.0207685470539206,1.005845896760056,2.946008868203797,26.812177248815196,0.0210120784018451,5.589786918413944,-0.0644145969623715,-0.0096780552733055,0.1353657156521428,0.1346296348425462,0.3556023689357602,0.593476005423525,0.0205558210783587,0.0207943690849791
0.33128,-0.29561,0.0140646177587891,0.116997249705795,0.117811230974082,-0.0364796972724078,-0.550611657910312,2.81195601863187,8.37642607816067,0.62689,0.33128,0.0136883564387201,1.0069572675395202,2.8119560162450448,23.554141557637863,0.0138794861436284,5.321139540641922,-0.0648682372070939,-0.0042977180412242,0.1113725151943637,0.1106440578689876,0.2861408854329517,0.4866702168548061,0.0135955171399147,0.0137840481488017
0.20778,-0.17837,0.0101401372460938,0.0630652604115239,0.0638600614526582,-0.130941395519202,-0.226269845732346,3.25367679381322,6.29775119436957,0.38615,0.20778,0.0039772270707733,1.0126028329176422,3.253676788718208,20.490846712253,0.0040781074487372,6.046815342975917,-0.0144496062533511,-0.008361925564553,0.0619038610786716,0.0611564901484753,0.1887839637216089,0.3265301200200221,0.0039693388118674,0.0040698145072476
2.3142,-2.0595,0.0078363311523437,0.634948650708848,0.634841981722361,0.043036851033828,0.489982043999589,3.64531657739686,81.0126536743522,4.3737,2.3142,0.4031597890369866,0.999832003601628,3.645316576822657,295.31676564946974,0.4030243417571745,6.889430953266464,0.3110611718210721,0.0273215997974054,0.4915461524139578,0.4916113975617461,1.1982162672135563,1.681516684295651,0.3387266856095704,0.3386301507611041
0.34484,-0.37572,0.0098463508935546,0.0977469635657531,0.0982178916706766,-0.0624693041594447,1.02571468308177,3.5109692759059,9.97505499575167,0.72056,0.37572,0.0095544688863246,1.0048178274522557,3.8253722740989735,38.15829846467442,0.0096467542442327,7.336341546430204,0.1007435336279476,-0.0061356033486748,0.0936887675444183,0.0932598644032594,0.318977230432491,0.5426498192305894,0.009509113616627,0.0096005214039393
0.20778,-0.29039,0.0120308387109375,0.0677689815276396,0.0688123058754264,-0.309553805797459,0.267687329325738,3.01951805504312,5.7196599113965,0.49817,0.29039,0.0045926348572935,1.015395306565464,4.22003006415308,24.13713661727394,0.0047351334398932,7.239548114808153,0.0184201823845386,-0.021301111169437,0.0665480374647125,0.0655714077086948,0.2549444982638063,0.4042443633023273,0.0045821208887495,0.0047239579599201
1.4192,-1.3339,0.0208971633349609,0.287819124493557,0.288506656274942,-0.333017469022654,4.50876467412342,4.91912394093094,13.8060200636069,2.7531,1.4192,0.0828398484242376,1.002388763020372,4.919123939225908,67.91352349887268,0.0832360907149475,9.542587455667167,1.3008086200619264,-0.0960777564688699,0.2534839170068672,0.2529501865269423,0.8834369070030768,1.322582165148289,0.0795870793592458,0.079952941227678
2.3294,-2.5332,0.01004793859375,0.556539522495416,0.556494351068296,0.0118739136211006,1.86078026564688,4.18584662275237,55.3839323236356,4.8626000000000005,2.5332,0.3097362400994257,0.9999188350058064,4.5520677697479535,252.111410828541,0.3096859627709239,8.737914391748145,1.035513706411852,0.0066077658552153,0.4424360816403194,0.4424651024791267,1.26220397588884,1.7685931911962156,0.2698257735051965,0.2697873853992601
1.5133,-1.4411,0.0173951994482422,0.271737353186022,0.272227343983417,0.0852180367193356,5.24106508239492,5.55895663476106,15.6495672724768,2.9544,1.5133,0.0738411891165448,1.001803177559028,5.558956632719043,86.99526532036364,0.0741077268122656,10.852693765747135,1.4267612270245975,0.023198679795586,0.2407691784944193,0.2403839602529873,0.9215966306643364,1.3748288830106126,0.0712421165464636,0.0714902953510081
1.9345,-1.9852,0.0116692063623047,0.576887863518657,0.576865042834201,-0.0167961790684412,0.681410262913804,3.35347066706554,49.4348137245787,3.9197,1.9852,0.3327996070751206,0.9999604415591052,3.4413595074202443,170.12296478023904,0.3327732776441046,6.794830173904458,0.3930817605034357,-0.0096891285577672,0.4554387259004708,0.4554531979819141,1.0936667462750953,1.593247553035373,0.2872816976188135,0.2872619424426052
0.23824,-0.19818,0.009160411586914,0.0673461311770611,0.0679499810498442,-0.105993648913869,-0.0913637901402793,3.50610840973216,7.4177868980159,0.43642,0.23824,0.0045355013845179,1.00896636170976,3.506108404572328,26.007564740822183,0.0046171999246741,6.422665505051442,-0.0062081678086739,-0.0072022664351012,0.0657409052182543,0.0651753163189699,0.2136910165400119,0.3621539069709912,0.0045252469922961,0.0046065733545463
0.24742,-0.25973,0.0114810517871094,0.0817461185651376,0.0825286589395196,-0.0488742010931773,-0.0883823379095485,2.99798885840759,7.18824899232496,0.50715,0.25973,0.0066824279004655,1.0095728125953918,3.1471491603374524,22.62249161086168,0.0068109795463555,6.145138015112382,-0.0072940758216145,-0.0040335222729603,0.0792996553149761,0.0785765120093134,0.2308974122866368,0.4102204501920244,0.0066601994508683,0.0067878896092659
2.3788,-2.5791,0.0081568878173828,0.666022682277758,0.665910018918929,-0.0147366076803664,0.851632605163397,3.57225440737753,81.6377561917469,4.9579,2.5791,0.4435862133084593,0.9998308414085436,3.873045796487239,316.18676462426174,0.4434361532966083,7.445300203328324,0.5671106842163345,-0.0098132546992336,0.510371532033301,0.51043915846455,1.2751113721591298,1.784718069994478,0.3671304435250846,0.3670264886588378
0.59664,-0.5351,0.0120615576269531,0.202065243964475,0.202375658838251,0.0913464850825114,-0.0471784575993337,2.94818064299356,16.7785675032565,1.13174,0.59664,0.0408303628184228,1.0015362106195609,2.9481806415367724,49.466247520146695,0.0409559072902161,5.592273329399348,-0.0095477714396376,0.0184863051011317,0.184299315437889,0.1840411141444917,0.4679014211538653,0.7569385476474313,0.0400188203679172,0.040139432626484
0.42537,-0.38281,0.021312717265625,0.133488796056037,0.135147289206392,-0.0175854438134361,0.13178586264655,3.14745491750405,6.34115713740402,0.80818,0.42537,0.0178192586724902,1.0124242116051174,3.147454915175139,19.95850612114219,0.0182647897798361,5.979994154139323,0.0178105020924071,-0.0023766250608772,0.1267624127398346,0.1253003065372725,0.3544314291404212,0.5923208145365875,0.0176623568569021,0.0180999921448907
4.7413,-4.6679,0.0091762429199218,1.0458849983038,1.04566988779869,0.069171589587726,3.37481771470362,4.534222564237,113.954032922179,9.4092,4.7413,1.09387542967694,0.9997943267133208,4.534222563803388,516.6929417307875,1.093425514248925,8.998250890544544,3.528945261075166,0.0723306483230544,0.7157253093499734,0.7158304578870436,1.747685665524799,2.3426900304903504,0.7390166215082784,0.7388017263116965
1.0009,-0.82549,0.0133285198339844,0.174221353920687,0.174688032683981,0.0871314387746268,5.46321603535697,5.72964263562735,13.1063340010622,1.82639,1.0009,0.0303530801619572,1.0026786536352976,5.729642632347412,75.094609525845,0.0305159087629996,10.455152370159846,0.9543584613440874,0.0152208196244642,0.1610026082449295,0.160605250414018,0.69359707934031,1.0390002789869102,0.0299015397740704,0.0300595591360543
0.72118,-0.82007,0.0336975976757812,0.187666153250291,0.190622445137335,-0.299212905628467,1.5136031962393,3.78329005002753,5.65685563022605,1.54125,0.82007,0.0352185850757617,1.0157529300530068,4.302064213786417,24.3361561098991,0.0363369165901362,8.085354261829252,0.2885267422348209,-0.057036695687545,0.1744762335142149,0.171990165665536,0.5988749618875395,0.9326560859604194,0.0346125977290794,0.0356923000321238
0.43392,-0.46208,0.0084617355859375,0.175644520450983,0.175805388341563,-0.0121930162038141,-0.47737067777445,2.46818373482934,20.7765164198385,0.8959999999999999,0.46208,0.0308509975644557,1.0009158713865671,2.628360848868938,54.60818171949374,0.0309075345699277,5.09654458229434,-0.0839243373890123,-0.0021435979487665,0.1619533496779859,0.1618165252529965,0.3798600793927696,0.63974640383283,0.0303846723445561,0.030439515823659
1.0581,-0.96777,0.0320033242724609,0.188080424329763,0.190738528356201,0.0492188788173866,1.70598734808544,5.54738473196152,5.95995986955433,2.0258700000000003,1.0581,0.0353742460160637,1.0141328048067575,5.547384729053155,33.062190280160486,0.0363811861994892,10.621189208058704,0.3253975161681148,0.0093879365129705,0.1745737266874465,0.1723389158963732,0.7217832270962774,1.1071986534386873,0.0347629517129799,0.0357350165108385
0.67883,-0.93126,0.0319105506152344,0.181010623070241,0.18375834796016,-0.1484514401024,1.35612492669465,3.69414509618456,5.75854519641011,1.61009,0.93126,0.0327648456642768,1.015179909011941,5.067851391954819,29.183451213689256,0.0337671304450472,8.761996486129044,0.2491992761570019,-0.0272791913855236,0.1686944176243597,0.1663705321538062,0.6581726396440403,0.959384703498706,0.0322395220781554,0.0332095383865868
0.42495,-0.37947,0.0107248191259766,0.141260804460095,0.141632952231121,-0.0322186937192777,-0.394219231422293,3.00036109751179,13.2060923888284,0.8044199999999999,0.42495,0.0199546148767131,1.0026344722599088,3.000361095393376,39.62304548413534,0.020059893157703,5.679610477365194,-0.0558344335726228,-0.0045632287084915,0.1324596517175847,0.1321336200980828,0.3541367253857271,0.5902392105075243,0.0197581310873294,0.0198613443543612
0.60791,-0.52759,0.0111610160498047,0.179033358275968,0.179337282246546,-0.0056175037914668,0.033623995370371,3.3897580714102,16.0681860366722,1.1355,0.60791,0.0320529433755711,1.001697582357472,3.38975806952005,54.46726282271686,0.0321618608035773,6.33164496050405,0.0060300359479927,-0.0010074278629713,0.1649526554922662,0.1646949148580857,0.4749351990411336,0.7587008112993842,0.0315499674639973,0.0316554966249032
4.6483,-5.1357,0.0178780920361328,0.644723098871063,0.644813568067198,-0.873679618058293,20.887501748355,7.20875029651297,36.0672473753903,9.784,5.1357,0.4156678742179065,1.0001403224055092,7.964627690136213,287.26219559079306,0.415784537563551,15.173377985531223,13.468544530366623,-0.5633604718677546,0.4976270453127777,0.4975720410946658,1.8141241710835327,2.3780635541699517,0.3476014156538826,0.347683820955999
0.35944,-0.39053,0.0151288247314453,0.118796839549741,0.119727521745392,-0.0133472498461456,0.163377845755635,3.00215017199112,7.91386798847223,0.74997,0.39053,0.0141126890870069,1.0078342327825809,3.2618231295583318,25.813637500004788,0.0143346794632933,6.263973299041973,0.019560824580423,-0.0015980331461955,0.1130853715527122,0.1122538574844565,0.3296849694321774,0.5595986449313394,0.0140140322160527,0.0142329093539212
4.8966,-4.8732,0.0154428154150391,0.941285862618159,0.941182728916766,0.10956927071799,5.01260221175281,5.20260290542692,60.9463173405667,9.7698,4.8966,0.8860190751648118,0.9998904330708897,5.202602904874143,317.07948561785315,0.8858249292112107,10.380343475072376,4.717774628631727,0.1031247052197777,0.663297441392492,0.6633505692924277,1.7743759136171744,2.376745920893735,0.6344682982453849,0.6343653533974286
1.4791,-1.4974,0.0202182488916016,0.288745477832271,0.289382132516562,0.0922259680262303,4.4731205180314,5.11123470940401,14.3129177045974,2.9765,1.4974,0.0833739509685865,1.002204898891751,5.174472889741571,74.06180429482299,0.083742018619833,10.285707597379316,1.2944411545115149,0.0266885473008347,0.2541631365908028,0.2536692473863455,0.9152501906989076,1.3804020354150528,0.080080200172456,0.080419884490186
0.59956,-0.75185,0.0301436919677734,0.180549623049205,0.183005167892136,-0.0302386433956337,0.860061202450461,3.27619163385257,6.0710933513979,1.35141,0.75185,0.03259816638321,1.0136003869745092,4.108353923820928,24.942200122983685,0.0334908914752288,7.384545555883275,0.157395644751959,-0.0055338280114483,0.168057953450052,0.1659801122797849,0.5606723724105471,0.8550151482280353,0.0320781177337797,0.032942286820954
1.4232,-1.4031,0.0209468734033203,0.29123868760304,0.291920072382147,-0.310407819393992,4.03406268593971,4.87530709480271,13.9362121860093,2.8263,1.4232,0.0848199731567411,1.0023396090831236,4.87530709313262,67.94331382076699,0.0852173286595979,9.68175972268179,1.1776238712736384,-0.0906142731054785,0.2561295399654756,0.2556019806025238,0.8850889807308905,1.3418982788170637,0.0814140498677774,0.0817802698465448
1.6385,-1.5944,0.0138243247021484,0.525693143657558,0.525746569286388,0.05233820993604,0.16028522017897,3.11652057420743,38.0305425844549,3.2329,1.6385,0.2763532812885659,1.0001016287342994,3.116520573614649,118.52296755537496,0.2764094551164067,6.149160428708453,0.0842694046164068,0.0275166343164637,0.4224838438975096,0.4224488272274383,0.9702105738635856,1.4428873373523434,0.2440070128158306,0.2440510230382055
1.3414,-1.3111,0.0099485380957031,0.334704388007073,0.334770518511535,0.0273001348825497,1.56950499176505,4.00692392497453,33.6502223031267,2.6525,1.3414,0.1120270273511892,1.0001975785403832,4.0069239237776175,134.83387947179693,0.112071300064482,7.923338085448138,0.5254239998996283,0.009139280310066,0.2887593808303186,0.2887098351280428,0.850749041063435,1.2954118646427175,0.1061845007049575,0.106224312535894
0.36362,-0.38969,0.0081189709130859,0.123097911337054,0.123335374048511,0.0079684503821996,-0.122297924950804,2.94822148799727,15.1910107042904,0.7533099999999999,0.38969,0.0151530957755452,1.0019290547555588,3.159596366333353,47.99746166994685,0.0152116144916861,6.107817851940205,-0.0150836603191641,0.0009827918084755,0.116302272354906,0.1160908592549611,0.3290807006868552,0.5615054300081659,0.0150394343959549,0.0150970779472452
4.3344,-4.2468,0.0079104840283203,0.957090780052261,0.956889784813126,0.0422287849587544,3.72951445303764,4.52967527586939,120.964757831173,8.581199999999999,4.3344,0.9160227612610454,0.9997899934433564,4.529675275396017,547.9310658727483,0.9156380602797106,8.967803957463156,3.5687342824246304,0.0404082929521022,0.6713563683881015,0.6714590746923259,1.6741764135743378,2.259802845098604,0.6502515590506779,0.6500507578834844
1.1317,-1.1238,0.0097808716259765,0.253110953440341,0.253238106112407,0.0150603015920894,1.28296928210949,4.46891669414737,25.8911593768232,2.2555,1.1317,0.0640651547514784,1.0005023590259032,4.468916692382665,115.70543318693954,0.0641295383873987,8.906637447794557,0.3248967112018016,0.0038138422526623,0.2257306866814977,0.2256292222253076,0.7569197834570117,1.1803458736947796,0.0620966247133083,0.0621571301136342
0.4963,-0.37467,0.0228435291113281,0.130451672433303,0.132405272813966,0.107391749672638,0.0943424956881285,3.74834014878938,5.79618290014156,0.87097,0.4963,0.0170176388406457,1.0149756629618087,3.748340145958422,21.72606497921893,0.0175311562689407,6.578061287377406,0.012491443879537,0.0142192339133747,0.1243439305622924,0.1226172629794078,0.4029953942072366,0.6264570129570965,0.0168744609087863,0.0173792582775531
0.49984,-0.49296,0.0108365032226563,0.121760072216485,0.122211725980657,-0.0093443770480094,2.31413994981946,4.08995123822335,11.2777824607798,0.9928,0.49984,0.0148255151861636,1.0037093741452292,4.089951234876732,46.12557991422981,0.0149357059671711,8.1236067261236,0.2828150374282271,-0.0011419924472512,0.1153014933807107,0.1148989448543576,0.4053584357522042,0.6895406849658337,0.0147166914956543,0.0148252666127345
0.43914,-0.42182,0.0108271512939453,0.157666445581681,0.15799935831027,0.017276558489155,-0.480643573866928,2.77937837657317,14.5928835776614,0.86096,0.43914,0.0248587080623611,1.0021114995467149,2.779378374814057,40.55914469299593,0.024963797226457,5.449136051327391,-0.0759413762469295,0.0027296851550963,0.146693825014441,0.1464062941191597,0.3640457129574592,0.6210924836085916,0.0245547572959486,0.0246572921875471
0.96193,-0.83258,0.0316938006835938,0.23341158421029,0.235497054355986,0.0716548946991265,0.63722433340617,4.08467954145155,7.43038226014626,1.7945099999999998,0.96193,0.0544809676435573,1.008934732403528,4.084679539717058,30.350730307421507,0.0554588626103462,7.620095309240441,0.1500644534811097,0.0168745166318326,0.2114733622720838,0.2097839756264069,0.673928682626986,1.0276567781788977,0.0530486720716382,0.0539756132315576
0.67612,-0.69198,0.0128375772851563,0.12881595671079,0.129422763740345,-0.168600982424748,3.63323689875892,5.22411962517249,10.0815567350074,1.3681,0.69198,0.0165935507033161,1.0047106503307377,5.34666375115912,53.90269357208436,0.0167502517741891,10.570783372295145,0.4702235607607795,-0.0218208051147482,0.1217066736585291,0.1211692574512307,0.5258994407832016,0.862087945859839,0.016457382024034,0.0166115134316123
1.294,-1.2807,0.0208344711962891,0.276660161882791,0.277376183014123,-0.0925514826415189,4.09747946576632,4.66514459150271,13.3133296449361,2.5747,1.294,0.0765408451730121,1.0025880886723997,4.66514458982082,62.10860748986123,0.0769375469034842,9.282339857350593,1.1365432141930094,-0.0256715769874023,0.2448081170788789,0.2442474193804916,0.830297018707179,1.2738812565409032,0.0737529796691421,0.0741214084738323
0.87994,-0.87764,0.0138033393261719,0.27533266444998,0.275611307147428,-0.0276382040987597,0.296278420018936,3.19268468738587,19.9670022329202,1.75758,0.87994,0.0758080761131252,1.001012021577256,3.192684686227479,63.7483418202109,0.0759615926275138,6.377024286678288,0.0816576826209936,-0.0076174015588665,0.2434255202940242,0.2432070578725373,0.6312398614389498,1.0143534835107249,0.0730720779055378,0.0732147665184309
1.2642,-1.2888,0.0186331843652344,0.274247199421082,0.274812659045713,0.062842402023604,3.60890436589496,4.60022476544543,14.7485611508496,2.553,1.2888,0.0752115263903067,1.0020618607067582,4.689740290736184,69.16692111349133,0.0755219975717753,9.289965054507665,0.9917726050332768,0.0172698876009263,0.242799233732726,0.2423555724102757,0.8280276627537635,1.26779231703889,0.0725174109583667,0.0728061228607629
1.3802,-1.4981,0.0202549437597656,0.281412487783757,0.282071945744424,-0.0019895862501041,4.36244289061527,4.89307788606015,13.9260789410204,2.8783000000000003,1.4981,0.0791929882806431,1.002343385205206,5.311056353070549,73.96218969413312,0.0795645825760452,10.20413423739601,1.2305227543547788,-0.0005612064647932,0.2484774768492619,0.2479629755973026,0.9155304429277462,1.3553969132920125,0.0762135287448644,0.0765577955621196
0.76207,-0.89454,0.0301034065283203,0.202032213150634,0.204213858618786,0.0448079042264693,0.910443142971437,3.73172518826249,6.78374583377029,1.65661,0.89454,0.0408170151505432,1.0107985025410058,4.380407899895922,29.71557375697294,0.0417033000519735,8.112133086331058,0.1859251072792122,0.0091503950187083,0.1858269545509841,0.1840136353800636,0.6389760650039562,0.9770508739190736,0.040005996228708,0.0408571619517683
5.018,-5.0047,0.01304793640625,1.01417726995849,1.01401358923964,0.0945988909217936,4.0407246934125,4.94865162878416,77.7144797206339,10.0227,5.018,1.0285555349004556,0.9998386072891966,4.948651628296117,384.5818837021749,1.0282235591626574,9.884187061563072,4.097349749496453,0.0959245609216971,0.7001295416617104,0.7002108092702528,1.7947549782078536,2.399956782789357,0.7073239806129825,0.7071603159268649
2.1358,-2.2482,0.0111583605957031,0.588194547385039,0.588156783979355,0.0199786421978123,0.602491066886061,3.63134466553219,52.7099638817769,4.384,2.2482,0.3459728255734908,0.999935797593083,3.822450171205829,201.4812086927558,0.3459284025409376,7.453794836120609,0.3543592082759961,0.0117505739433395,0.4625740884170011,0.4625978662688482,1.1781009967583655,1.6834315923424268,0.2971170419945825,0.297084037044703
0.47231,-0.51883,0.0144429167382813,0.157490691694431,0.15811326579132,-0.0368101168206532,-0.2497896706056,2.98716238410609,10.9474608665601,0.99114,0.51883,0.0248033179703903,1.0039530844000712,3.2813818440548848,35.92279910002864,0.0249998048191966,6.268544226271724,-0.0394950605803895,-0.0058201677846734,0.1467921859317439,0.1462544652132441,0.4179403016165672,0.688707339033883,0.024500709271171,0.0246924221700573
4.7797,-4.8152,0.0108735399755859,1.21955459317178,1.21930529907365,0.0813452332462099,2.53232737682029,3.92001904988956,112.135082209779,9.5949,4.8152,1.4873134057263857,0.999795585864294,3.94913398905374,442.8364604836887,1.4867054123490828,7.869153038621807,3.087680189546256,0.0991846739514857,0.7971942185666939,0.7973065420481481,1.7604751791882889,2.3603727532613736,0.9112031744636996,0.9109587067997972
0.402,-0.36988,0.0196245370458984,0.136608788082721,0.137978154611736,-0.0496867925122675,-0.284962737354977,2.91350468580486,7.03089985200816,0.77188,0.402,0.0186619609814297,1.0100239995334954,2.9135046836932887,20.484559559868117,0.0190379711500601,5.5942188936546655,-0.0393186326333485,-0.0068556919394188,0.1292531392208861,0.1280490817555513,0.3378997886123983,0.572041129799487,0.0184899631700919,0.01885901669654
2.7636,-2.8061,0.01338540390625,0.399018371159228,0.399145446596297,-0.480912831110319,15.8475080742539,6.92379187478282,29.8194547876082,5.569699999999999,2.8061,0.1592156605225634,1.0003184698906669,7.030269349746869,209.6387975058323,0.1593170875385574,13.95406122279503,6.325460687736496,-0.1919541667474178,0.3358616549658074,0.3357708272334566,1.3366050428325251,1.882468169353517,0.1477436217006462,0.1478311141168249
0.86951,-0.8282,0.0336643888427734,0.19266388051148,0.195536536834167,0.0470435886589037,1.52359131221619,4.44679042637144,5.80840893168752,1.69771,0.86951,0.0371193708537418,1.0149101960033695,4.446790424097291,25.828777153154125,0.0382345372370995,8.682315983593302,0.2979177687413779,0.0091987404066131,0.1785950694184252,0.1761893603437047,0.6256763644445286,0.992403264980992,0.0364470343426428,0.0375217103160643
2.3188,-2.2188,0.0095134768115234,0.602494734527372,0.602422746355766,0.0083732407230893,0.293333692465391,3.84912424709577,63.3230897904818,4.537599999999999,2.3188,0.3629999051332084,0.9998805163473328,3.849124246456823,243.73843775153375,0.3629131653268235,7.5322521048484035,0.1767108886136785,0.0050442306723013,0.4715167004483052,0.4715616240209385,1.1996032718079932,1.7115611938989426,0.309688083112932,0.3096244421939649
3.4781,-3.3988,0.0125667522900391,0.587048392053516,0.587039575797234,-0.0050398297827183,8.82093261284325,5.92481349366699,46.7137063139652,6.8769,3.4781,0.3446258146126186,0.9999849818917828,5.924813492657724,276.7699953057783,0.3446154635521964,11.714542396037464,5.178236539179489,-0.0029585795377372,0.4618703787237185,0.4618759338667211,1.499198849325167,2.063934425452079,0.2961157695986998,0.2961080714717178
1.6068,-1.4918,0.0230873369042969,0.285418372647227,0.28628114747276,-0.21808648976958,5.08826922777558,5.61266438319307,12.3999207296827,3.0986,1.6068,0.0814636474445913,1.0030228422831668,5.612664381232517,69.5965931324583,0.0819568953983201,10.823625747875951,1.4566755531779276,-0.0624340505395417,0.2517552235951888,0.2510842471835575,0.9581234154760884,1.4106454519837217,0.0783153527573627,0.0787713417363961
2.5699,-2.1721,0.0093868916503906,0.601760069796862,0.601686364548228,0.0085889772954867,0.819567886008401,4.2711621060743,64.0985735169522,4.742,2.5699,0.3621151816019242,0.9998775170498656,4.2711621053644375,273.7753953424533,0.3620264812832631,7.88118242096508,0.4931228218328713,0.0051678705241086,0.4710570520437006,0.4711030682641417,1.2725375841947448,1.7478075816988723,0.3090387721413151,0.3089736504775625
0.8209,-0.86304,0.0321436726074219,0.22472470943013,0.226957599411244,-0.0305118167428914,0.832262911129513,3.61697516245112,7.06072396216604,1.68394,0.86304,0.0505011950284563,1.0099361119913457,3.8026486086324818,26.84945207896937,0.0515097519305147,7.41962376948992,0.1888883923889677,-0.0069248886816424,0.2045376088246368,0.202716091745983,0.6222095621350667,0.9872858641650796,0.0492673788829053,0.0502269904214769
1.5283,-1.308,0.0186462384716797,0.29285011960481,0.293371776385175,0.144097327839489,4.36743805415718,5.20943090992317,15.7335634654011,2.8363,1.5283,0.0857611925525515,1.001781309431906,5.209430908147464,81.96291140033004,0.0860669991793931,9.667937502308874,1.281283060200304,0.0422740890406278,0.2572525885344787,0.2568491762918954,0.9275471401298544,1.3445083604282937,0.0822813009705443,0.0825629131441285
1.4601,-1.4755,0.0191045577636719,0.264091206406618,0.26471700863457,-0.160960726263363,4.92104650795137,5.51570149395124,13.856222787734,2.9356,1.4755,0.0697441653013029,1.0023696439432046,5.5738768243618,77.23287869465555,0.070075094660435,11.089578316229415,1.3026847109364834,-0.0426090419640853,0.2348483885637118,0.234353450088738,0.9064423958193408,1.3700633480094733,0.0674195220361173,0.0677288279368188
0.54052,-0.53134,0.0109245422802734,0.138092517298115,0.13849035221743,-0.002601950854226,0.911419941975245,3.90294335558757,12.6769935677308,1.07186,0.54052,0.0190695433337301,1.0028809295884442,3.902943352769359,49.47758736109849,0.0191795776573078,7.739600499702814,0.1262228687821412,-0.0003603450902542,0.1297031323684306,0.1293536305526243,0.4321200217681027,0.7284467545468781,0.0188899985593203,0.0189979680146251
4.2288,-4.175,0.0069503134472656,0.903215862356147,0.90302207147171,0.0471168809882142,4.79745196782405,4.68294201614371,129.925373628577,8.4038,4.2288,0.8157988940117583,0.9997854433336566,4.682942015625125,608.4329823743993,0.8154488615650581,9.306306306968985,4.332205013770505,0.0425475834712632,0.6434431864977832,0.6435450145432042,1.654181806243492,2.2411138629059404,0.5965255328638915,0.5963327437889809
0.35778,-0.32419,0.0112912948339844,0.120135667787652,0.120635918599134,0.0103651118299664,-0.165771311855393,2.96578336000309,10.6839756088953,0.68197,0.35778,0.014432578674785,1.0041640481988232,2.965783357544641,31.68635679891402,0.0145530248562568,5.653125597698918,-0.0199979744830588,0.0012504047869907,0.1138963086419051,0.1134498099243812,0.3058510130671016,0.5199657254820632,0.0143294203865939,0.0144481459028358
0.61875,-0.52196,0.0128303184130859,0.191440766075491,0.191823587417727,-0.0273598380909146,-0.347137728030566,3.22561999975827,14.9508049014654,1.14071,0.61875,0.0366495669155708,1.0019996850717003,3.2256199980767195,48.22561492677866,0.0367962886898063,5.946661798797727,-0.0665892043188624,-0.0052482622937674,0.1754845605577223,0.1751633025781219,0.4816542464657108,0.7611375497093071,0.0359939424502417,0.0361354670278753
0.79107,-0.81339,0.0126313913232422,0.194623857095746,0.194985903241098,0.0727821519208794,1.52522473280026,4.05706252016511,15.4366132955059,1.60446,0.81339,0.0378784457508253,1.0018602346627414,4.171532331632706,64.39433097634311,0.0380195024627468,8.228594849717124,0.297397322170721,0.0141914936321234,0.1781343888629313,0.1778313718982942,0.5951980217114705,0.9572253600510016,0.0371786736001592,0.0373145730669513
0.83133,-0.71492,0.0331199052929688,0.184517720125596,0.187422231227387,0.0617093860418792,1.2567758886818,4.43559973945355,5.65889997478876,1.54625,0.83133,0.0340467890403477,1.0157410952088497,4.435599737086911,25.100615177979567,0.0351270927582521,8.250088524978812,0.235547741209525,0.0115657108196411,0.171784765289402,0.1693357045095277,0.6050424788358605,0.9346216885588784,0.0334800255850434,0.0345242141141607
2.5601,-2.1335,0.0083001431689453,0.634639021132116,0.634538348800684,0.100061979934586,0.415723971357807,4.03458672724626,76.4490847790176,4.6936,2.5601,0.4027666871435303,0.9998413705617464,4.034586726610433,308.44045904346325,0.4026389160986985,7.396873661192426,0.2637928023422457,0.0634931635254193,0.4913604090058171,0.4914219977910508,1.269788634357066,1.7393427370029242,0.338446491599239,0.3383554024214228
0.62689,-0.61562,0.0103574409814453,0.185812403199014,0.186055548818541,0.0228685713889668,-0.214837201936384,3.3693700831863,17.9634669559641,1.2425099999999998,0.62689,0.0345262491825929,1.0013085537628816,3.36937008137535,60.52556756736311,0.0346166672461684,6.678166855125598,-0.0399716535129136,0.0042548246004702,0.1706331365938376,0.1704281120095879,0.4866702168548061,0.8075957742496784,0.0339435916684949,0.0340309883030292
0.65171,-0.59727,0.0116986218115234,0.214196729423846,0.214463736300017,0.0347742253344055,-0.386818221602188,3.03878880058451,18.3323933156609,1.24898,0.65171,0.0458802388958722,1.0012465492669498,3.0387887991675795,55.70827101934557,0.0459946941877632,5.823735149659087,-0.0829584810737331,0.0074578102921553,0.1943026100600145,0.1940827301047757,0.5018111148948067,0.8104767800963742,0.0448588647243403,0.0449682931516282
0.41306,-0.34442,0.0140970598779297,0.121495037540659,0.122280675918645,0.0557692820971322,-0.293861519988987,3.37796628041878,8.6741971004952,0.7574799999999999,0.41306,0.0147610441470061,1.0064664227711888,3.377966277656314,29.301145107326285,0.0149525637031206,6.194601016799266,-0.0359335852907337,0.0068195055103349,0.115362932606748,0.1146626501271941,0.3457575656458799,0.563880964837079,0.0146531602913479,0.0148418761337626
0.50965,-0.47168,0.0127776530712891,0.157204476000989,0.157684649466855,-0.026850321546438,-0.265398573772307,3.23208379333796,12.3406582247226,0.98133,0.50965,0.0247132472747455,1.003054450978594,3.232083791288251,39.88604113509391,0.0248644486774849,6.223370522721278,-0.0418492810742894,-0.0042338835411224,0.1464220186330041,0.146007162070355,0.4118778358803542,0.683768336377158,0.0244128146942448,0.0245603586525073
0.52655,-0.44268,0.0192936002246094,0.13805363649659,0.139361915535321,-0.0518709691068141,-0.10255930474149,3.77829192414156,7.22321981967687,0.96923,0.52655,0.0190588065499326,1.009476598885649,3.7782919214304114,27.291432969531048,0.0194217435016739,6.954769497688725,-0.0142928611647447,-0.007228837615399,0.1304683824882584,0.1293194668400138,0.4230102873239131,0.6776426033989038,0.0188794626342415,0.0192355484017187
1.667,-1.3956,0.0125058666357422,0.551815123665089,0.551822114271473,0.0014129233271493,-0.288473670862961,3.02090104199758,44.12505988944,3.0626,1.667,0.3044999307055174,1.0000126682036845,3.0209010414501383,133.29743833233536,0.3045076457990386,5.549976922342647,-0.1591861509672521,0.000779682337691,0.4394297980988629,0.4394252933157017,0.9809542451998772,1.4018231627375175,0.265819772475072,0.2658256866729384
4.4095,-4.2268,0.0168947047851562,0.663855545371668,0.663908448944657,0.0252189803768715,11.5175312233813,6.64172900195697,39.2968363393937,8.6363,4.4095,0.4407041851207148,1.0000796912420928,6.641729000956578,260.99893605565234,0.4407744285801002,13.008269457072522,7.646586290186735,0.0167430941459745,0.5091693222223679,0.5091375269549849,1.688156667145491,2.2655372175183066,0.3651320115027859,0.3651807666516635
0.79316,-0.73307,0.0074134747705078,0.167439105144517,0.167562299333612,0.144345362051387,2.85646065934486,4.73352301295914,22.6023969219139,1.52623,0.79316,0.0280358539315966,1.0007357545832265,4.7335230101342045,106.9889645347474,0.0280771241579669,9.108433132983416,0.4786351160358301,0.0241868407634731,0.1549180704508373,0.1548125508661612,0.5839794265591649,0.92672807283152,0.0276500437901385,0.0276901877188192
1.4132,-1.2665,0.0217158818994141,0.275430776862224,0.276218482948391,-0.231316295425558,4.3557858298415,5.11623981463993,12.7196530275772,2.6797,1.4132,0.0758621128429282,1.0028599054719112,5.116239812787691,65.076794948422,0.0762966503223105,9.701378309034231,1.2031485539669178,-0.0638938362036894,0.2439013951464754,0.2432839857527973,0.8809536675844696,1.3028312271186315,0.0731223056124528,0.0735261210676361
1.1822,-1.318,0.0206653160986328,0.264661628810696,0.265402771301022,-0.240122783856573,4.4898408227413,4.45436192774015,12.8429088640256,2.5002,1.318,0.0700457777647306,1.0028003394121636,4.966037065259239,63.77836115990317,0.0704386310142625,9.420398991321052,1.1916161970560015,-0.0637292522880507,0.2353904677875359,0.2348045992922576,0.84070474491756,1.25282010971992,0.0677014305163423,0.0680685000005505
0.90122,-0.95817,0.0135405698974609,0.185423304474544,0.185871893750042,-0.074635227540389,3.66813283599404,4.84860826356001,13.7270362442349,1.85939,0.95817,0.0343818018422594,1.0024192707412227,5.155002083171508,70.76289995027345,0.0345483608862269,10.003610344122931,0.6818027967529245,-0.0138725910833973,0.1704782793536286,0.1700999297654499,0.6720103636284654,1.0506083153696286,0.0338039553608334,0.0339649651883547
1.5619,-1.3016,0.0208093636572266,0.282832264983089,0.283527882433049,-0.259898504851528,4.26333463844558,5.50880564760265,13.625014541691,2.8635,1.5619,0.0799940901154642,1.0024594695720292,5.508805645659698,75.05755669524441,0.0803880601169688,10.09953580020907,1.2087742421419438,-0.0736884727280692,0.2496124448430416,0.2490703405185991,0.9407491707065287,1.3515735083915017,0.0769555690058453,0.0773202915210998
0.17878,-0.22572,0.0095907188037109,0.0632803890671732,0.0639877664127797,-0.263449448515409,0.0884811146012496,2.79397156710714,6.67184261392597,0.4044999999999999,0.22572,0.0040044076404928,1.0111784591548223,3.527549284829609,23.53525343263507,0.0040944342504964,6.321520847570338,0.0056617088930471,-0.0168575417731796,0.0620238931210033,0.0613588360431195,0.2035284264383525,0.3396813675621613,0.0039964113400732,0.0040860748647821
1.3331,-1.3358,0.0187093812890625,0.281962301493837,0.282513646953412,-0.319019414931108,4.44430348947094,4.71871010259492,15.1001063364169,2.6689,1.3358,0.0795027394637014,1.0019553867891504,4.728267161364611,71.39733656725328,0.0798139607149171,9.446977262289272,1.2555763869782102,-0.0901273383611311,0.2488219389055201,0.2483919520550654,0.848354444862328,1.299891889618772,0.0765005086848374,0.0767887677006131
0.74267,-0.64712,0.0125163579345703,0.211232874054759,0.21155188374623,0.0365259871178695,0.569393083980442,3.5105808884731,16.9020321128658,1.38979,0.74267,0.0446193270814336,1.0015102270077396,3.5105808868136674,59.33595043771826,0.0447541995165784,6.569499522916997,0.1204561795081378,0.0077271413804758,0.1919020863964194,0.1916387450556029,0.5554184198693892,0.8712054959741801,0.0436525387457381,0.0437816419755964
0.21613,-0.23094,0.0112898778417969,0.0641024721902799,0.0650736649724694,-0.177483920781054,-0.0486946540731026,3.32131285507644,5.76389451545318,0.4470699999999999,0.23094,0.0041091269409056,1.0151506275419704,3.5489010760776005,20.455491298539545,0.0042345818729491,6.870213926050112,-0.0031687396051033,-0.0115495291989066,0.0630439657575584,0.0621316947316028,0.2077781051533535,0.3695408224295101,0.004100707535188,0.0042256412620757
0.38719,-0.35715,0.0189032067675781,0.125157567212394,0.126546826177861,-0.0272241463096158,-0.262162244283974,3.05965792817123,6.69446341744028,0.74434,0.38719,0.0156644166305249,1.0111000788470057,3.059657925753431,20.482767961667403,0.0160140992156897,5.881933367223608,-0.0331757999578019,-0.0034451293108836,0.119157047871659,0.1179230855932834,0.3272801182522977,0.5563762606141417,0.0155429960036926,0.0158872262407999
0.20862,-0.19631,0.0130992851513672,0.0635887228811084,0.0649087249247352,-0.0767059306763271,-0.0982640326963322,3.21405173560111,4.95513489283502,0.40493,0.20862,0.0040435256776503,1.0207584282517983,3.2140517306494587,15.926059780874372,0.0042131425713549,6.238452532316583,-0.0063781930682814,-0.0049788841543655,0.0628890911925421,0.0616487775485587,0.1894792128805528,0.3399874794804919,0.0040353725984311,0.0042042921362467
4.7338,-4.6929,0.0148725891748047,1.08202753471904,1.08186556841695,0.0608631764356143,3.44508143261092,4.3755898497877,72.7422478830864,9.4267,4.7338,1.1707835858901634,0.9998503121252666,4.375589849383244,318.2902393478597,1.1704331081261303,8.713374632046355,3.7271149823342937,0.0658457749701769,0.7332643996244493,0.7333421952345478,1.7463784871877133,2.3443698239348367,0.7750882018601931,0.7749267366353507
4.7225,-5.0973,0.0158541234326172,0.669845700840957,0.669869784105566,-0.821753509762589,18.8058672946922,7.04987762107475,42.2520858344916,9.8198,5.0973,0.4486932629351128,1.0000359533017458,7.60938934728211,321.51256986948283,0.4487255276576375,14.659266967304433,12.597482264613388,-0.5504678461726565,0.5127456497990839,0.5127312274539961,1.8078460502419924,2.381377788959144,0.3706619521336663,0.3706842234895579
0.18692,-0.19923,0.0143693743261719,0.0656994631914295,0.067236825887875,-0.265766218900204,-0.160640807924418,2.78002415390206,4.67917561068836,0.38615,0.19923,0.0043164194636419,1.0233999262615905,2.963108342382606,13.864904211635624,0.0045207907554764,5.743132492149995,-0.0108009780329016,-0.0178692769870718,0.0650729026002434,0.0636313565301204,0.1816796841711242,0.3265301200200221,0.0043071304457545,0.0045106026748628
0.63377,-0.52738,0.0156857573242188,0.157892305938122,0.158631177311904,-0.0184215932668523,0.404527114296161,3.99524236495999,10.1130709874606,1.16115,0.63377,0.0249299802744575,1.0046795901100056,3.995242362441424,40.40416939136515,0.0251638504153607,7.319809503682502,0.0641706123953871,-0.0029222390278818,0.1472392887883006,0.1466013747725951,0.4908902276564221,0.7706404874249422,0.024624298329647,0.0248524538788386
4.9095,-4.9621,0.0152375016748047,1.06609080668778,1.06593941370894,0.0732123955479676,3.98629086115599,4.60579648041849,69.954998953108,9.8716,4.9621,1.1365496081042012,0.9998579923230968,4.655142624165515,325.65049529345174,1.1362268336981587,9.260939104151932,4.249144543413921,0.0780399779866276,0.7255850448603528,0.7256583226297942,1.7854227680102182,2.386153884413363,0.7591921951650255,0.7590411110111724
0.80338,-0.73224,0.0302728325732422,0.192524851331184,0.194843948399665,0.0501274856143269,1.19055413023698,4.12319708463361,6.43626419590102,1.53562,0.80338,0.0370658183800945,1.0120457018989568,4.123197082517454,26.537985680808063,0.0379641642279713,7.881281465627043,0.2319722675189021,0.0097670372204428,0.1780155897429835,0.1760727832539362,0.5896626818591475,0.9304381830762114,0.0363953972237035,0.0372612602825816
1.5596,-1.3122,0.0197319737890625,0.287578729636589,0.288184827714162,0.0799622062565074,4.15955214027039,5.41180468233011,14.604967085143,2.8718000000000004,1.5596,0.0827015257393943,1.0021075897307432,5.411804680452224,79.03922885608984,0.0830504949246412,9.965132522007371,1.198719816911896,0.0230438946336758,0.2532341171651296,0.2527635009185182,0.939850996283168,1.3537195151877122,0.0794593305323873,0.0797815919777766
4.8715,-4.7472,0.0123649917822266,1.06557152872569,1.06538310502847,0.106857072518205,3.39363677231592,4.57253355812305,86.1612465088613,9.6187,4.8715,1.135442682830804,0.9998231711413802,4.572533557693847,393.9751878852649,1.1350411604801036,9.028395469853187,3.615523281828729,0.1138437197136976,0.7253157322219377,0.7254069574781102,1.7701101378229989,2.362616597774871,0.7586739707756609,0.7584859254081495
1.7542,-1.5546,0.0103573294433594,0.588287414813924,0.588234962672092,0.0254963615938253,-0.0617858396693816,2.98214168030993,56.7940766863643,3.3088,1.7542,0.3460820824284499,0.9999108390890196,2.982141679802963,169.3679816458775,0.3460203713098374,5.624963168471123,-0.0363445910915825,0.0149978513104179,0.4626233132601491,0.4626563381443486,1.0131270193108883,1.4606594430751974,0.297198211850884,0.29715236581071
0.65568,-0.58621,0.0079762870800781,0.18448964238973,0.18461698176222,0.0163365864141338,-0.254303008673004,3.55156927462118,23.1457293235253,1.2418900000000002,0.65568,0.0340364281490904,1.000690224506761,3.5515692726974337,82.20366007353059,0.0340834299549918,6.726845967652234,-0.0469486539142616,0.003016011276075,0.1694195001979729,0.1693120002895142,0.5042118005754725,0.8073192601100165,0.0334700057839336,0.0335154594414915
0.42954,-0.35339,0.0183544333935547,0.132924889120002,0.134153956030337,-0.0147106150477611,-0.237058058710109,3.20184370785806,7.30907640425697,0.7829299999999999,0.42954,0.0176690261475648,1.0092463256320705,3.201843705471356,23.40252016772058,0.0179972839185895,5.836055995541018,-0.031802276384833,-0.0019734872042965,0.1258869597856864,0.1248026860442796,0.3573527142005681,0.5782580784356166,0.0175147436023149,0.0178372500683764
0.67654,-0.6878,0.0144197033447266,0.222565343908495,0.222977740995996,-0.0226321151198482,-0.0475823795118,3.0341145128569,15.4634069554241,1.36434,0.6878,0.0495353323091066,1.0018529254378672,3.084612825564008,47.698623112220375,0.0497190729796774,6.118727337060189,-0.0106098114947553,-0.005046457903385,0.2012886562090687,0.2009513919883272,0.5234259057417291,0.8604989132292407,0.0483475255614223,0.0485225788285034
0.43914,-0.37718,0.0084714544970703,0.126168982987415,0.126422328128689,0.0061533083553164,0.179959796932473,3.4735952620093,14.9233320172362,0.8163199999999999,0.43914,0.0159186122680786,1.0020079819546337,3.473595259261694,51.83761477655428,0.0159826050494779,6.457087220568625,0.0227509364977693,0.0007779155679728,0.1190465287826064,0.1188215921586463,0.3640457129574592,0.5968124761094313,0.0157932399122746,0.0158562279954305
2.3663,-2.3649,0.0126708866455078,0.616914514558105,0.616894024808812,0.0153399118331839,0.644527996665287,3.8358290157428,48.6859398294371,4.731199999999999,2.3663,0.3805835182724623,0.9999667865663618,3.835829015121004,186.7509391826048,0.3805582378448151,7.669388596687018,0.3976054699648094,0.0094630999509851,0.4805070402956198,0.4805197125049011,1.2138142183567933,1.7459249328842554,0.3225062491256282,0.3224879375502866
0.35778,-0.38469,0.0136316251318359,0.130882035014328,0.131558215186754,-0.053659887083606,-0.482628778236194,2.71955650578044,9.65095606095467,0.74247,0.38469,0.0171301070894917,1.005166332200102,2.924104733113787,28.22040611134012,0.0173075639831242,5.643661236827039,-0.0634937806625173,-0.0070593989718419,0.123595634336468,0.1229978902037785,0.3254762878715628,0.5553036468615791,0.0169850411251797,0.017159494141466
1.569,-1.4338,0.0216865623242187,0.26554155791558,0.266361025907364,-0.104019037194269,5.06062188236853,5.89050141496929,12.282307445745,3.0028,1.569,0.0705123189802333,1.0030860250196163,5.89050141275782,72.34894905463682,0.0709481961224234,11.273421059419489,1.347952436316937,-0.0277066174609617,0.2361474536115352,0.235500139591135,0.9435167181277464,1.386994116234164,0.0681373366696017,0.0685444206621717
1.4949,-1.2949,0.0193113137841797,0.294470913861757,0.295031702636274,0.0710971050511459,3.96130090805466,5.06691310337916,15.2776608538137,2.7898,1.4949,0.0867131191105783,1.0019043941113648,5.066913101661744,77.41057956831504,0.0870437055604588,9.455932952716523,1.1687093515579845,0.0209758999557496,0.2585351756520627,0.2581020509433167,0.9142486482399302,1.332313247253377,0.0831576534446233,0.083461814838094
0.58767,-0.43434,0.0133210823583984,0.128303106984376,0.128961624384194,0.173751408088947,1.10883863908566,4.55693701755222,9.68101697103381,1.02201,0.58767,0.0164616872618442,1.0051325124915715,4.556937014018669,44.11578427168267,0.0166311005638099,7.9249156800538065,0.1429976320764457,0.0224072638261915,0.1212982937875163,0.1207148288448816,0.4622675326655207,0.7040920661844677,0.0163276625366395,0.0164943182872991
4.9696,-4.9446,0.0134495439453125,1.00386819050995,1.00371319014157,0.062556624266792,5.15179278515832,4.9512151965434,74.6280464395515,9.9142,4.9696,1.0077513439177213,0.9998455967926566,4.951215196050114,369.4995148725528,1.0074401680641671,9.877522878436906,5.17092237133958,0.0627889089073093,0.6950020542883297,0.695079407860839,1.7866799234847563,2.390064693683182,0.6970153614512815,0.6968603621924673
4.9984,-5.0385,0.0164525348291016,1.13513972704039,1.13498181254661,0.102177911030203,3.28304521962911,4.40394722166063,68.98522472896,10.0369,5.0385,1.2885421999053313,0.9998608853253884,4.439278183895266,306.2446013159827,1.2881837148115882,8.843225405167885,3.7261966140471303,0.115970070663286,0.7584581279307718,0.7585320904596544,1.798155636733293,2.401244204316612,0.8279150209263961,0.8277583652292204
0.33358,-0.31251,0.0127343483447266,0.0984168458476666,0.0992134554531237,-0.0486363574848717,0.12070335882617,3.36224555909767,7.791011582796,0.64609,0.33358,0.0096858755466033,1.00809423933257,3.3622455557087725,26.1952938894285,0.0098433097429489,6.512120723927937,0.0119753973139426,-0.0048253810867275,0.0945948835437802,0.0938699120689366,0.2878670553413912,0.4984027787673807,0.0096392681678933,0.0097951799495217
4.3711,-4.6675,0.0116645710205078,0.669987691956687,0.669925658704349,-0.35997604286017,17.8046562115323,6.52475381888463,57.4325157373155,9.0386,4.6675,0.4488835073734484,0.999907411206096,6.967190969114886,400.1433016078869,0.4488003881904558,13.49194478702556,11.927796040515254,-0.2411571876308843,0.5127791096919097,0.5128162563156884,1.734748103399547,2.306437662309536,0.3707932649192728,0.3707358955263293
4.0615,-4.5765,0.0141677812939453,0.624783210471973,0.624791311996299,-0.781140390283166,17.9947170882523,6.50057054574417,44.0994464153189,8.638,4.5765,0.3903540600876657,1.0000129667766176,7.324845770734124,323.0216413386926,0.3903641835460566,13.82541631543786,11.242942898571377,-0.4880497292983203,0.4853793841478186,0.4853743979416123,1.7185613394524546,2.265713618218141,0.3295584341946289,0.3295657153770457
1.0285,-0.76124,0.0318174180664062,0.22639592269137,0.228566040768633,0.0560510963003658,1.09984785045294,4.49979356750158,7.18367657273736,1.78974,1.0285,0.0512551138112767,1.009585499378727,4.49979356553288,32.32506153141997,0.0522424349926484,7.830297069496176,0.25138786862592,0.0128113771621159,0.2058476687736526,0.2040797239542933,0.7072966036643649,1.0259484015266622,0.0499847967985653,0.0509235392795712
0.79608,-0.85929,0.0144227483544922,0.211000947715135,0.211441898974563,-0.140118718217836,1.91330267365124,3.76500591349575,14.6603056350703,1.65537,0.85929,0.0445213999366851,1.0020898065340176,4.063953283435935,59.57879683690664,0.0447076766419693,7.828959195151048,0.4045523506299268,-0.0296269678618609,0.1918113022000035,0.19144724715953,0.6201946944212134,0.9765840046829232,0.0435587900158859,0.0437371110127225
0.1792,-0.22489,0.0116869636425781,0.0642698008336525,0.0653083112649913,-0.306018039556711,0.016515304827839,2.74390803450557,5.58813334774647,0.40409,0.22489,0.0041306072991973,1.0161586050719356,3.4435127061109854,19.24280805122017,0.0042651755202849,6.187420736415083,0.0010785866683327,-0.0199855213800721,0.0632642514115754,0.0622889309875324,0.2028510440464281,0.3393894061132403,0.0041220997603555,0.0042561054403516
4.8594,-5.0869,0.0105260295214844,1.04217735015901,1.0419760495308,0.0748730010347498,4.47826462560997,4.66363886404893,98.9904167952456,9.9463,5.0869,1.0861336291844557,0.999806845995876,4.881974016391668,483.2686381213733,1.085714087795812,9.545612879993012,4.666244483346604,0.078015873834704,0.7139179907465592,0.7140165671753428,1.8061389209227563,2.393001499618217,0.7353124145385495,0.7351112847665541
0.43851,-0.37822,0.0131261346044922,0.130201710331878,0.130830054659673,0.0609971924257102,-0.0677314576504466,3.3517527844859,9.96714254437848,0.81673,0.43851,0.0169524853733462,1.0048259291349615,3.3517527819239747,33.407397521977835,0.017116503202253,6.242678729289566,-0.0088613103065872,0.0079802660191422,0.1229519247116175,0.1223961215126537,0.3636078556710865,0.5970381817846853,0.0168103955948014,0.0169716662598412
0.49463,-0.4698,0.0093727289794921,0.168035168361607,0.168255397638303,0.0212101771385771,-0.0279780612308218,2.93975710106669,17.9515910474367,0.96443,0.49463,0.0282358178063136,1.0013106135978094,2.9397570993194857,52.77331669409605,0.0283098788344234,5.731940924118415,-0.0047074598175407,0.0035687267884301,0.1555115228644663,0.1553229938513775,0.401878684572744,0.6752021269050685,0.0278445354792433,0.0279165601643868
1.6852,-1.6952,0.0142427019042969,0.471880807866756,0.471980534634326,-0.0172480198579727,0.97608979572792,3.57048623055109,33.1384127678705,3.3804,1.6952,0.2226714968329823,1.0002113386810532,3.5916735442367647,119.02235962590336,0.2227656250737042,7.162159774031358,0.4606953836387737,-0.0081407296339494,0.3866087964653952,0.3865410441115949,0.991472413110206,1.4771400444194671,0.2010382162360117,0.2011151989888498
1.0162,-0.62626,0.0305708689160156,0.177507934511314,0.180078481652369,0.0921878559280956,1.47275329801337,5.64309511428308,5.89052545896164,1.64246,1.0162,0.0315090668144729,1.014481307816936,5.6430951111494,33.240795329293015,0.0324282595542226,9.120801019738677,0.2652111777547666,0.0166010491223188,0.1655809461407787,0.1634002853242158,0.7012145516377041,0.9717103014669872,0.0310228434221649,0.0319135611671065
0.5835,-0.59476,0.0111013108740234,0.178305886206672,0.178607682473713,0.0282103830017264,-0.0716005840512217,3.26693674044999,16.0888821600021,1.17826,0.59476,0.0317929890559466,1.0016925754572226,3.329979939438143,53.57565438818112,0.0319007042386306,6.596916678059026,-0.012788414381153,0.0050385911296341,0.1643338117049567,0.1640777172323372,0.4667232546955929,0.7785263929599928,0.0312980549380532,0.0314024456072032
0.54532,-0.61688,0.0105952015820312,0.149878202808624,0.150215729801256,-0.0378107700274191,1.48137169747879,3.63024565217963,14.1777132448345,1.1622,0.61688,0.022463475677143,1.0022520078709365,4.106627184819491,58.222582119053946,0.0225647654797239,7.736872834582434,0.2225253306437018,-0.0056797724140162,0.1399495159136695,0.1396560261650384,0.480498366338377,0.7711262218765339,0.0222148876876725,0.0223139472513746
1.9929,-2.0234,0.012895044296875,0.61584989302717,0.615834541047121,0.006916298746571,0.0533518901823622,3.23609649535314,47.7574583591282,4.0163,2.0234,0.3792710907415767,0.9999750717176048,3.285622784702841,156.91299213288116,0.3792521819467181,6.521719279530504,0.0328559368044514,0.0042592956643393,0.4798515668910075,0.4798610678063118,1.1063820259324704,1.612692610154596,0.3215551645101343,0.3215414551497341
0.18963,-0.18796,0.0138201697509766,0.0638696310106784,0.0653324957211111,-0.232118765893155,-0.120611004343091,2.90253721225476,4.72732946832976,0.37759,0.18963,0.0040793297654402,1.0229039151313986,2.9025372078120464,13.721249597131385,0.004268334997149,5.779512863459107,-0.0078798179251639,-0.0151648982795041,0.0632869529913457,0.0619128561667734,0.1736423344066865,0.3203355956638212,0.0040710318587164,0.0042592514937756
0.21279,-0.2228,0.0155851883007813,0.0697630740300737,0.0714661331196353,-0.16900655958972,-0.0611834957796189,2.97749424393491,4.58551617987528,0.43559,0.2228,0.0048668864981255,1.024412040478409,3.117560583770129,14.29562442689694,0.0051074081830734,6.095054823538736,-0.0043725478541108,-0.0120782452857305,0.0690279284507752,0.0674371978153096,0.2011433110345424,0.3615759145384392,0.0048550814929519,0.0050944096144433
0.45812,-0.36675,0.0091303673876953,0.13261160594204,0.132893245893783,0.097267629963363,0.0456431701348308,3.44727827903429,14.5550819863917,0.82487,0.45812,0.0175858380305268,1.0021237948935913,3.4472782764402616,50.17541743170727,0.0176606148041854,6.207012206162749,0.0060656690320998,0.0129262110662266,0.1247747550945427,0.12452612181268,0.3771479347263836,0.6015087516205606,0.0174329964771283,0.0175064782646417
4.5635,-4.6391,0.0128983392529297,1.11700694977581,1.11680869547002,0.0533454398729571,2.82416927457514,4.08619669466257,86.5854644981793,9.2026,4.6391,1.2477045258474588,0.9998225128269684,4.153889576971999,359.6664557400008,1.247261662277448,8.240086271268677,3.154056803324775,0.0595766511137916,0.7499096222074281,0.750003274989007,1.7297244783085224,2.322642589769025,0.8099094847126683,0.8097124360351438
0.52196,-0.49129,0.0174858965283203,0.14052072323025,0.14157043687516,0.0904989758027539,0.0975400183172681,3.6869279457001,8.0962641318317,1.01325,0.52196,0.0197460736571525,1.007470168954674,3.686927943095798,29.850342312708705,0.0200421885970236,7.15721461096984,0.0138087830059867,0.0128119795411504,0.1324048906250996,0.1314849328799458,0.4199989778852014,0.6997503316935172,0.0195536489086846,0.0198439878104528
0.4963,-0.38594,0.0186883696582031,0.138284316969097,0.139507957824425,0.0098133476791449,-0.0533160839731228,3.55750315422585,7.46496138378713,0.88224,0.4963,0.0191225523196096,1.008848731231876,3.557503151675823,26.55662352689449,0.0194624702963415,6.323940319432758,-0.0074380179942859,0.0013690400941385,0.130596553289945,0.129522143663941,0.4029953942072366,0.6324625569434384,0.0189420142510742,0.0192754984826477
0.76541,-0.87827,0.0314248125097656,0.184273865341805,0.186889795849005,0.0175899754884853,1.76556248735014,4.09551520200922,5.94720480164924,1.64368,0.87827,0.0339568574480096,1.0141958839411556,4.699400497176667,27.94829712769928,0.0349277957924827,8.794915696994483,0.3299656128195292,0.003287386928032,0.1713362687302008,0.1691298149022287,0.6303511404202109,0.9721718859205436,0.0333930512776745,0.0343316617644743
0.48023,-0.41827,0.0107898991894531,0.171296340595239,0.171594087498268,0.0514602410799131,-0.386729539803383,2.7986395510559,15.9032150797106,0.8985,0.48023,0.0293424363013201,1.0017381971022878,2.7986395494249376,44.50736629853578,0.0294445308643632,5.236194396764688,-0.0663605024911866,0.0088302731105485,0.1583652894396465,0.1581111188637957,0.39219748110726,0.64106410068972,0.028920187012298,0.0290193663492134
0.74309,-0.71367,0.0098715305273437,0.126441450550924,0.126795430378948,0.0754734279204257,4.83997374772651,5.86054243263466,12.8445563763117,1.45676,0.74309,0.0159874404174217,1.002799554467318,5.860542428012626,75.27606690918569,0.0160770811649826,11.489057566959149,0.6136865543657927,0.0095696857753448,0.1193777016151125,0.1190635048842389,0.5556594003167135,0.8988434086703505,0.0158609872860063,0.0159492135668817
2.596,-2.0332,0.0136153754345703,0.574989891591443,0.57501071430743,0.108847861256651,0.942755314622115,4.51469848370868,42.2324538218344,4.6292,2.596,0.3306133754323394,1.0000362138818228,4.514698482923532,190.66679383235456,0.3306373215683409,8.050632595204009,0.5420944068779883,0.0625886864520229,0.4542620749893341,0.4542488542198216,1.279822116609374,1.7279673361402756,0.2856400204563533,0.2856580166083349
0.18629,-0.19985,0.0089220849169921,0.0631419711142411,0.0637539440566916,-0.138216261620204,-0.109443266464716,2.92201530048629,7.14563296021445,0.38614,0.19985,0.0039869085161916,1.0096920135795902,3.134708019143374,22.39947272631744,0.0040645653827837,6.056723315046398,-0.006977439887573,-0.0088118318110595,0.0618041085899403,0.0612286474637295,0.1821965489808035,0.3265229057675449,0.0039789818580223,0.00405632735204
0.46772,-0.4746,0.0118153081005859,0.142612578021513,0.143066481335628,0.0322306085303946,0.0792065566466342,3.26924934221838,12.1085696722994,0.94232,0.4746,0.0203383474099421,1.003182771254077,3.3173388709747766,40.16822853393409,0.0204680180817575,6.586588210908031,0.011331803358145,0.0046111197537496,0.1337145470194068,0.1333173754933139,0.3883867665734132,0.6638831348734191,0.0201342854385393,0.020261363317345
1.5125,-1.4636,0.0227712669970703,0.278943500088818,0.279803527379715,-0.166475472052319,5.17443169965669,5.40557874364258,12.2875695680751,2.9761,1.5125,0.0778094762418004,1.0030831590996556,5.405578741710653,66.42142457652673,0.0782900139341309,10.636391995507488,1.447824241749356,-0.046580424302442,0.2467065719154825,0.2460343465535763,0.921278273385194,1.3803014393834814,0.0749307186866247,0.0753764659283235
5.1728,-5.1616,0.0113132875488281,1.01872156665823,1.01853565753914,0.0923290594860533,5.12601654438611,5.07866363019425,90.0300335462296,10.3344,5.1728,1.0377936303745987,0.9998175073296212,5.07866362969561,457.2322529548544,1.0374148856786882,10.146331080793054,5.221030631592817,0.0940404393135976,0.702372326519772,0.7024644232621382,1.820152543729273,2.4278423491663226,0.7118676688168779,0.7116817913602967
0.40033,-0.3705,0.0159099027441406,0.130495293307841,0.131429949512606,-0.106686333873551,-0.317995245764406,3.04595719228821,8.26088956206914,0.77083,0.40033,0.0170290215754994,1.0071623740623648,3.045957189970669,25.16231581812808,0.0172738316288861,5.864949368633604,-0.0417940990960646,-0.0140217794746858,0.1234822747738453,0.1226558493551206,0.3367079231306797,0.5714483632277128,0.0168856531150176,0.0171263351296772
0.43204,-0.32627,0.009686556953125,0.0989689949805219,0.0994178490293149,0.131901491307778,0.587484081444761,4.34569852615305,10.2634867590637,0.75831,0.43204,0.0097948619674545,1.0045352986400216,4.345698521781903,44.6020188216017,0.0098839087056156,7.627503578493739,0.058406403716201,0.0131133625495781,0.0947808115585076,0.094372462994875,0.3591000011092298,0.5643531204637913,0.0097472032612393,0.0098353823712163
0.78857,-0.83655,0.0335259181152344,0.199939031153075,0.202682224233065,-0.0558511837897682,0.763070628804332,3.89067173001427,6.04553836635917,1.62512,0.83655,0.0399756161784302,1.0137201474009234,4.127396976980618,24.952336715415186,0.0410800840200624,8.018068705075299,0.1546608522929855,-0.0113200421565599,0.1845542493408377,0.1822707481307788,0.6078888116080341,0.9651266092844352,0.0391972668961413,0.0402587165682716
0.3728,-0.29603,0.0134752549560547,0.0884325238177544,0.0894319587929655,0.0197982035846408,0.345278258919533,4.1685322006983,6.63675448699262,0.66883,0.3728,0.0078203112687777,1.011301666298031,4.1685321960371775,27.665524581851503,0.0079980752535466,7.478646428850711,0.0308789110237985,0.0017705921271563,0.0856564216790221,0.0847386097092235,0.3168524497515608,0.5121227820922403,0.0077898911283248,0.007966260176666
1.2354,-1.3061,0.0220008386914062,0.273206438607368,0.274024358093767,-0.147175278274237,3.86744887321468,4.5083583393607,12.4551778201439,2.5415,1.3061,0.0746417580965215,1.0029937778562938,4.766364598421706,59.36591838081095,0.075089348828701,9.274722936137175,1.0597751949431151,-0.0403296111563693,0.2421806763500611,0.2415384734404786,0.835557786041059,1.2645503662115405,0.0719873577577724,0.0724037733152394
0.76374,-0.82361,0.0312621074072266,0.185345553116981,0.187918917373066,-0.205849965828056,1.50383281256573,4.06419965949349,6.01107644232668,1.5873499999999998,0.82361,0.0343529740602396,1.013884142950397,4.382794510925415,26.345312765929584,0.0353135195066652,8.446994168256163,0.2825986340474449,-0.0386831027196909,0.1722029672417494,0.170034338084218,0.6008180530008111,0.9506341858966104,0.0337760853966819,0.0347042982448646
1.254,-1.3547,0.0183975474902344,0.274805932220287,0.275354128291202,-0.0882161865284663,4.22613776023139,4.55413546105918,14.9668931925499,2.6087,1.3547,0.0755183003834609,1.0019948476595333,4.919846337205979,73.63481427921883,0.0758198959670077,9.473981796611232,1.1636844790070473,-0.0242906911427199,0.2432238877250175,0.2427939570019639,0.8564133308187407,1.2833475966859995,0.0728026852791259,0.0730830647992163
0.47606,-0.49004,0.0081406600048828,0.110851781436596,0.111123299697383,-0.0073442147411356,1.62597047718167,4.2840700491835,13.6504042216148,0.9661,0.49004,0.0122881174476668,1.00244938021765,4.4098762446176085,60.19659262104213,0.0123483877356344,8.693946289945865,0.1806832046349555,-0.0008161133757211,0.1053714853253039,0.1051270917095125,0.3988029652346139,0.6760518851313081,0.0122132313808684,0.0122727682783125
3.9313,-4.1508,0.0148009004345703,0.662904650312928,0.662908040749361,-0.288705069398936,8.66778463227521,5.93038514898085,44.7883589028823,8.0821,4.1508,0.4394425754065053,1.0000051143651367,6.2615019644078,280.44239540053815,0.4394470704901565,12.191887112494044,5.74594412821898,-0.1913849119096569,0.5085679014776112,0.5085658626156859,1.6391520424174917,2.206305443405716,0.3642559382330548,0.3642590610228828
1.0886,-0.58204,0.0318201304785156,0.196913216037061,0.199420165326283,0.185677470580323,1.19584439878257,5.45882608320415,6.2671070899891,1.67064,1.0886,0.0387748146500582,1.0127312388594427,5.458826080466813,34.211047541552325,0.039768402338762,8.377487785294026,0.2384754877097296,0.037027831880494,0.1818382444559297,0.1797459227253242,0.7364939850633112,0.9823181440631452,0.038041955855309,0.0389979982952857
1.1991,-1.2934,0.0207639782714844,0.293277178125529,0.293939871740175,-0.391086093462149,3.59531646322451,4.07940574002813,14.1562405766841,2.4925,1.2934,0.0860115032092732,1.0022596150121723,4.400219650035314,62.290567677350936,0.0864006481986305,8.4796253886756,1.056806860065552,-0.1149557961516301,0.2576917280285872,0.257179445049335,0.830035432622067,1.25061781214898,0.0825118137293782,0.0828700744703406
0.62898,-0.56973,0.0114717159277344,0.146460987178765,0.146873915308771,0.079966791285125,2.41937233882762,4.28244864772416,12.8031339194588,1.19871,0.62898,0.0214508207653783,1.0028193721596323,4.282448644808434,54.82876306206997,0.021571946998128,8.161490055356797,0.355342687993351,0.0117450357307256,0.1370399064805326,0.1366797949817536,0.4879540520736983,0.7878708247495183,0.0212239899808695,0.0213425654904555
0.44748,-0.3801,0.0184982637939453,0.14011783703447,0.141299708381852,0.0054862267005702,-0.209621044343545,3.16688551678194,7.63853894375218,0.82758,0.44748,0.0196330082552182,1.008434837930361,3.1668855145406942,24.190378219572565,0.0199656075887964,5.856912295797774,-0.0296193924364421,0.0007752022329072,0.1321677080633672,0.1311316228842363,0.3698241134438246,0.6029926873334656,0.0194427667259136,0.0197689086775138
0.70262,-0.66715,0.027552539140625,0.183023745406314,0.185041826355639,-0.040792590504829,0.802744102536569,3.7970874684819,6.71596274344105,1.36977,0.70262,0.0334976913825552,1.0110263334614982,3.797087466429881,25.5010978793569,0.0342404775010304,7.402488541304912,0.1485412348295851,-0.0075483354487912,0.1697780704668365,0.1680736569894923,0.5321682411391068,0.8627929040242298,0.0329488663515647,0.0336673191630508
0.41702,-0.38636,0.0098013758203125,0.138448588283111,0.138761374974791,0.170386434254195,-0.0172599676315297,3.0053031693853,14.1573364309957,0.80338,0.41702,0.0191680115975863,1.0022592255748717,3.0053031672194828,42.54708761203234,0.0192547191848945,5.789651475902327,-0.0023950168405714,0.0236430558941639,0.1299411585430554,0.1296664480871082,0.3485560749349781,0.5896626818591475,0.0189866195480706,0.0190716927628176
3.6442,-3.473,0.0142863299121094,0.452163884494298,0.452279169869757,-0.264895215650523,21.6634858515211,8.05741286084305,31.6581776181996,7.1172,3.6442,0.2044521784409728,1.0002549634753837,8.05741285906154,255.0830057062309,0.2045564474980765,15.736298446987758,9.797943397411188,-0.1198065882368888,0.373134163672435,0.3730547781424992,1.5356191292304535,2.0939852671206767,0.1860248398694947,0.1861114058170351
3.5156,-3.938,0.0151023116601562,0.627435170088069,0.627463742707291,-0.417876316916896,10.6087298480686,5.60287353788984,41.547529731008,7.4536,3.938,0.3936748926634441,1.0000455385999694,6.276059844320684,260.7547812904685,0.3937107484122414,11.878933381317584,6.656593335839674,-0.2622022378014136,0.4870228169460046,0.4870052602599211,1.596960390922988,2.134592386144684,0.3319440661022768,0.3319697932555425
1.1851,-0.95942,0.0317237071240234,0.21165149588895,0.21396466083248,0.0875162973347815,1.85976310163373,5.53876511845034,6.74462981252438,2.14452,1.1851,0.0447963557120302,1.0109291211608105,5.538765115861715,37.3569202247132,0.0457808760851582,10.022776614857618,0.3979235812698221,0.0187253948765509,0.1938915825204316,0.1919843016521534,0.781661594090684,1.1456612552928496,0.043821991509473,0.0447638562068734
1.5306,-1.5506,0.0134122762011719,0.5076838622987,0.507737079760834,0.0381155992907034,0.0209742330549769,3.01455233626226,37.8561455300533,3.0812,1.5506,0.2577429040385254,1.0001048238206405,3.0539428013116647,115.61050228770758,0.2577969421640596,6.068495136980202,0.0106493958415571,0.0193527030771958,0.4106099040937613,0.4105746072226696,0.9363286256106624,1.406391062819013,0.2293187685832947,0.2293617320256143
1.3741,-1.3769,0.0215111930566406,0.274881012957033,0.275654509103494,0.073386107470777,4.12223112026351,4.98486313345267,12.8144686525603,2.7510000000000003,1.3769,0.0755595712842845,1.0028139304270554,4.995020774296652,64.00853685677332,0.0759854083890882,9.979883905940946,1.1363115958673835,0.0202292114298732,0.2434593873695715,0.2428528510845569,0.8657971176571688,1.3220224710997504,0.072841057577379,0.073236900670958
1.7682,-1.7109,0.0147796362548828,0.510889139535805,0.51097818482901,0.0069632925298196,0.984232388089385,3.46042170193958,34.5731231822567,3.4791,1.7682,0.2610077128956352,1.0001742945510028,3.4604217012623644,119.6375849542356,0.2610987053711499,6.808705542846901,0.5029212791158357,0.0035580905773206,0.4127572456145796,0.4126983116617135,1.0181972894804645,1.499422133388078,0.2319111734554608,0.2319833293921772
4.9087,-5.0364,0.0102220434765625,1.1579200380439,1.15768243811544,0.0479270915395262,3.13373014756138,4.24010923754767,113.253523208918,9.9451,5.0364,1.340778814503587,0.999794804459174,4.350415825399908,492.699914872957,1.3402286275209097,8.59052506258133,3.627864357624716,0.0554843521852605,0.7690347003612605,0.769144812416304,1.7978078077622586,2.392891867525139,0.8504837007060213,0.8502486286656432
4.4012,-4.248,0.0121812810351562,1.03365995862123,1.03347936028835,0.0585704034657938,3.67849079151278,4.25862399300555,84.8415989505242,8.6492,4.4012,1.068452910056843,0.9998252825492984,4.258623992593488,361.308465929562,1.0680795881420173,8.369010869021993,3.8016443100392143,0.0605313031056591,0.7097482964677261,0.7098371049981637,1.6866211511047502,2.266875010359967,0.7268009413988202,0.7266204414675363
3.0248,-3.2878,0.013628855390625,0.47496840283478,0.475047971882893,-0.651531515511522,15.398438363783,6.36735693873389,34.8560431721704,6.3126,3.2878,0.2255949836914218,1.000167524718742,6.920985234978326,241.23815842508623,0.2256705755900498,13.288342172371854,7.314996914878848,-0.3095087250615361,0.3886905125733477,0.3886365677554041,1.455773780889694,1.9895988876781447,0.2034264270547414,0.2034881028681724
0.20757,-0.18588,0.0149561138232422,0.0646236194552873,0.0663163506692462,-0.127578728095197,-0.307190726518974,3.12999732200673,4.43406298273746,0.3934499999999999,0.20757,0.0041762121915017,1.026193690876611,3.129997317286936,13.878605168781892,0.0043978583660864,5.932925974305269,-0.0203717679421727,-0.0084605556702974,0.0642100459479207,0.0626213277355523,0.1886100758788291,0.3317826864206384,0.004167516020331,0.0043882160470148
0.83154,-1.0278,0.0333274196826172,0.202690481055853,0.205363306713389,-0.212004259026829,1.62251351759127,4.04911672541639,6.16199239752431,1.85934,1.0278,0.0410834311106531,1.0131867344844911,5.004788907757259,30.839471123296388,0.0421740877442574,9.053905631201966,0.3332047411597156,-0.0435378956710714,0.1867810208480345,0.1845611146576095,0.7069514615363424,1.050590828969676,0.0402619315805089,0.0413090001482482
1.4595,-1.289,0.0226955540429687,0.262601080609576,0.2635161174653,-0.137573153336726,4.63443297273101,5.53856065442445,11.610913616226,2.7485,1.4595,0.068959327537317,1.0034845125284766,5.53856065232265,64.3077490334012,0.0694407441639858,10.430102057491473,1.2212477836272444,-0.0362527432347524,0.2338984039699757,0.233173942811608,0.8999580772532575,1.3213557599609798,0.0666855841135916,0.0671358428291359
0.62814,-0.91728,0.0319571285058594,0.188519514134051,0.191163573799629,-0.199902673366197,0.854830086509265,3.28587705029199,5.98187580478574,1.54542,0.91728,0.0355396072093386,1.0140253892352775,4.798403698403444,28.703454910270477,0.0365435119478462,8.084280746976551,0.1634123743285571,-0.0382141094527821,0.1749306225040756,0.172708426811675,0.6509075149520694,0.9342956658561692,0.0349226504791732,0.0358916317017654
1.2742,-1.2665,0.0202841169091797,0.257703003460569,0.258437335198293,-0.0076278981360321,4.25648338655983,4.93040217669145,12.7408719026528,2.5407,1.2742,0.066410837992598,1.002849526887844,4.930402174783669,62.817622252097685,0.0667898562243948,9.831009892852666,1.100034223738328,-0.0019713336674401,0.2298707411062245,0.2292870441261392,0.8216283422084854,1.2643244477106783,0.0642986529895676,0.0646540046794604
5.932,-5.4287,0.0143891703417969,0.78642166850316,0.786361308153547,-0.0386336744187561,17.2085138653109,7.54360614960687,54.6495238762563,11.3607,5.932,0.6184590406912941,0.9999232467109912,7.543606148647565,412.2544815209806,0.6183641069609577,14.447175720320365,13.53210947450433,-0.0303800267547112,0.5801807621923363,0.5802145511742101,1.93614837185336,2.5145220847300904,0.4814744871076761,0.4814158285242237
2.7014,-2.8935,0.0160663248730469,0.63779224153225,0.637838888452814,0.0102011672086438,2.33825022057042,4.23523878663577,39.7003604429077,5.5949,2.8935,0.4067789433587319,1.0000731379554644,4.536412018660436,180.09719116563232,0.4068384476227213,8.771650804632202,1.491426921613184,0.0065067011532826,0.493377621895428,0.4933491407150288,1.3593084960349038,1.886296623052044,0.3413026537481602,0.3413449510869448
0.80108,-0.85428,0.0277298478759766,0.194389546795663,0.196310441746154,-0.115492685929588,1.36564312701415,4.08067952409717,7.07939122580709,1.65536,0.85428,0.0377872959034232,1.009881677699069,4.351678861124913,30.80723705157326,0.0385377895385701,8.432358383143391,0.2680900055317469,-0.0226724201932872,0.1792421885242245,0.1776352153589858,0.6174964805517837,0.9765802387223111,0.0370908465038869,0.037813752250287
1.3902,-1.153,0.0222809878173828,0.273364732884965,0.274204724953441,-0.143202502354484,3.92080818346962,5.06993451785358,12.306668232165,2.5432,1.3902,0.0747282771852682,1.0030727883560686,5.06993451600463,62.39400178999323,0.0751882311867922,9.274821940082704,1.0751041295434878,-0.0392668027707557,0.2423222388659081,0.2416627929800799,0.8713770444506436,1.2650302736268515,0.0720678642200132,0.0724957450300356
1.2928,-1.2945,0.0084106831054687,0.256929289671526,0.257004215407701,0.154791714325513,4.94381272971497,5.03026768626793,30.5568777452325,2.5873,1.2945,0.0660126598911149,1.0002916196757543,5.036882361803948,153.9113967766976,0.0660511667373279,10.067150046114604,1.2705807117230004,0.0397821230918414,0.2287312831487887,0.2286716747812278,0.8305149548527512,1.2773998304027792,0.0639252017435971,0.0639613234072511
1.2669,-1.0385,0.0112744013378906,0.234280008834634,0.2344939963246,0.237748518655436,5.68205440687106,5.40269695538936,20.7987980289934,2.3054,1.2669,0.0548871225395561,1.0009133830536334,5.4026969530853775,112.36960179032197,0.0549874343122815,9.831381763077614,1.3324076452009996,0.0557506002597669,0.210661166546719,0.2104878112780272,0.8184132593923426,1.1955574947245886,0.0534337683503849,0.0535288562526255
1.3831,-1.2955,0.0197090076074219,0.266073181517573,0.266737352208066,-0.0827760870399665,3.4367525701349,5.18525054159316,13.5337789462124,2.6786000000000003,1.3831,0.0707949379228833,1.00249619516877,5.185250539649207,70.1760342545891,0.0711488150629698,10.042088132097728,0.9167102807520487,-0.022079474283185,0.2364445808820131,0.2359201273574619,0.8684021611471813,1.3025322450145602,0.0684013052741819,0.0687317314516321
2.401,-2.2893,0.0152799575341797,0.673715078794337,0.673723873363836,0.0214303719024868,0.598792147810487,3.56377455946758,44.0919990685043,4.6903,2.401,0.4538920073948597,1.0000130536925391,3.5637745589386185,157.13394352803758,0.4539038575403701,6.961754191499293,0.4034205651627319,0.0144381531657709,0.5150510082606882,0.5150457537544075,1.2240695060250584,1.7387629708257029,0.3742441035846469,0.3742522541881011
3.7785,-3.4255,0.0120487567041016,0.58063202406168,0.580615280469049,-0.0959396016362187,10.5494050417482,6.50775156476685,48.1888127321386,7.204000000000001,3.7785,0.3371335473659633,0.9999711629880298,6.507751563646019,313.6008188590656,0.3371141039141524,12.40752739566122,6.12514576709623,-0.0557039987121019,0.4578141892537432,0.4578247822830245,1.5641266897240973,2.104621840210134,0.2905281789699648,0.2905136377199785
0.39032,-0.42119,0.0188745807470703,0.12721803202484,0.128579838692061,-0.0468926735578443,0.0996960966418743,3.03562365585779,6.81232820029759,0.81151,0.42119,0.0161844276722732,1.0107045089793925,3.275707948904396,22.31519753538669,0.0165327749180764,6.311331602401306,0.0128189080244403,-0.006029452401907,0.1209600623955201,0.1197526786575239,0.3514945488326341,0.5941607516248131,0.016054855982411,0.0163975964765332
0.60498,-0.60102,0.0112991452929687,0.147825406536103,0.148220617353805,-0.0398284849552061,0.657876721056494,4.08161840640497,13.1178609983925,1.206,0.60498,0.0218523508175641,1.002673496570687,4.081618403651235,53.542102429841336,0.021969351408743,8.136519876365151,0.0975108937376905,-0.0059034026283273,0.1382134548293493,0.1378692014324287,0.4731112954451495,0.7911809208313108,0.0216170105202966,0.0217315024949922
2.5633,-2.2881,0.0148527672363281,0.641928569794815,0.641943678402683,0.0271302332018584,0.763479740055175,3.99302942958818,43.2204765743964,4.8514,2.5633,0.4120722887188167,1.000023536120024,3.993029428966153,172.58063376044902,0.4120916862411672,7.55736081289213,0.4901109927169432,0.0174160816975235,0.4958807098345777,0.4958715081319985,1.2706870817881395,1.766680948851518,0.3450583337370801,0.3450720705615159
0.54157,-0.50673,0.0114767484179688,0.18325638897264,0.183570754618345,-0.0114334296015017,-0.376362315494462,2.95019760160576,15.9950142612636,1.0483,0.54157,0.0335829040992915,1.001715441122112,2.9501975999986376,47.18845230006392,0.0336982219511486,5.710604620046479,-0.069089114265226,-0.0020988432998233,0.1685359323998057,0.1682702893016987,0.4328013776276794,0.7170101808244729,0.0330313137577963,0.0331428785087375
0.68009,-0.59205,0.0307075375292969,0.16865784470939,0.17138999986631,-0.0397702247535918,0.775550026673876,3.96808448877118,5.58136580319388,1.2721399999999998,0.68009,0.0284454685820167,1.0161993950533863,3.9680844864559455,22.147330997688066,0.0293745320541737,7.422486727639088,0.1329215189679523,-0.0068162188152012,0.1581910777293965,0.1558559490654674,0.5188473634088413,0.8207221186787979,0.0280484083669064,0.0289513673574834
0.37989,-0.33796,0.0147204390332031,0.129080400882906,0.129885740546672,-0.0296827607264729,-0.395743595747429,2.92480143240583,8.82349638171149,0.71785,0.37989,0.0166617498920917,1.006239053780695,2.9248014301540164,25.80697468074362,0.0168703055973574,5.526780664497777,-0.0514014500002576,-0.0038553673584276,0.1221165130513601,0.1214034968771776,0.3220037858471634,0.5410735089237091,0.0165244657678031,0.0167295824812908
1.5064,-1.476,0.0196705539453125,0.275305466387679,0.275940251079704,-0.313940940186349,5.28764546632345,5.45915282060421,14.0280874573673,2.9824,1.5064,0.0757930998229374,1.0023057464136964,5.459152818625828,76.58147282124855,0.07614302216593,10.808136860242744,1.4590742175977511,-0.0866289418592194,0.2436833586536197,0.2431857313958622,0.9188474606558448,1.3818846526311903,0.0730581568402813,0.0733833731350413
0.46563,-0.38177,0.009647782915039,0.148441937598261,0.148718960699174,0.0639966707094629,-0.0774960114299015,3.1309390397225,15.4148328179472,0.8473999999999999,0.46563,0.022035008837926,1.0018662044244944,3.130939037617227,48.26290136025802,0.0221173292714424,5.6979957057681805,-0.0115251262781862,0.0095175183561185,0.1386473742567038,0.1384061868827926,0.3822851841605472,0.6137792451763726,0.0217957464178355,0.021876288784494
2.1696,-2.006,0.0102215763867188,0.577133072415874,0.57708268551387,0.0311345351936799,0.377910377709572,3.75959988830379,56.4573079220632,4.175599999999999,2.1696,0.3330825832761864,0.9999126943084644,3.759599887652312,212.2568864811633,0.3330244259199001,7.235704872271843,0.2180855356522007,0.0179672011817948,0.4555767387648302,0.4556086876902526,1.1536053969621494,1.6439552744596606,0.2874939922229433,0.2874503650496192
0.52905,-0.4408,0.0183473772558594,0.141655497457094,0.142804440490217,0.105538121601978,0.0544350835748313,3.70471673138373,7.78337080547092,0.96985,0.52905,0.0200662799598167,1.0081108248739865,3.704716728789477,28.83518389242935,0.0203931082237239,6.791455475695066,0.0077735716529419,0.0150713124057589,0.1334852769901529,0.1324793997489619,0.4246466275240934,0.6779573977189582,0.0198676055378095,0.0201879532679284
0.43621,-0.4068,0.0072071854052734,0.143002719608359,0.143149348911474,0.100071277175192,-0.0951767487149726,3.04723705219056,19.8620322444783,0.84301,0.43621,0.0204497778153869,1.0010253595415108,3.047237050061862,60.524319747400845,0.0204917360937789,5.889024335922264,-0.0136244896100592,0.0143251381723683,0.1337870402414255,0.133658764169737,0.3620076994883887,0.6114001046089399,0.0202434887450249,0.0202846053356885
4.9688,-5.1119,0.016597924296875,1.1789231341674,1.17875213887693,0.0657386602119185,3.6515124175765,4.21530518259257,71.0180452563494,10.0807,5.1119,1.3898597562750854,0.9998549562855288,4.336704749852461,307.9842923590163,1.3894566049069372,8.552009932087424,4.304228072353968,0.0774895863317026,0.778752299550719,0.7788307796025098,1.810237690473828,2.4052048562188686,0.8712346848389075,0.8710659781291451
0.84322,-0.87514,0.0339284513427734,0.19571807415801,0.198590031153876,-0.0766285506012502,1.40775022161028,4.24603387743383,5.85320058223568,1.71836,0.87514,0.0383055645521203,1.014673948263357,4.406767018840073,25.793691217416317,0.0394380004736974,8.652800894135828,0.2795651603664613,-0.0152176662511786,0.1811458919323365,0.1787469037930311,0.628683323301624,1.0000287572893072,0.0375901196041751,0.0386801829332334
5.0197,-5.2492,0.0122015625488281,1.05043299509859,1.05024739045696,0.0655510966545476,3.81901889605521,4.77954055931142,86.0748274046118,10.2689,5.2492,1.1034094771917944,0.999823306443649,4.998060501932102,430.2071915767412,1.1030195811616543,9.77760106078842,4.010914629687805,0.0688448682030305,0.7179604641409678,0.7180509879683845,1.8324534555556111,2.4220467190289843,0.7435595887472464,0.7433742077383917
0.40451,-0.4068,0.0163820725537109,0.132938819838994,0.133912183384232,-0.0847540550686777,-0.248435031352234,3.02071095980376,8.17431267900822,0.81131,0.4068,0.0176727298201845,1.0073218902175052,3.0378117167203103,24.832022699389675,0.0179324728587321,6.058522674268326,-0.0332684774775077,-0.011349600564914,0.1256737626105077,0.1248149822110235,0.3413176216176903,0.5940503403980874,0.0175183829642145,0.0177735827835267
0.45478,-0.37739,0.0186947357714844,0.136797641047496,0.138036046902119,-0.0927962557212684,-0.252658728750852,3.29464665358379,7.38368536412636,0.8321700000000001,0.45478,0.0187135945961595,1.0090528297435166,3.2946466511969783,24.32663414590888,0.0190539502443639,6.028642648591823,-0.0348760121320823,-0.012809228307082,0.129304010863389,0.1282152227172285,0.3748546864420268,0.6055010567065965,0.018540649568679,0.0188746971417019
4.6925,-4.8795,0.012017411640625,1.03933277052631,1.03914848722884,0.0664904589525451,3.66182239462958,4.5157165291303,86.4702415382014,9.572,4.8795,1.0802126078898957,0.9998226906697466,4.695671561378962,406.0358507568476,1.0798295785099865,9.211388090074683,3.805177201880016,0.0690934598356885,0.7125323124959073,0.7126226810845799,1.7714717242813334,2.3582089967420425,0.7324701038212761,0.7322859569478412
0.6755,-0.52529,0.0175970693261719,0.157732575447182,0.158672852059825,0.068021656596633,0.310712607042538,4.25718698082842,9.01700442947241,1.20079,0.6755,0.0248795653572009,1.0059612068678974,4.257186978145417,38.387073645077365,0.0251770739807991,7.567709180588062,0.0493016555303831,0.0107931902540217,0.1472752570923274,0.1464634159067379,0.516111628195228,0.7888163868156509,0.0245751084745464,0.0248653527731456
0.4794,-0.41744,0.0109974077294922,0.128912215254393,0.129349092711701,0.0808669091814505,0.525167182077098,3.7062494212349,11.7617802206987,0.89684,0.4794,0.0166183592417949,1.0033889523665929,3.706249418369582,43.59209073927161,0.0167311877853402,6.933485040405874,0.0679298985236333,0.0104600613330201,0.1216414426096654,0.121254527719686,0.3916366001716302,0.6401893436951673,0.0164817853224396,0.016592763332911
2.4715,-1.9758,0.0127732939111328,0.551804531159297,0.551817652623162,0.0451290751750183,0.629659064114505,4.47883460822844,43.2008890159659,4.4473,2.4715,0.3044882406079315,1.0000237790070972,4.478834607416794,193.48963531614623,0.3045027217465366,8.059365223372328,0.3474569867125632,0.0249030203281328,0.4394269229917976,0.4394184674111321,1.244586777211191,1.6951200730736276,0.2658108110717858,0.2658219120213975
1.3716,-1.1689,0.0236849433349609,0.290279896256361,0.291173918736743,0.189247040827275,4.03848357338625,4.7105867378187,12.2936295273692,2.5405,1.3716,0.0842624181706037,1.003079863234085,4.710586736200904,57.91020796677973,0.0847822509525114,8.725025957508308,1.1759010878168392,0.05510380248701,0.2555518190860012,0.2548591686803013,0.8635648328510755,1.2642679601096916,0.0808999569032626,0.0813792764850675
0.51403,-0.46876,0.0134616716943359,0.146508142398873,0.14708967201942,-0.0607848492324358,0.241717417120033,3.49467092381669,10.9265532067097,0.98279,0.51403,0.0214646357891684,1.003969264169406,3.494670921440809,38.18470750536958,0.0216353716147805,6.681570404223125,0.0355541356055669,-0.0089408235373488,0.1372280147072516,0.1367209252521148,0.4147749698783865,0.6845049437785561,0.0212375147929179,0.0214046488787588
0.5812,-0.48753,0.0156413714941406,0.141829817855267,0.142655275462517,0.0922436926207365,1.16526747126231,4.07415707632006,9.12038151615774,1.06873,0.5812,0.0201156972328582,1.0058200561711947,4.074157073464107,37.15786665523136,0.0203505276172866,7.4916962992486145,0.1662315521004354,0.0131590493804909,0.133354743052608,0.1326320789865665,0.4581840524403934,0.7269348924227876,0.0199160495233006,0.0201462227872392
0.67341,-0.55533,0.0089112638623046,0.180860297894414,0.181035593406262,0.0164708396536906,-0.172012044259451,3.71976575064329,20.315366731767,1.22874,0.67341,0.0327104473544561,1.0009692310241212,3.719765748588588,75.56840453257598,0.0327738860799574,6.7872840705079245,-0.0311403025055339,0.0029818082306052,0.1663916751237005,0.1662432388502682,0.5148634607190414,0.801436403365181,0.0321868481875336,0.0322482756450013
0.50673,-0.47064,0.0183316853417969,0.155627550898724,0.156665756137915,0.0652940164808627,0.0016199397224419,3.23446560685487,8.54617309957377,0.97737,0.50673,0.0242199345987349,1.0066710883293375,3.234465604790316,27.642302810009895,0.0245441591462646,6.2385681687563626,0.0002537890815142,0.0102293364632558,0.1455415180896984,0.1446435305326723,0.4099417396907976,0.6817676789285674,0.0239312834369964,0.0242477908877334
0.2276,-0.19652,0.0147689690673828,0.0652750089921011,0.0669094071442632,-0.231511477527781,-0.240595318718362,3.40161435759358,4.53040471809453,0.42412,0.2276,0.0042608267989188,1.025038649169026,3.401614352509667,15.410689630434977,0.0044768687643967,6.3387200315746925,-0.0160980901371306,-0.0154902957084762,0.0647660644453758,0.0632329902329336,0.205061043763444,0.3535540791022168,0.0042517751788951,0.0044668773963604
1.7472,-1.899,0.007350116743164,0.564242558815108,0.564152670344015,0.0249431246675447,0.112673874583025,3.09703399779101,76.7542462327149,3.6462,1.899,0.3183696651782206,0.9998406916144966,3.366110096590337,258.3632397308311,0.3182682354562828,6.46314409383238,0.0635652672240201,0.014071730387919,0.4473442526685275,0.4474017188545643,1.0643658499395183,1.5360496812047275,0.2763958710933001,0.2763189324116833
2.1675,-2.3025,0.0146455610693359,0.584458878840886,0.584499683881715,-0.0309796712321977,1.27483670731934,3.70829969591333,39.9096819244097,4.470000000000001,2.3025,0.3415921810559454,1.0000698166155042,3.939266458306639,157.21487031994738,0.3416398804578248,7.647566153585527,0.7451416524289607,-0.018107608041979,0.4602687006421697,0.4602429476763144,1.1946797574143435,1.69927861643389,0.2938571034358965,0.2938926571269608
5.1374,-5.1153,0.0100940106298828,1.21647065895637,1.21621552125298,0.0847432377126176,2.83732385465211,4.22408685814773,120.488829053977,10.2527,5.1374,1.4798008641017453,0.9997902639069092,4.224086857800414,508.9552743183631,1.4791801941366578,8.430002594107972,3.4507973108492305,0.1030660410273164,0.7958010210390071,0.7959161375590129,1.81440119970888,2.4206080998550363,0.9081782602197684,0.907927938647236
0.57557,-0.53239,0.0166741981201172,0.181392893469369,0.18211354858918,0.0058271813278767,-0.154030186881406,3.16050071210461,10.9218774586505,1.10796,0.57557,0.0329033818011898,1.0039728955508138,3.160500710369149,34.518601278565974,0.0331653445797436,6.08389660173498,-0.0280509839228274,0.0010612086698922,0.1673039791662399,0.1666941605261719,0.4546171115677687,0.7457206551670137,0.0323736541089227,0.0326272398455564
0.63231,-0.55742,0.0302275019921875,0.168339020995812,0.170990908938935,-0.0662772856676757,0.325558791059314,3.69791589461527,5.65679919508826,1.18973,0.63231,0.0283380259898284,1.0157532568851857,3.697915892452631,20.91836758696064,0.0292378909397631,6.9578552841607255,0.0556675935962929,-0.0113328133183213,0.1578503210832537,0.1555830999913119,0.4899961894839042,0.7837782485566269,0.0279439320400887,0.0288186166628067
0.19193,-0.20423,0.0122932432226562,0.0635003459856195,0.0646641235593527,-0.194828220814713,-0.152675425753372,2.96810641566702,5.26013537584433,0.3961599999999999,0.20423,0.0040322939402933,1.0183271044249749,3.1583200767688933,16.613191054602183,0.0041814488756992,6.126426487845883,-0.0098726225953928,-0.0125983961436114,0.0626593724800479,0.0615656809854357,0.1858403585430734,0.3337256109531077,0.0040241860314226,0.0041727309123783
0.78606,-0.80505,0.031758178359375,0.210401472217188,0.212733978924079,-0.151777547367313,0.83114068377369,3.69503736063025,6.69855734534849,1.59111,0.80505,0.0442687795111601,1.011085980441119,3.78430377550959,25.349375784565805,0.0452557457888704,7.479341134402911,0.1768118647048567,-0.0322882415627863,0.192877297521259,0.1909520997976045,0.5905882922322083,0.9520863553295138,0.043316907964503,0.044261588286901
0.19839,-0.20528,0.0146049988623047,0.0669753328496899,0.0685332833098653,-0.222132097153999,-0.204036169602456,2.89479783279903,4.69245386158494,0.40367,0.20528,0.0044856952103267,1.0232615545389778,2.995332921265672,14.055461457397213,0.0046968109212302,5.890130749840772,-0.0139832686168248,-0.0152234419464695,0.066286944856612,0.0648278538234167,0.1867119050952475,0.3390902352417039,0.0044756644649582,0.0046858153208771
5.3611,-4.7851,0.0153351837353516,0.706604354353876,0.706598250526131,0.190515270677849,17.4554601319959,7.5871968208358,46.076934109191,10.1462,5.3611,0.499289713591858,0.999991361604685,7.587196819762037,349.5947657074228,0.499281087646589,14.35922037877853,12.33399759139693,0.1346177569594804,0.534502061997433,0.5345056385959838,1.8502013183717132,2.4110986326432764,0.4049914716880469,0.404985718316964
0.97486,-1.0381,0.0132493187109375,0.202905510900432,0.203288189389852,-0.0955669124331108,3.96425837717528,4.79545812733115,15.3432937817425,2.01296,1.0381,0.0411706463537653,1.0018859930789124,5.106543585267265,78.35119788521006,0.0413260879454043,9.902001710239473,0.8058869077695157,-0.0194276245941056,0.1850579672304415,0.1847398893528373,0.7120180013101968,1.1029229842551942,0.0403457016104079,0.0404949854862167
4.786,-4.8035,0.0132995385546875,0.977840071493859,0.977691772837169,0.0711077324814875,4.36871911910886,4.89520330738948,73.5132101626621,9.5895,4.8035,0.9561712054191152,0.9998483404791868,4.91310260857508,361.1779419361271,0.9558812026734864,9.808305915463876,4.2712607405891765,0.0695214450322566,0.681930393372164,0.6820053762885433,1.7584611838265405,2.359862944145519,0.6709890961151256,0.6708408349386853
4.8636,-4.9058,0.0099041428222656,1.07539367687434,1.07517671520886,0.0846945729714696,3.8006448070785,4.52353546277758,108.558280560307,9.7694,4.9058,1.1564715602613125,0.999798248985348,4.562784824251647,495.32807013226994,1.1560049689273142,9.086320286608514,4.086364799350274,0.0910616327634817,0.7300463140124949,0.7301508594822411,1.7759349188810836,2.3767087793100137,0.7684733491038039,0.7682569577413649
0.79775,-0.72452,0.0274735813964844,0.188398616455777,0.190345751945308,0.0867162529058535,0.922852461243627,4.19105754579286,6.92831958084888,1.52227,0.79775,0.0354940386824509,1.0103351894251014,4.191057543591051,29.03698595329052,0.0362315052836247,7.997394129592417,0.1756610456699963,0.0165060703652441,0.1742438127757845,0.1726067003981125,0.5865358830004663,0.925159289703004,0.0348786448909633,0.0355905795721477
0.6611,-0.61312,0.0102434318945313,0.17073696292137,0.171002352217487,0.0429644004503057,0.285768442162796,3.86602869157723,16.693853581316,1.27422,0.6611,0.0291511105076132,1.001554374585448,3.866028689316426,64.53891628830493,0.0292418044639134,7.451476443050638,0.048867075799365,0.0073470135386163,0.157860093339,0.1576334333555104,0.5074800335148941,0.8216371364711086,0.0287342978755024,0.0288224190069921
5.2292,-5.1461,0.0174322876611328,0.932612631161763,0.932547861436465,0.0889838983990718,5.14001330216352,5.60743337285136,53.4954378658908,10.3753,5.2292,0.8697663198024665,0.9999305501307544,5.607433372250058,299.9721018637081,0.8696455138697242,11.125756036698926,4.793308412687573,0.082981744154334,0.6588392677634205,0.6588727824003564,1.8292479136390465,2.4314443381156097,0.6258134603855322,0.6257488481212736
1.0316,-1.1188,0.0304720318310547,0.21685089136465,0.21892896729564,-0.165677310833964,2.04148554362219,4.71203063140994,7.18458711612807,2.1504000000000003,1.1188,0.0470243090856432,1.0095829711234032,5.110333334638845,36.715634931446985,0.0479298927211354,9.822363963896471,0.4469403218141843,-0.0362715625651984,0.1979725775097791,0.196266285023795,0.7508498906882346,1.147529428902724,0.0459521494657114,0.0468166874027373
1.4707,-1.6739,0.0140910748876953,0.52380763797834,0.523869285318984,0.0040592270361694,-0.0680046802544272,2.80737970561586,37.1773828110473,3.1446,1.6739,0.2743744416044476,1.000117690610374,3.19526272409965,118.79150465537184,0.2744390281006231,6.002642429179615,-0.0356255632432328,0.0021265043663855,0.4212526827978619,0.4212122274988233,0.9835380808226444,1.42180628212125,0.2424554241744003,0.2425061038313913
4.4521,-4.1541,0.0139094577294922,0.683874885915339,0.683849377313603,0.0542333473055854,14.1830707499231,6.51035176414051,49.1643449092655,8.6062,4.4521,0.4676848595857178,0.999962699753628,6.510351763188488,320.07717731170084,0.4676499708522025,12.584935051852556,9.699084100729689,0.0370874407845569,0.5210824684193622,0.5210976172853279,1.696000855558959,2.262408723346525,0.3836862338399796,0.3836624622871364
2.3496,-2.3891,0.005427056484375,0.57425179362385,0.574137228627515,0.0188966734752263,1.43514139753473,4.09240140308748,105.791644196169,4.7387,2.3891,0.3297651224802088,0.9998004967549304,4.161200285330851,440.22021197981263,0.3296335572960834,8.25360168770554,0.8239681046692088,0.0108492837393455,0.4537073308374912,0.4537801077374078,1.2205643994188555,1.7472327038445803,0.2850023269991693,0.2849033834408129
0.65443,-0.54741,0.0115211819726562,0.187505091204467,0.187813018163563,0.0555390096569015,-0.111651373893406,3.48447624344159,16.3015408149362,1.2018399999999998,0.65443,0.0351581592275954,1.0016422319892957,3.484476241586304,56.80233120811375,0.0352737297917068,6.399130428293452,-0.020969581513029,0.0104309490294779,0.1721138164348009,0.1718545442475461,0.5034565386298461,0.7892933744434586,0.0345542258908624,0.0346658649791553
2.4535,-2.156,0.0119131915771484,0.614703056232768,0.614668422482297,0.0839078956573966,0.717654594775305,3.99158295799824,51.5956130229062,4.609500000000001,2.4535,0.3778598473419055,0.9999436575918824,3.9915829573488537,205.9481679209649,0.3778172695968756,7.499165128143282,0.4411196176577088,0.0515755338575411,0.4791296244389267,0.4791510736594332,1.2393882095468904,1.7244615890028825,0.3205314601198761,0.320500558281071
0.21028,-0.19526,0.0130497289599609,0.0628566548892668,0.0641819702920254,-0.151442188590585,-0.140315479001902,3.27630951563553,4.91826079215499,0.40554,0.21028,0.0039509590638683,1.0210847252846165,3.2763095105308158,16.11374451023507,0.0041193253105664,6.318596913166573,-0.0090057239048113,-0.0097198580490802,0.0622064010069442,0.0609602406800209,0.1908517377973296,0.3404215705823921,0.0039431745226385,0.004110864118369
0.34276,-0.33837,0.0089782795068359,0.121586589664191,0.121888021894937,-0.0786269544328337,-0.362366256769384,2.81208928220564,13.5758774052571,0.68113,0.34276,0.0147832987861683,1.0024791560593205,2.812089279898542,38.176578922651146,0.0148566898814606,5.588161895254096,-0.044168106239093,-0.0095836839434414,0.1150129998872538,0.1147442807932139,0.2947271971784182,0.5194661863559785,0.0146750909668127,0.0147474102901745
3.0081,-2.5641,0.0179439274072266,0.371123454071549,0.371466486291605,-0.0504432296642783,13.7632608564217,8.09790414750528,20.7015152180121,5.5722000000000005,3.0081,0.1377326181619971,1.000924307305831,8.097904145325295,167.63888500934596,0.1379873504378311,15.000545686174531,5.112590150249756,-0.0187379692805899,0.3158805952906219,0.3156304432596556,1.3883173135711155,1.8828486318483095,0.1290373504188738,0.1292612200341276
0.40367,-0.35527,0.0126578726220703,0.0933153577152545,0.0941473626336136,0.094301053486262,1.19293790632244,4.28764002206767,7.43785037538282,0.75894,0.40367,0.0087077559855259,1.008916054525626,4.287640017513491,31.890824695697876,0.0088637258908651,8.061192347441446,0.1123119576659225,0.0088781954793029,0.0899753956904432,0.0892146924786895,0.3390902352417039,0.5647113548837145,0.0086700621395308,0.0088246736683425
0.84927,-0.8015,0.0312739312597656,0.182407114081001,0.185024776115469,0.0549180522016329,1.34088876075688,4.59003392859123,5.91626216028384,1.65077,0.84927,0.0332723552673593,1.0143506570246514,4.590033926110468,27.155843959311078,0.0342341677765794,8.921886213106996,0.2480976427547904,0.0101612003133047,0.1697636824828427,0.1675522878386605,0.6147909666227056,0.9748501638297312,0.0327308100501836,0.0336612183152928
0.49254,-0.36967,0.0193501731689453,0.136231210366965,0.137565656673412,0.0746914159286222,-0.0365244134684573,3.58039943915156,7.10927263918175,0.8622099999999999,0.49254,0.0185589426780482,1.0097954514378376,3.580399436548873,25.454035638557684,0.018924309895987,6.267625366846963,-0.0050245049233995,0.0102749736800878,0.1288905903296746,0.1277168298420977,0.4004793665955053,0.6217639544503559,0.0183888270554131,0.0187474726750946
0.1573,-0.22364,0.0116144862695313,0.0608196181833614,0.0619040877669434,-0.235145825638745,-0.153644755027187,2.54102767158452,5.32990322002781,0.38094,0.22364,0.0036990259559698,1.0178309156517458,3.612685489861213,19.255263890677323,0.0038321160822574,6.153713157340952,-0.0095112384001335,-0.0145564878283712,0.0600636059041441,0.059041834041049,0.2018300231819976,0.3227644267056191,0.0036922013837939,0.0038247922300285
0.45603,-0.36946,0.0173384482910156,0.138958600513396,0.140002449916316,0.0937226047388642,-0.223658764755962,3.25730014205168,8.0746816304699,0.8254900000000001,0.45603,0.0193094926566415,1.007511944552638,3.2573001397250825,26.301661470256164,0.0196006859825705,5.896253957725716,-0.0313127750110916,0.0131213942759795,0.1310304114534949,0.1301143365818138,0.3757135539578309,0.6018484441473043,0.019125430066202,0.0194110663153704
0.46584,-0.50089,0.0131037804931641,0.161322114971004,0.16181417245704,-0.0579188201664404,0.0404444862440827,2.87885784617336,12.3486632381743,0.96673,0.50089,0.0260248247787178,1.0030501545669632,3.095464334704271,38.2248463669562,0.0261838264079566,5.974322179098524,0.0065444910720363,-0.0093720859549206,0.1499827252082436,0.1495591103768133,0.406058265488871,0.6763722651148765,0.0256919421466249,0.0258468987388457
0.42495,-0.35611,0.0221319085009766,0.124357125823178,0.126281293137256,-0.12211332724025,0.0416977422772855,3.36510649711292,5.70584742529924,0.78106,0.42495,0.0154646947430017,1.015472914799162,3.3651064944481384,19.200784155653366,0.0159469649964175,6.185080782571275,0.0052656448156796,-0.0154206288731916,0.1189213148039136,0.1172114286074664,0.3541367253857271,0.5772086926788634,0.0153463350558006,0.0158211479871572
4.8962,-4.9588,0.0118048637207031,1.06924904317558,1.06905314290361,0.0862989017380427,4.11155557605149,4.57994070033004,90.5603968158252,9.855,4.9588,1.1432935163318931,0.99981678695604,4.638497190203064,420.0641426547734,1.1428746223520865,9.218437890104704,4.395471410800709,0.0922581121321843,0.7270910837422004,0.727185760381705,1.7848691185233008,2.3846258033302554,0.7623436722697755,0.7621482091112681
0.73558,-0.64024,0.0314699647265625,0.180245547952861,0.182928818757602,-0.0736234170567013,0.643493798859299,4.02112693339321,5.81280660296386,1.37582,0.73558,0.0324884575568271,1.014886751621483,4.021126931195027,23.374033115509786,0.0334629527320516,7.521067531032302,0.1177135605031735,-0.0134678447150806,0.1679934130740387,0.1657225083150187,0.551341651483177,0.8653426410548909,0.0319718666688468,0.0329152530840786
0.79649,-0.72306,0.0298650499267578,0.182459667764286,0.184843706784197,-0.0025593601003855,1.51775567559619,4.30899170903282,6.18929843537899,1.5195500000000002,0.79649,0.0332915303606536,1.0130661145436497,4.308991706701674,26.669635553477367,0.0341671959377222,8.22072888287176,0.280547585069953,-0.0004730816079508,0.1696108728793302,0.1675967332033611,0.5858347611768736,0.9240803141489848,0.0327493675149958,0.0335964612134503
4.6733,-4.8502,0.0170518772460937,1.03088133343681,1.03077067560694,0.0686869617906729,3.32762274023443,4.53379215240894,60.4491025082337,9.5235,4.8502,1.0627163236284556,0.9998926569661608,4.705411314377524,284.4378892457316,1.0624881856911874,9.239203466346613,3.4300159401164603,0.0708005060103599,0.708415364163595,0.708469853238312,1.7664758486935557,2.353610851597089,0.7240237179102312,0.7239131110605658
2.6146,-2.5877,0.0110041028955078,0.65538031759309,0.655312690832013,0.0368200303084807,1.13315342273726,3.9898510078912,59.5516687779729,5.202299999999999,2.6146,0.4295233606884195,0.9998968127982314,3.989851007282351,237.6022835361825,0.4294347227654935,7.938652908737462,0.7425698185794594,0.0241286331379667,0.5039899280412862,0.5040307815791493,1.2849811994194011,1.824920191001461,0.3573410745063876,0.3572790673552737
4.8386,-4.6783,0.0121360692724609,1.07719939807175,1.07700475675068,0.0876899604825897,3.64159501673345,4.49264496713834,88.7441174379756,9.5169,4.8386,1.1603585432061403,0.9998193079002824,4.492644966721202,398.6958092856426,1.1599392460635911,8.836451222210766,3.9220151551814975,0.0944425045590282,0.7309268350938949,0.7310205432093164,1.764491042073861,2.352983487077739,0.7702742001459537,0.7700800944780957
3.8345,-3.9213,0.0134213151660156,0.693535062114577,0.693495605792688,-0.157337760895099,7.93620708832461,5.52923474636446,51.6712108474065,7.7558,3.9213,0.4809908823822702,0.9999431082521436,5.654397759236538,292.16957669783733,0.4809361552537673,11.183632504803697,5.5037247424139,-0.1091130458060117,0.5267947985233935,0.5268180969967523,1.5935727232445176,2.169716337919618,0.3927113788739158,0.3926744251422311
0.63523,-0.52613,0.0139140346533203,0.19121559879287,0.191674600186994,-0.0025624930644998,-0.0171354028681812,3.31410629984506,13.7756305027783,1.16136,0.63523,0.0365634052217158,1.0024004385457128,3.3141062981160325,45.65390350548142,0.036739152356844,6.059018765455088,-0.0032844214938017,-0.0004911648336199,0.1753595449552756,0.1749742973261591,0.4917834672386032,0.7707376531921308,0.035910823450831,0.0360803569662427
0.36236,-0.40388,0.0133043116601563,0.122373754908771,0.123065138944767,0.0475262983186748,0.316852671820233,2.94445692018949,9.25001924852095,0.76624,0.40388,0.0149753358904719,1.0056497729921456,3.281839220553612,30.357075757164548,0.0151450284234948,6.2262961383505,0.0389935180825776,0.0058488305061181,0.1160616784772921,0.11544586652201,0.3392398318653734,0.5688529932879045,0.0148643125832116,0.0150314874329407
0.50381,-0.4648,0.0127352632861328,0.191106245973032,0.191483553783908,-0.0019498976929825,-0.645643455894252,2.63108757929444,15.0356965130365,0.96861,0.50381,0.036521597249905,1.001974334793494,2.6310875779203897,39.56023403085559,0.0366659513697147,5.058450088028163,-0.1236301034119552,-0.0003733733397673,0.1751992145104187,0.1748824937605284,0.4080018877601343,0.6773277099521801,0.0358704893866063,0.0360097475257353
1.3954,-1.2352,0.0234969169091797,0.276735096882886,0.277663510823954,0.091488137212704,4.14729785252671,5.02550729787724,11.8170188836765,2.6306000000000003,1.3954,0.0765823138467803,1.0033548828868837,5.025507296067324,59.38651438632777,0.077097025243084,9.474057254575536,1.1515532821652112,0.025402917377223,0.2450330277225258,0.2443061137795348,0.8735502315312693,1.2893979238741935,0.0737914992248856,0.0742694825502221
0.17774,-0.18483,0.0106739234082031,0.0655661548157098,0.0664135092875659,-0.156849739407139,-0.35374207735321,2.67626273489627,6.2220335248542,0.36257,0.18483,0.0042989206573176,1.0129236550922565,2.783018119422016,17.31603190316615,0.0044107542158896,5.45928085028859,-0.0234932527397002,-0.0104169416248683,0.0643011579262459,0.0635062586776827,0.1695993043801247,0.309372622382342,0.0042897066951983,0.0044010553486014
4.6604,-4.4029,0.0122201740869141,1.05766931066172,1.05748166912391,0.0763462977870116,3.38645262652295,4.40707402886802,86.5357286731549,9.0633,4.6604,1.118664370715638,0.9998225895032588,4.407074028451279,381.3693592838113,1.1182674805330906,8.57064501803761,3.581111575904538,0.0807348104152401,0.7214827442336088,0.7215739396910109,1.7334945610960792,2.3088951426900675,0.7507858763284464,0.7505985284089411
5.1119,-5.0097,0.0079529130224609,0.856137782087179,0.855965685238733,0.125320057360188,7.41689788033004,5.97208519939005,107.629202384243,10.1216,5.1119,0.7329719019171539,0.9997989845185826,5.9720851986923496,642.770758498894,0.7326772543062137,11.82477308771386,6.348610076482409,0.1072696687724706,0.6184051456363762,0.6184978676470012,1.810237690473828,2.4088891633640843,0.5498377970516264,0.5496677581363362
2.1934,-2.4727,0.0126437426953125,0.638608655443444,0.638577910424203,-0.0410777057990114,0.921570872860836,3.43481972081204,50.5054496767755,4.6661,2.4727,0.4078210148072834,0.9999518560874892,3.8721978309117873,195.56709117150984,0.4077817476817414,7.307017551185947,0.5884948022992815,-0.0262313155341528,0.4938287378732091,0.4938475009302545,1.2449323893801796,1.734501050387773,0.3420431294901159,0.3420152369719897
1.9299,-1.7121,0.0101163015576172,0.532116822061614,0.532083072335778,0.0551590305475858,0.18271412897071,3.62706520906215,52.596600576338,3.642,1.9299,0.2831483123209514,0.9999365744054116,3.6270652083804777,190.77129817959283,0.2831123958662808,6.844795838603917,0.0972190951018909,0.0293491864408224,0.4266282946105474,0.4266503230205732,1.074968292753712,1.5351453078522452,0.2493166770203295,0.2492886857452744
0.24888,-0.23511,0.0118287563671875,0.0833560759933568,0.0841710293933471,-0.0537975950657787,-0.0735365907605816,2.95683683321653,7.11579702722039,0.48399,0.24888,0.0069482354050102,1.009776771390697,2.95683682970364,21.040250569904217,0.0070847621891357,5.750078179075317,-0.0061896505423954,-0.004528198955573,0.0808156667652245,0.0800637006778188,0.2222471496662741,0.3947344061780102,0.006924207653497,0.0070597831723665
1.85,-1.8054,0.0145653007080078,0.565332718170415,0.565382326397572,0.0199464857324596,0.0509725621929209,3.27212209088244,38.8170720077706,3.6554,1.85,0.3196010822339498,1.000087750320393,3.2721220903036925,127.01419794796794,0.3196571750027306,6.465359507511415,0.0288189857950785,0.0112773905068739,0.4481300921738329,0.4480984008659655,1.0473189942805592,1.5380278361458215,0.2773294804946795,0.2773719869592405
0.38531,-0.33963,0.0186659512548828,0.131569419199932,0.132855099286351,-0.0063689190872625,-0.48581224367038,2.90022740617218,7.11751024484205,0.7249399999999999,0.38531,0.0173105120686074,1.0097718755107377,2.9002274039891702,20.642398165213653,0.0176504774063861,5.456621562502683,-0.0645426338673532,-0.0008461433776849,0.1247410826811727,0.1236055356898056,0.3259239413086413,0.5451922672696984,0.0171623920666519,0.0174965167429478
0.57369,-0.58391,0.0135017951416016,0.104920787051203,0.105760554301054,0.189654929284655,4.2532519451958,5.42442315843918,7.8330735425829,1.1576,0.58391,0.0110083715554438,1.0080038205264397,5.521056534799905,43.24684159043253,0.0111852948460661,10.945479688110105,0.449826283305944,0.0200580104470723,0.1005333826459593,0.0997736464736441,0.4598964735962019,0.7689964928433831,0.0109482204743223,0.0111232020243225
0.41348,-0.41139,0.0124700221191406,0.141800262243956,0.142313027511576,0.0307772696701088,-0.274958240203494,2.90542620889971,11.4124117946139,0.82487,0.41348,0.0201073143724546,1.0036161087373463,2.905426206858147,33.15792006892639,0.0202529977995105,5.796166477824996,-0.0391301396026143,0.0043800064252933,0.1330551783251193,0.1326061942239071,0.3460547487765564,0.6015087516205606,0.0199078319310512,0.0200506335984179
0.78919,-0.60311,0.0307296538037109,0.168716231680212,0.171451390918897,0.24712487454956,1.72517461334178,4.602995611586,5.57934664718522,1.3923,0.78919,0.0284651668323709,1.0162115945207222,4.602995608901284,25.681708048937637,0.0293955794480244,8.120669023015065,0.2957835870354185,0.0423699034721799,0.1582434850778773,0.1559059085233256,0.5817630034708408,0.8722552462843987,0.0280675616057644,0.0289718139277283
4.3645,-4.7292,0.0158086517041016,0.641163175010452,0.641201530576129,-0.808773096432641,16.358685065535,6.80675231089737,40.5601655712213,9.093699999999998,4.7292,0.4110902169894834,1.0000598216915226,7.375528244627224,299.1526449316187,0.4111394028131706,14.182280554463034,10.489213902233905,-0.5185865473214046,0.4954286141811994,0.4954052434901769,1.745575904923573,2.3119114668502894,0.3443626091608572,0.3443974651650228
0.22781,-0.20632,0.0123565101269531,0.0679123283596203,0.0690109823972545,-0.148305220870677,-0.067996994770938,3.30106878769868,5.58498974938899,0.43413,0.22781,0.0046120843432248,1.0161775330422878,3.301068782915286,18.436435192120907,0.0047625156914341,6.2907378549098505,-0.0046925394092034,-0.0102346889869272,0.066733905514228,0.0657056476175541,0.205232094627057,0.3605583935775318,0.0046014812712392,0.0047512107925417
0.55137,-0.45833,0.0102934418359375,0.115693581399705,0.11612245293248,0.128293181928704,2.11393889842535,4.74817734276243,11.2812074700866,1.0097,0.55137,0.0133850047770901,1.0037069596015238,4.748177338673506,53.56517318808606,0.013484424075056,8.695131506717157,0.2454757702345363,0.014897718980074,0.1098605827896806,0.1094762576199923,0.4391384115149691,0.6979854572001946,0.0132962170063344,0.0133943183409644
4.4813,-4.8494,0.0108465507714844,0.661702685512421,0.661630030693795,-0.501999228935388,14.9535915158524,6.77312061440265,60.9991180268314,9.3307,4.8494,0.4378504440143498,0.9998902000547892,7.329473836279621,447.091435559398,0.4377542975158721,14.102594449658566,9.893745213615896,-0.3321377652487821,0.5077990667757335,0.5078427908472255,1.766339091881144,2.3351200446304574,0.3631492511185295,0.3630823806636822
0.57244,-0.64254,0.0124686642480469,0.185762824404373,0.186135555426554,-0.052032727324218,0.165399338166959,3.07539308483099,14.9282675131549,1.21498,0.64254,0.0345078269306899,1.0020064882366828,3.452000334822304,51.53238406811776,0.0346464449939517,6.527393418001063,0.0307866976768913,-0.0096851406008517,0.1707005903566479,0.1703863011540256,0.4962438242003396,0.7952433741109617,0.0339257840817411,0.0340597693194298
0.41681,-0.44998,0.0146985382763672,0.148648003866795,0.149336823679566,-0.0079616804622137,-0.369479285272775,2.79107315751106,10.1599778747847,0.86679,0.44998,0.0220962290535827,1.0046338981647198,3.0131884997380767,30.613928302115596,0.0223014869067017,5.804261655380167,-0.0551768628780324,-0.0011889720713786,0.1391851009728957,0.138585601946493,0.371549763233909,0.6242203783189446,0.0218556449356411,0.0220564452517502
0.18629,-0.18817,0.0115547206152344,0.0626105940905389,0.0636528393407061,-0.0658568096650977,-0.182732801746655,2.92665656284192,5.50881682563425,0.37446,0.18817,0.0039200864923702,1.0166464663631112,2.956191768558638,16.285118839082454,0.0040516839561337,5.882848326802719,-0.0116314616718569,-0.0041919729251039,0.061709058863813,0.0607287049553983,0.1724143083460597,0.3180609267082553,0.0039124229745559,0.0040434979885463
0.48691,-0.44206,0.0173310496289063,0.147359881894536,0.14833980274258,0.0641062230955316,-0.221161334606682,3.28239616743293,8.55919323519595,0.92897,0.48691,0.0217149347919715,1.006649847535032,3.2823961652201654,28.094662909419,0.0220046970777075,6.26244596661514,-0.0328070287498409,0.0095095044885629,0.1383172495197385,0.137463548215412,0.3967001411002678,0.6569861817031235,0.0214825240986678,0.021766087737397
1.4808,-1.3024,0.0182829523925781,0.292678506804394,0.293177673392249,0.123591438996834,4.16138884648251,5.05086210305927,16.0355760435751,2.7832,1.4808,0.0856607083452497,1.0017055112557958,5.050862101336476,80.99348289621851,0.0859531481756922,9.49321947625586,1.2200263000921971,0.0362342505362918,0.2571025020992032,0.2567164275774429,0.9085810888041022,1.330570212347529,0.0821887494425966,0.0824580789381072
5.4662,-5.5497,0.0182393333349609,0.67836880139454,0.678448380243161,-0.572947314478631,24.0180593005737,8.05691362700412,37.1969944177027,11.015899999999998,5.5497,0.4601842307054649,1.0001173089747726,8.179988575096822,304.2709877413838,0.4602922046545687,16.236902200913395,16.295013429058415,-0.3887151774726962,0.5178697834608305,0.5178223701854986,1.879419247071521,2.4862307727501314,0.3785626131742373,0.3786365558692344
0.38886,-0.39533,0.0121779186572266,0.127541921031659,0.128090985165545,-0.0597496308665259,-0.016762458629533,3.0358108300708,10.5182986330372,0.7841899999999999,0.39533,0.0162669416204459,1.0043049691349657,3.0863217983720137,32.462854111701475,0.0164073004806798,6.122132626072773,-0.0021471198396535,-0.0076533890809709,0.1205268104307279,0.1200399722194019,0.3331309464374125,0.5789645307290089,0.0161360524621543,0.0162741551227282
4.2034,-5.1107,0.013652325078125,0.649059568102202,0.649044687690247,-0.675070612659281,16.8933487852327,6.47628750334376,47.5409634605174,9.3141,5.1107,0.421278322945017,0.9999770737345476,7.874188166303325,374.346489211144,0.4212590066189303,14.350475668649269,10.964538286353772,-0.4381509949623068,0.5001961430830668,0.5002051666983325,1.8100413329060676,2.333511891141199,0.3515566940775485,0.3515431031734741
2.0914,-2.15,0.0099837296923828,0.574930588885315,0.574876906719969,0.0317735182556949,0.755390511512556,3.63799619632095,57.5813773442381,4.2414000000000005,2.15,0.3305451820360151,0.999906628267178,3.739931060882401,215.35037953855348,0.33048345787992,7.377927256570519,0.4342565606239533,0.0182658618904443,0.4541771147598654,0.4542112007574548,1.1474024528375415,1.656588638220433,0.2855887695482495,0.2855423783481096
1.4428,-1.478,0.0205428184423828,0.272270244581919,0.272977831801188,-0.020624503953626,4.61781138362529,5.28541087193778,13.2882365955197,2.9208,1.478,0.074131086084698,1.0025988411627411,5.414359069768726,71.94728400831038,0.0745168966548776,10.699769939770292,1.260560139168876,-0.0056300323712358,0.2413589052847476,0.2408028987845849,0.9074517832069506,1.3662957146132009,0.071512042721266,0.0718711621092954
1.7015,-1.7319,0.0081636130322265,0.554103316104651,0.554028169199859,-0.0107605848749965,0.0170503987409325,3.07114348076804,67.8655598952063,3.4334,1.7319,0.3070304849181708,0.99986438087881,3.126014336398546,212.148710619712,0.3069472122669475,6.197157816612257,0.0094464011985664,-0.005961667137814,0.4408503786794016,0.4408987337153208,1.004997337817546,1.4891667840405198,0.2677577587145072,0.267694045354335
2.0325,-2.0146,0.0088676836474609,0.614436813367734,0.614350788512626,-0.0123628849650173,0.270191285139216,3.30837045870941,69.2797367313088,4.0471,2.0325,0.3775325976214956,0.999859993813485,3.3083704581708884,229.20303180432768,0.3774268913460853,6.587604468026274,0.1659922290745171,-0.0075951481265492,0.4789328873184946,0.4789861734839136,1.109387361836068,1.6188138209125786,0.3202939260999605,0.3202171872035191
0.9903,-0.88349,0.0096171150146484,0.183165440637798,0.1833730784904,0.151458722693359,5.06600647420412,5.40046558716548,19.0673687702698,1.87379,0.9903,0.0335495786440387,1.001133607692399,5.400465584220411,102.97266781091298,0.0336256859150463,10.218457444265743,0.9289692028271068,0.027773452244505,0.1683689017118448,0.1681934236019754,0.6882853811430377,1.0556317160936437,0.0329990705846722,0.0330727046614212
4.6007,-4.3403,0.0147593463330078,0.673387836499339,0.673385183191064,-0.0337839002421488,12.7451005033528,6.83219666075518,45.6243229203928,8.940999999999999,4.6007,0.4534511783452605,0.9999960596135974,6.832196659740571,311.7143445939446,0.4534476049412628,13.277690424226844,8.582361837238746,-0.022749577853468,0.5148486305262282,0.5148502161182354,1.7228915899292545,2.296667619230008,0.3739408514229209,0.3739383928550353
1.6007,-1.3195,0.0242564925634766,0.259996244984205,0.261062096019863,-0.0850624055011851,5.28442750442157,6.13149141297866,10.7625657475701,2.9202,1.6007,0.0675980474058867,1.0040994858803165,6.1314914106299865,65.99057919079127,0.0681534179782841,11.18584445387748,1.3795637205693092,-0.0222065698726309,0.2319542992436876,0.23110874078768,0.9557806395605674,1.3661426729090376,0.0654113095899153,0.0659313800137605
1.0629,-0.70387,0.0114091663085937,0.185778724392307,0.186083451986728,0.292842126991563,4.31992246101386,5.7119533663628,16.3099955731703,1.76677,1.0629,0.0345137344368327,1.00164027121649,5.711953363293227,93.16193330297946,0.0346270511032969,9.49450356916509,0.8038660838604604,0.0544930738777258,0.1706566623384746,0.1703997101435855,0.7241127598168253,1.0176805748345616,0.0339314945163283,0.0340410246820563
1.3625,-1.3946,0.0209446321191406,0.297104477144402,0.297769452505274,-0.152183842341356,3.83959945967056,4.57568762858866,14.2169817455591,2.7571000000000003,1.3946,0.0882710703392485,1.0022381866037142,4.683489148393925,66.58507943269214,0.0886666468452906,9.25917677544593,1.1433154289456484,-0.0453156994141345,0.2606469850216641,0.2601344550156161,0.8732162023006061,1.3236473832192406,0.0845902629345544,0.0849536876731432
0.52947,-0.465,0.0143889096679687,0.12306304097907,0.123871538277251,0.0179376913855365,1.55696212406976,4.27434750035101,8.60882034397657,0.99447,0.52947,0.0151445120550162,1.006569780748889,4.274347496900362,36.79708946251499,0.0153441579951724,8.028236453892578,0.1928632933479373,0.002221969425069,0.1167794551510011,0.1160598104042981,0.4249212701634352,0.6903783508864515,0.0150309787680747,0.0152276269382855
4.9112,-4.9955,0.0126431278027344,1.05785556829699,1.05767284016447,0.0999969167020395,3.82910828469651,4.64340182852413,83.6559478530084,9.9067,4.9955,1.1190584033769475,0.999827265424526,4.723105113251164,395.1158319706309,1.1186718368215764,9.366506941336263,4.049943834772259,0.105764022895936,0.7215756549810746,0.7216644543353758,1.7910091878373509,2.389377279296485,0.7509718406698865,0.75078940029047
2.6306,-2.3836,0.0053789848974609,0.587541200137906,0.587422367955307,0.0564330038857436,1.43029217785231,4.47820877021854,109.206918991832,5.0142,2.6306,0.3452046618594909,0.9997977464685864,4.478208769456194,489.051373305884,0.3450650383742201,8.535936444844236,0.8401856179819571,0.0331500087733945,0.462111548513567,0.4621864042907159,1.2893979238741935,1.794123339749992,0.2965461664291849,0.2964423675532699
0.51862,-0.55429,0.0140245091552734,0.196772744483172,0.197223968665811,-0.0169304797895196,-0.521359712933745,2.62959924956577,14.0628072242836,1.0729099999999998,0.55429,0.0387195129714397,1.0022931228793643,2.8104596184157447,39.52295156364061,0.0388972938162928,5.440058866648211,-0.1028246316872611,-0.0033390964155053,0.1800055173989131,0.1796285543183008,0.4410188497216229,0.7289534171710824,0.0379887170301567,0.0381598562361028
2.9973,-3.2469,0.0133465245703125,0.479540486431953,0.479609135796414,-0.387669747493408,12.2796454392389,6.2494639411379,35.9351330205646,6.2442,3.2469,0.2299590781273941,1.0001431563473555,6.769887721032206,243.2768140175308,0.2300249231393831,13.019351660867075,5.889430136999746,-0.1859299525697274,0.3917779554612995,0.3917315574258925,1.4461893050214285,1.9802011486958144,0.2069808990157468,0.2070344318939857
0.42933,-0.41827,0.0164487688964844,0.138786983967617,0.13972467115049,0.0489522971546859,-0.42539027656009,3.07268570729068,8.4945367054402,0.8475999999999999,0.42933,0.0192618269188275,1.006756304196481,3.072685705091572,26.10104136618131,0.0195229837281125,6.066215739956714,-0.0594375165029745,0.0068398436219995,0.1307867167019311,0.1299636467529997,0.3572058030081196,0.6138874995743132,0.0190786662003858,0.0193348548960731
1.9203,-2.0809,0.0132814985546875,0.577204861694089,0.577216746225899,-0.0011740097494068,0.299483881911931,3.32682655615205,43.4602122530954,4.0012,2.0809,0.3331654523632924,1.0000205896252727,3.605058261468241,156.6765960756679,0.3331791721236139,6.931884817043935,0.1728671118643061,-0.00067765808759,0.4556617406582844,0.4556542055007898,1.125221762093309,1.6096778836387076,0.2875561537968291,0.287566444859879
2.5787,-2.261,0.0120616463623047,0.666349900048127,0.666296379171838,0.011334865586723,0.688756455402058,3.8701996297881,55.2409148102834,4.839700000000001,2.5787,0.4440221892941488,0.999919680371713,3.870199629207249,213.793366275409,0.4439508648975017,7.263584420628349,0.4589159323656208,0.007552379898833,0.5106034265851283,0.5106355457311818,1.2749996059738729,1.7646794256576457,0.3674324068997648,0.3673830128124078
2.5424,-2.62,0.0123536442382813,0.662150676970983,0.662104257492412,0.0529238210749833,1.28777221367378,3.83987864634617,53.5958656993453,5.1624,2.62,0.438443519013131,0.999929895747028,3.957080731555813,212.08316576519695,0.4383820477895782,7.796959377322033,0.8526394653538377,0.035041087256513,0.5080844246056422,0.5081123523545599,1.2864740258376797,1.818466312056619,0.3635616394312748,0.363518903977119
0.46959,-0.41973,0.0107750879052734,0.109439808415379,0.109942375842242,0.17906489752489,1.01475024755598,4.27123751331172,10.2033855137678,0.88932,0.46959,0.0119770716659948,1.004592180246664,4.27123750942674,43.58108256472518,0.0120873260058367,8.088964717910066,0.1115640531028076,0.019686820263834,0.1043081003210444,0.1038552108286281,0.3849834503229548,0.6362169759724019,0.0119059141520855,0.0120148576620626
5.0472,-5.2876,0.0132148237451172,0.649889869828222,0.64986555959272,-0.754219064857215,23.5022851514114,7.7665294390476,49.1770130368059,10.3348,5.2876,0.4223568429053434,0.9999625931459668,8.136452103262972,400.1264081892199,0.4223252455447591,15.902981541115471,15.273325691629642,-0.490140994638932,0.5006938055581772,0.500708540126252,1.838579439871946,2.4278776393397776,0.352315244277654,0.3522930292394858
0.49901,-0.4625,0.01360327609375,0.146806980687409,0.147400186974577,-0.0578214393894389,0.0426885854996217,3.3854095455528,10.8356388533715,0.96151,0.49901,0.0215522895785532,1.0040407219328829,3.3854095432560496,36.68307493670306,0.0217268151201402,6.523126049450161,0.0062923054843244,-0.0085228909771424,0.137498676140629,0.1369815421095358,0.4048048902122849,0.673714584793654,0.0213233229801632,0.0214941518616509
0.58579,-0.51319,0.0105755625097656,0.171238478765381,0.171523005595133,0.0593296401843242,0.447042724868136,3.41522700099316,16.2188068423544,1.09898,0.58579,0.0293226166098818,1.00166158174049,3.4152269990020465,55.39090652813824,0.029420141448388,6.407187161548113,0.0766781117988208,0.010176398205293,0.1583046164981479,0.1580617178223328,0.4610827058708355,0.7414515124462692,0.0289009321156251,0.0289956742471492
1.3099,-1.055,0.0324958035693359,0.215216423101228,0.217603928636536,0.0735902811126765,3.06097725103898,6.01965234822542,6.69637013813913,2.3649,1.3099,0.0463181087724867,1.0110935094998568,6.0196523454590825,40.30982010258956,0.0473514697580546,10.867910399096257,0.6660806752931463,0.0160135342795854,0.1968849346612551,0.194922186939199,0.8372042335533711,1.2133982449730911,0.0452774386931952,0.0462645677799196
0.19109,-0.18066,0.0131230847705078,0.0630397844705023,0.0643761550828397,-0.173073907882257,-0.188616393210784,2.96833508857595,4.90556574224953,0.37175,0.19109,0.0039740144260873,1.021198843261319,2.968335083965026,14.561362811075517,0.0041442893432498,5.774653657773816,-0.0121423981805033,-0.0111418327346212,0.06238885765592,0.0611325252544696,0.1748688542687697,0.3160872969569477,0.0039661388888618,0.0041357254289087
4.887,-4.9237,0.009879488930664,0.722003983561255,0.721895297510655,-0.0914016044355047,17.2466948383603,6.76967978161385,73.0701054049495,9.8107,4.9237,0.5212897522783209,0.9998494659959508,6.820518178046832,498.3759772107444,0.521132820567997,13.590197958722923,12.450307901413584,-0.0659823884269198,0.5434256013176306,0.5434887193369254,1.7789612536647563,2.380536384411226,0.4195584963032909,0.4194553339668925
4.6766,-4.1959,0.0138357880224609,0.698560079019847,0.698526548190197,0.0310798816163991,15.3286847819158,6.69494955076015,50.4869362739739,8.872499999999999,4.6766,0.4879861840002148,0.9999519999343618,6.694949549801714,338.007488883705,0.4879393385265116,12.701736278624578,10.707493269007246,0.0217101224236632,0.5297611388703238,0.5297808798032647,1.7363524619563164,2.289753114178667,0.3974236514217025,0.3973921684606187
4.0761,-4.1512,0.0166459582714844,1.1155751045782,1.11542692815371,0.0412821616214317,2.47535576448834,3.65429585490365,67.0088744644102,8.2273,4.1512,1.244507813954662,0.9998671747658504,3.7216243349073848,249.3818563857082,1.2441772320504216,7.375920189483407,2.761078476470808,0.0460472347249385,0.7492566494108791,0.7493266925937491,1.6392296972418368,2.222166481344128,0.8084862606125656,0.8083389649562875
0.45186,-0.43225,0.0101246063818359,0.135411148708635,0.135756155059289,-0.0619300660532406,0.269563151491711,3.32846786801422,13.4085365829967,0.88411,0.45186,0.018336179194592,1.0025478422839582,3.328467865562424,44.629882732791806,0.0184297336364817,6.51248555885096,0.0365948569921793,-0.0084073876499557,0.1272986450213296,0.126994830896553,0.3728454930212371,0.6334555608616407,0.0181700985779846,0.0182619642571636
0.44477,-0.40096,0.0102179287548828,0.135473889254824,0.13582569428057,-0.0246389318045798,-0.0457589357051131,3.2745645244504,13.2928793632137,0.84573,0.44477,0.0183531746698283,1.0025968467239068,3.2745645220395407,43.52839076457844,0.0184486192267988,6.226583297489715,-0.0062152392116869,-0.0033466000186886,0.1273598703928239,0.1270500873671854,0.3679501393454052,0.6128748631947877,0.0181867878931267,0.0182805079176538
0.213,-0.21571,0.0096583512939453,0.0661505134488356,0.0668358998893038,-0.165316365763027,-0.0764768735150834,3.18691003416994,6.92001127886105,0.42871,0.21571,0.0043758904295445,1.010361013145608,3.2274571006677784,22.33403934083677,0.004467037514013,6.41436713006946,-0.005111400662101,-0.0110490680722012,0.0646971646992381,0.0640545103815442,0.1953282682593609,0.3567719392345366,0.0043663440601314,0.0044570899151339
0.79316,-0.71075,0.0111521304443359,0.139776945630899,0.140187106048565,-0.08269815912213,4.34640912063269,5.65786699188458,12.5704327750008,1.50391,0.79316,0.0195375945299033,1.0029343917591076,5.657866987848647,71.12183603363944,0.0196524247022716,10.72787677353303,0.609310516324585,-0.0115932156028751,0.1311923770516352,0.1308325815348695,0.5839794265591649,0.9178535100998924,0.019349185810953,0.0194618091284533
0.43601,-0.38156,0.0192735619921875,0.134024478945931,0.135370825390399,0.0005692586306917,0.0434717401653573,3.22085647880613,7.02365372032794,0.81757,0.43601,0.0179625609567283,1.0100455256685354,3.2208564764268464,22.62218047263488,0.0183252603668778,6.039484482998777,0.0058848053473413,7.706101069734375e-05,0.1269593159781679,0.1257727914446511,0.3618684343900862,0.5975004441267914,0.0178031403957794,0.0181593762973913
0.26306,-0.19088,0.0170259819726562,0.0675655470964043,0.0696617410225657,-0.161834902717816,-0.0565526716779985,3.77624785339181,4.09149622820244,0.45394,0.26306,0.0045651031544364,1.0310245963089448,3.776247847970977,15.450503758163558,0.004852758162295,6.516345883478846,-0.0039395575685669,-0.0112737010815406,0.0673424686087763,0.0653808666678192,0.233537348178225,0.3742771127853315,0.0045547146753517,0.0048410214862557
0.17586,-0.21154,0.0114627303857422,0.0618474138497561,0.0628858415060207,-0.305881155613083,0.133931117033916,2.79649593276355,5.4861136387052,0.3873999999999999,0.21154,0.003825102599903,1.0167901532165629,3.3638732439218426,18.454590750704806,0.0039546290619203,6.16036917223845,0.0084223709985191,-0.0192355938715627,0.0609877008421104,0.0600102343894847,0.1918922776505689,0.3274314919690638,0.0038178054971448,0.0039468300710604
0.18775,-0.18254,0.0124324731542969,0.0639821263515744,0.065163486694223,-0.176918061964108,-0.231575790623308,2.88121476496507,5.24139371832879,0.37029,0.18775,0.0040937124924688,1.0184639102850503,2.88121476054355,15.101580848775203,0.0042462799981481,5.682476770608102,-0.0150902859509861,-0.0115285977767658,0.0631282960132171,0.0620185922366021,0.1720607610848936,0.3150223962713475,0.0040853560496364,0.0042372899916416
4.1704,-4.0231,0.008953224086914,1.00945205884583,1.00924529423212,0.0613347826249614,3.67910232607006,4.1321966263643,112.724230337004,8.1935,4.1704,1.0189934591080851,0.9997951713388687,4.132196625954855,465.798679105505,1.0185760639296784,8.11844260856539,3.713116709584655,0.0619018407369922,0.6977591760559984,0.6978620773674068,1.6429500549665486,2.218496712611759,0.7025990996563517,0.702392343994307
4.7835,-4.8427,0.0160194054541016,1.09980332119976,1.09965147097515,0.0650503079010103,3.20911556031476,4.35001464214666,68.6449615203162,9.6262,4.8427,1.2095673453220224,0.9998619295635236,4.403849880967468,302.3021037606528,1.209233357617811,8.753864522718533,3.528908646429368,0.0715326667707323,0.7417713647531535,0.7418436837717839,1.7651930187662437,2.363322649609577,0.7927967250164486,0.7926455583414613
0.44852,-0.37697,0.0170266120166016,0.143918893277643,0.144887679812489,-0.0448215530984179,0.0171174449921097,3.09563932958597,8.50948384042687,0.8254900000000001,0.44852,0.0207126478422615,1.0067314750142211,3.0956393274493896,26.342292696189148,0.0209924397614463,5.697447847177823,0.0024801068892246,-0.006494090834022,0.1353065359608187,0.1344599929596829,0.370542345518899,0.6018484441473043,0.0205010576920363,0.0207751344160793
2.842,-2.8587,0.0077905270751953,0.657809092124943,0.657694616403886,0.0283986477743996,1.92011023643141,4.32115442200115,84.4223516657757,5.700699999999999,2.8587,0.4327128016822417,0.9998259740973332,4.346546145072648,366.9456425364867,0.4325622084466548,8.667700566416778,1.262846165402931,0.0186776377543728,0.5054278518134924,0.505496906612501,1.350330339186304,1.902211998551455,0.3595697112316645,0.3594645951536662
0.56243,-0.48941,0.0106592442822266,0.187998072952925,0.188254183124767,0.0621100490521935,-0.394848656627017,2.98760957480156,17.6611191319319,1.05184,0.56243,0.0353432754340133,1.0013623015793884,2.987609573214551,52.764528125258586,0.0354396374639733,5.587339319541974,-0.0743319113112307,0.0116924765481598,0.1724851569137523,0.1722695988456401,0.4462423016248695,0.7187369515589417,0.034733038813966,0.0348261070244765
0.59706,-0.50109,0.0229315642089844,0.148541258893999,0.150265060963994,0.0174254669134039,0.153780654362233,3.97337874932261,6.55276105871232,1.09815,0.59706,0.022064505593814,1.0116048697962403,3.973378746678362,26.03660142653577,0.0225795885465128,7.30808607286511,0.0231078594028238,0.0026184388480686,0.1399924036117051,0.1384926666584841,0.4681644389717075,0.7410560040818298,0.0218246068091049,0.0223284431149648
0.49692,-0.42787,0.018134249296875,0.15028973857568,0.151343409857905,0.0077132541593497,-0.0567543034796656,3.28339371014935,8.34572236105662,0.92479,0.49692,0.0225870055211462,1.007010932293247,3.283393707979848,27.40229215583812,0.0229048277074178,6.110540262421886,-0.0085893898127229,0.0011673501855766,0.1409294430660559,0.1400138572294949,0.4034096637957513,0.6548168708798107,0.0223356962890143,0.0226464500976252
4.7067,-4.6633,0.0163561273632813,0.581796572273572,0.581884436493472,-0.580049322806974,22.470926665753,8.08871952025959,35.5759296543371,9.37,4.7067,0.3384872515092776,1.000151022065224,8.088719518869501,287.76371488705433,0.3385894974333254,16.10285378116456,13.07548250038782,-0.3375216733399561,0.4586168176845061,0.4585612721224351,1.7416409231499224,2.338917022241436,0.2915400594721558,0.2916164457200569
3.1459,-3.0774,0.0149765127978516,0.409486659531681,0.409660524825023,-0.12952258042135,18.2531064058216,7.67928518703064,27.3535321843274,6.2233,3.1459,0.1676793243344148,1.0004245930587785,7.679285185156099,210.05557311350387,0.1678217455999133,15.191358750367764,7.477577149895866,-0.0530602882721015,0.3433489128666801,0.3432255668459208,1.4221198940893234,1.9773119121948448,0.1550182956264378,0.1551402576906033
1.3414,-1.2396,0.020739955390625,0.277151044455552,0.277858490945539,-0.139542907550153,3.49973268984653,4.82763724597828,13.3972559589563,2.581,1.3414,0.0768127014428033,1.0025525662049064,4.827637244240825,64.67709154951406,0.0772053409905321,9.288900944822998,0.9724304439135288,-0.0387731817140383,0.2451856228649885,0.2446318507570853,0.850749041063435,1.2756420910162956,0.0740054753837105,0.0743700401592534
4.387,-4.7217,0.0150868935351563,0.608019957152556,0.608058690261543,-0.774092104862259,16.5136161167874,7.21476408488304,40.3037702125102,9.1087,4.7217,0.369688268295796,1.000063703515855,7.765204370638211,312.9670105844213,0.3697353708025831,14.979968454334722,10.041247787455656,-0.4706934314243462,0.4750276690095753,0.4750035818442816,1.7442659640329068,2.313396439205696,0.3145831725586339,0.3146175611841239
0.60707,-0.59184,0.0141228699560547,0.166635785231408,0.167192649459352,-0.0388626311628113,0.828220148915805,3.63096106176362,11.8384329799535,1.19891,0.60707,0.0277674849196879,1.0033418039638753,3.630961059591888,42.98488887814551,0.0279533820332377,7.170829597831076,0.1384723210328524,-0.0064975462690719,0.1546014206220921,0.1541242096752766,0.4744126452341959,0.7879617830406567,0.0273889594652312,0.0275698177880171
0.41744,-0.41577,0.0113494810449219,0.110383227497297,0.110938353110442,0.130539960538967,1.60732301784755,3.76281050057078,9.77475116891618,0.83321,0.41744,0.01218445691272,1.0050290748443254,3.762810497178975,36.78053601479176,0.0123073181908571,7.510567589005591,0.1783137685165127,0.014481888237295,0.1052050213686136,0.1047052057367413,0.3488524276815851,0.6060685285801314,0.0121108239327753,0.0122321988672638
0.51737,-0.50193,0.0134561340478516,0.178656646452027,0.179119177665912,0.0084052008613509,-0.247358869233419,2.88841209937321,13.3113401686505,1.0193,0.51737,0.0319181973214845,1.0025889387426197,2.888412097760646,38.44863571626945,0.0320836798077125,5.690624603760222,-0.0443067172454598,0.0015055326664019,0.1647677001327224,0.1643753547578254,0.4169785730660553,0.70275091670264,0.0314193977562906,0.0315797488571459
2.3999,-2.4763,0.0162088275244141,0.601071957460329,0.601143755040135,0.0142001404137331,1.27457642428741,3.99222312446675,37.0874299288261,4.876200000000001,2.4763,0.3612874980451916,1.00011944905914,4.11931418870473,152.77477541127905,0.3613738142237537,8.111537312507373,0.7662036577817619,0.0085363257304086,0.4707182207644731,0.4706733783264464,1.245968509777953,1.770910294492094,0.3084309416589549,0.3084943473996558
0.49776,-0.46187,0.0169329899804688,0.143658565963225,0.144618230806243,-0.0243231035528192,-0.228294868837965,3.44188970660891,8.5406198771187,0.95963,0.49776,0.0206377835746102,1.0066801776553698,3.441889704228931,29.395871469513036,0.0209144326815277,6.635608760987642,-0.0330156000334897,-0.0035175642035257,0.1350711585317932,0.1342323920848009,0.4039706586412975,0.6727556799118825,0.0204277099056565,0.0206987283066634
0.43809,-0.52258,0.0096626400683593,0.114133817699616,0.114514341225182,-0.284979891285105,1.91732674436933,3.82563437306543,11.851247735095,0.96067,0.52258,0.0130265283426891,1.0033340111888145,4.563445887673139,54.08252722803537,0.0131135343462374,8.389080257397824,0.2195614090448767,-0.0326342845129377,0.1084187416167002,0.1080772578991022,0.4204062643774601,0.6732862515642546,0.0129424128236385,0.0130282963271573
0.38469,-0.35465,0.0143789484228516,0.123778614425878,0.124580971736919,-0.0477572257291174,-0.0862774970127611,3.08787124258718,8.66412258207496,0.73934,0.38469,0.0153211453891901,1.0064821957663233,3.087871240108587,26.753694777377863,0.015520418518915,5.934614163773123,-0.0107485344168789,-0.0059496415887928,0.1174104967051816,0.1166967698173301,0.3254762878715628,0.5535057309252448,0.0152049618482335,0.0154012086987076
0.43413,-0.44873,0.0130808352392578,0.139233603883817,0.139812870947038,-0.0902146023538376,0.0617957931685265,3.10507893199942,10.688374892716,0.88286,0.44873,0.0193859964504756,1.0041603962452077,3.2095042226050223,34.30438411324431,0.0195476388824531,6.314583152383549,0.008639847255341,-0.0126131625564354,0.1308641006405267,0.1303557590317949,0.3706873105722204,0.6327918974685793,0.0192004817787101,0.0193590376331185
0.41973,-0.39178,0.0120993894482422,0.138079449805462,0.138574962187581,-0.0428862370953664,-0.134780988286499,3.02890214346106,11.4530541214799,0.81151,0.41973,0.019065934458579,1.0035886026664955,3.028902141275314,34.69017989101594,0.0192030201452895,5.856108395078574,-0.0186772703554063,-0.005942958683858,0.1297774472944494,0.1293421485619469,0.3504667126890367,0.5941607516248131,0.0188864572096991,0.0190209690822441
0.57661,-0.52863,0.0110018411669922,0.174597005429566,0.174900743259135,0.0612140086571707,-0.134892412055223,3.29678416029192,15.8974066798813,1.10524,0.57661,0.0304841143049718,1.0017396502800706,3.296784158406973,52.41031805557396,0.0305902699925978,6.319241295221595,-0.023592783128476,0.0107063756120102,0.1611836702059952,0.1609251146645561,0.455276972386463,0.7444294748869954,0.0300287057079375,0.0301317157579664
5.0472,-5.0422,0.0176279287255859,0.969242076982901,0.969165745118494,0.0951722306051442,5.55552055699077,5.20777795276175,54.9789915880363,10.0894,5.0472,0.9394302037941278,0.9999212457174406,5.207777952224397,286.3183786330182,0.9392822415110856,10.41039682817658,5.38422022013707,0.0922376657890237,0.6776099734217912,0.677648736225373,1.79959535499583,2.405989697103356,0.6623942205497177,0.6623179260137343
0.78439,-0.80046,0.0337493788476562,0.173241912876993,0.176457151404326,0.0093375651143612,1.30563035015841,4.44521513442481,5.22845626880568,1.58485,0.80046,0.0300127603772796,1.0185592410755704,4.53628539946354,23.71776977708177,0.0311371262817292,8.981500531369203,0.2303878123759857,0.0016476801411325,0.1625075081262283,0.1597707827446984,0.5880421878089158,0.9496674791974526,0.0295711908806103,0.0306621993737382
0.62021,-0.59101,0.0129911146972656,0.192229740652199,0.192621388091107,0.0519130413430361,0.2206958781226,3.21983973922278,14.827163994761,1.21122,0.62021,0.0369522731912116,1.0020373920152803,3.219839737551191,47.74109148281434,0.0371029991501448,6.2880867559645175,0.0425107463899609,0.0099995620835266,0.176153731548326,0.1758252855185437,0.4825557704727279,0.7935443994128273,0.0362859042646424,0.0364312484714324
4.8811,-4.9408,0.0102859837548828,1.14692025319303,1.1466863436711,0.113220906438182,3.6592920315068,4.25670021007944,111.480473914492,9.8219,4.9408,1.315426067184364,0.9997960541534964,4.308763269780665,480.3429666725154,1.3148895707617958,8.56546347948889,4.196060200033324,0.1298288672307266,0.7639254177125552,0.7640343748407339,1.7818438044406786,2.381571858741702,0.8395937169036962,0.8393619847856642
1.2014,-0.86638,0.0128468962109375,0.170477799291679,0.17091966543334,0.603917143552968,8.89168779384154,7.02903318324453,13.3043548127853,2.06778,1.2014,0.0290626800513339,1.0025919271790094,7.029033179132052,93.51675073279456,0.0292135320318448,12.09796423101854,1.519764302861109,0.1032213161255316,0.1577894788748478,0.1574120409100735,0.7890935216071543,1.1209541729808077,0.0286483685549048,0.0287949494461335
4.2459,-5.0464,0.0177610177636719,0.631752299556137,0.631847721641954,-0.959008868855346,18.7828182890737,6.71981532032176,35.5749726760775,9.2923,5.0464,0.399110967994467,1.0001510433533347,7.98673450319244,284.1278601673964,0.3992315433441282,14.70654982245068,11.86788094196604,-0.6059475688206778,0.4897129443710399,0.4896544677898262,1.7994630536130876,2.331396042848157,0.3358370120477017,0.3359231883104338
0.39929,-0.32961,0.0088602246435546,0.120428385956621,0.120724555015809,0.0098552115660581,-0.0542660303539324,3.30744644242186,13.6254508065582,0.7289,0.39929,0.0145029961441168,1.0024592952615736,3.3074464396822,45.065448287918976,0.014574418183765,6.037711212112389,-0.0065512423669528,0.001189766030899,0.1139754002630563,0.1137110996385897,0.3359649651236367,0.5474853681285933,0.0143988336003342,0.0144692321363126
0.3753,-0.26891,0.0101920039355469,0.0931210087006124,0.0936544983645342,0.16754321520555,0.200514509686515,4.00728215466179,9.18901709190803,0.64421,0.3753,0.0086715222614195,1.0057289925312567,4.007282150383001,36.82298384999232,0.0087711650639125,6.878580426587351,0.018779085819501,0.0156911757744569,0.0895248390964451,0.0890369155096094,0.318671889138525,0.4972600257025607,0.0086341405609749,0.0087329218579109
0.94336,-0.92229,0.0097488543115234,0.154530540078196,0.154800090353427,0.0944565845495637,8.33438274965388,6.09405329057751,15.8787982061081,1.86565,0.94336,0.0238796878168589,1.0017443165274655,6.0940532866408,96.76624146575868,0.0239630679734291,12.051995541703494,1.290163202686464,0.0146218878227485,0.1439272470482636,0.143693802540229,0.6644184337270734,1.052795200524965,0.0235990273481985,0.0236804595347085
0.36132,-0.38928,0.01153678875,0.101293612570354,0.101923910262786,-0.0834804070426215,0.73815291114452,3.54499743061688,8.83468636476381,0.7505999999999999,0.38928,0.0102603959475529,1.0062224811201397,3.819319712267753,33.74249152527395,0.0103884834832564,7.364317139406532,0.0752354310757082,-0.008508649516113,0.0970576613984024,0.0964855002721451,0.328785627330198,0.5599585863162005,0.0102081153937325,0.0103348940114121
0.43872,-0.40075,0.0078969480517578,0.135678349091451,0.135874896943688,-0.0413855324733249,-0.356780549842512,3.22885249496691,17.2060011099406,0.8394699999999999,0.43872,0.0184086144121816,1.0014486301860857,3.228852492590576,55.55563890872758,0.0184619876194578,6.178256751356243,-0.0484775204413636,-0.0056232549597726,0.127403188304802,0.1272301368008845,0.3637538294030251,0.6094774866501427,0.0182412269960834,0.0182936340633121
1.4672,-1.2058,0.0223840808935547,0.284019274557596,0.284830839691409,0.208270804215162,3.77597449843057,5.15112760117406,12.7247056086821,2.673,1.4672,0.0806669483202231,1.002857429429011,5.15112759936557,65.54658198486985,0.0811286072393131,9.384517498026288,1.0755139870413262,0.0593219480478096,0.2506270674180849,0.249995216492792,0.9030839043868734,1.3010087668375303,0.0775783952747883,0.0780055021997894
5.5472,-5.5914,0.0150395322265625,0.743168443288486,0.743139182939312,-0.560720765812619,18.3096341738847,7.46455055439192,49.4123867514174,11.1386,5.5914,0.5522993350998315,0.9999606274332096,7.524027971627241,371.7801776405367,0.5522558452197083,14.9885785250147,13.60660657989838,-0.416693571763095,0.5556876158680926,0.5557044017357277,1.8857657690471763,2.496390457729286,0.439737273717908,0.439709256899008
4.9617,-4.9154,0.0102694299316406,1.19724727686934,1.19699899762265,0.0698915896472715,2.72953208011652,4.14511625310829,116.559439578495,9.8771,4.9617,1.4334010419710503,0.9997926248391072,4.1451162527620165,483.1524227452515,1.432806600309629,8.251552439719392,3.2672471638783414,0.0836601627500375,0.7870923371541443,0.7872053391260162,1.7853556753048472,2.386659661780953,0.8892898845666696,0.8890455704279907
0.67091,-0.66465,0.0088503517480468,0.10989726507935,0.110226314579071,-0.202070185987226,5.87249985665244,6.08665909372051,12.4544557907991,1.33556,0.67091,0.0120774088719209,1.0029941545786785,6.086659088198544,75.80602573987659,0.0121498404256843,12.11652593020591,0.6473040165649212,-0.0222734518876793,0.1045638815502835,0.104267457058291,0.5133683881986634,0.8482516910603469,0.0120050589201469,0.0120766235666751
0.42829,-0.37968,0.0136859708935547,0.131249504057772,0.131929249110295,-0.0566376453680432,0.0077199257495732,3.24636123443667,9.63974351081122,0.8079700000000001,0.42829,0.0172264323154111,1.0051790287276503,3.246361231975985,31.29408941475178,0.0174053267708062,6.124267399658261,0.0010184840073284,-0.0074721620247811,0.1239234770417772,0.1233227776299332,0.3564779245316835,0.5922046689119668,0.0170797395953107,0.0172555890629672
2.2107,-2.4204,0.0117052348535156,0.546545907814001,0.546537817715128,-0.0224943687976587,1.8264931091156,4.04491679869861,46.6917430153891,4.6311,2.4204,0.2987124293482305,0.9999851975858643,4.428604793856598,206.7792752227538,0.2987035861928144,8.47352159181511,0.9982475579277592,-0.0122940232335516,0.43601876658802,0.4360239976775028,1.229757503299663,1.7283048049498158,0.2613733346958176,0.2613665255013234
4.2076,-4.1112,0.0113321091455078,0.922174994480632,0.922019468062672,0.092855492541794,4.59877740614346,4.56346112608763,81.3634475474649,8.3188,4.2076,0.8504067204453537,0.9998313481509756,4.563461125592689,371.2989266908056,0.8501198994865726,9.022369144305651,4.240162297751028,0.0856145718400823,0.6533764395616679,0.6534573545203466,1.650119097041105,2.232033865043009,0.6154054638163882,0.6152504475234041
4.6558,-4.8198,0.008664570102539,1.07708194093845,1.07685380832472,0.0631244201364476,3.67937051319748,4.32352094964783,124.282427815912,9.4756,4.8198,1.1601055074957387,0.999788193725066,4.475816459293266,556.2653296510475,1.159614124503453,8.799337408539623,3.962144149374386,0.0679757722222232,0.7308541564392601,0.7309639956990511,1.7612658968917132,2.3490487434040856,0.7701570665659856,0.7699295596737488
2.6828,-2.4393,0.0108069741357422,0.643722627488792,0.643656180287492,0.0630760960135747,1.62032517306714,4.16806376162149,59.5593338341313,5.1221,2.6828,0.4143788211410741,0.9998967765020956,4.168063760973923,248.2470987232581,0.4142932784222844,7.957819960520549,1.0429323117200648,0.0405993190275445,0.4969231386838212,0.4969635643269822,1.3036733324315537,1.8119051749210129,0.346690439048378,0.3466299564503214
0.18984,-0.22468,0.0107609829248047,0.0664234138883052,0.0672734296366183,-0.129149214209669,-0.203689223263081,2.82191648360182,6.25160639197272,0.41452,0.22468,0.004412069912577,1.012796928029968,3.339802963512385,20.8791333916334,0.004525714335073,6.161719442919504,-0.0137028726289263,-0.0086883105747587,0.0651071996935951,0.0643104456506206,0.2026795853818343,0.3467902509313537,0.0044023652667004,0.0045155040841474
0.78711,-0.82633,0.0288350094580078,0.206220567331136,0.208176884072165,0.0060094544083841,0.636231585292798,3.78096734182623,7.21958785466434,1.61344,0.82633,0.0425269223903755,1.00948652535195,3.9693648182216728,28.65717794674769,0.0433376150619956,7.75033215823167,0.1324487089745485,0.0012510294937111,0.1891125160052625,0.1874919732333795,0.6023084887359285,0.9606673611877738,0.0416474991922568,0.0424248197688177
0.47877,-0.43788,0.0158696763134766,0.139226479683581,0.140094234076399,-0.0490775552696111,0.134149908820856,3.41748540299602,8.82779404627366,0.91665,0.47877,0.0193840126450825,1.0062326814135276,3.417485400556592,30.16885710369156,0.0196263944214528,6.543095833949913,0.0187936287276765,-0.0068754825158383,0.1311109204606584,0.1303495055097013,0.3912106611556002,0.650578870451168,0.0191985356980986,0.0194362802203157
0.38406,-0.37029,0.0169040839648438,0.134259475309549,0.135286929151745,0.0632650570253775,-0.355088044962305,2.83885518289219,8.00320972334899,0.7543500000000001,0.38406,0.0180256067103953,1.0076527465868748,2.838855180793796,22.71995326849724,0.0183025531993092,5.575926692787064,-0.048038771181447,0.0085589352875733,0.1268854199993271,0.1259799933375339,0.3250212088569371,0.5620984179434134,0.0178650717514606,0.0181370775077761
0.1986,-0.19735,0.0150258392822266,0.0645632335299434,0.0662733099594644,-0.235084675777698,-0.0531060164432553,2.99668147134151,4.41062284207022,0.39595,0.1986,0.004168411123842,1.026486844499187,2.9966814668198127,13.217231659944078,0.0043921516129832,5.974501645454708,-0.0035195114884562,-0.0155798395845355,0.0641696812114857,0.0625646056819896,0.1811542090419478,0.3335751870798391,0.0041597473659185,0.0043825342653703
0.49254,-0.5424,0.0189651336132813,0.152192686876724,0.153332906975766,-0.0276177278654253,0.290198568964844,3.21222632319783,8.08498954462348,1.03494,0.5424,0.0231626139387565,1.0074919499858517,3.537401138113069,28.5998510846331,0.0235109803616389,6.749627459215964,0.0444969901795868,-0.0042347064976712,0.1426559307272635,0.1416668112006408,0.4333396448741441,0.7104663344304117,0.0228984322439179,0.0232388543094751
1.3291,-0.96672,0.0302807836425781,0.225108661515156,0.227081686243708,0.14366355619585,3.48514259769772,5.8529598841079,7.49920110800588,2.29582,1.3291,0.050673909489145,1.008764765488789,5.852959881530432,43.89252310306419,0.0515660922272858,10.11010635408562,0.7914120578849752,0.0326233625927213,0.2046387374685792,0.2030295433404655,0.8454819268632247,1.192654998905469,0.0494317768530758,0.0502805693705587
0.55095,-0.33942,0.0186828323681641,0.124581204814121,0.125944219639186,-0.0067187303474048,0.0841237941372985,4.37455566899697,6.74117377693746,0.8903700000000001,0.55095,0.0155204765929379,1.0109407733373954,4.374555665523558,29.48963980375188,0.0158619464605235,7.06955826828607,0.0105949056057095,-0.00084618525057,0.1186219899817103,0.1174107039620921,0.4388676464084901,0.6367725771074213,0.015401265885171,0.0157374604558502
1.4155,-1.3195,0.0177681902832031,0.285175464744566,0.285658965872336,0.0861110773907441,4.32450247429853,4.95520942490775,16.076987094312,2.735,1.4155,0.0813250456922792,1.0016954510025382,4.955209423173088,79.6648375254985,0.0816010447832524,9.574353777731115,1.2353329047204764,0.0245984013175926,0.2512714008114991,0.2508952574646445,0.8819063050123244,1.3177478185847806,0.0781871832760429,0.0784423922669433
4.516,-4.6474,0.0112846844677734,1.01035748990492,1.01017382323174,0.0312849719180867,3.86244463516075,4.47051774273111,89.5172413651946,9.1634,4.6474,1.0208222574069703,0.999818216052242,4.600594365702346,411.8325126492204,1.0204511531426308,9.071112107990892,3.9017404641212585,0.0316032596921912,0.6982211975516435,0.6983125619306286,1.7311952622532736,2.318793031838254,0.7035044867096942,0.7033208296156636
2.0458,-2.0358,0.0147117865527344,0.309290453311763,0.309564713595702,-0.144138499238937,10.124045868287,6.60863435059288,21.0419524838854,4.0816,2.0458,0.0956605845097958,1.0008867398942114,6.608634348458055,139.0585690433295,0.095830311903589,13.184965273568482,3.134047359646015,-0.0446201932350158,0.2696948022979919,0.2694853517805236,1.1137635924354534,1.625626172630625,0.0913574548970707,0.0915123516337263
0.57849,-0.54532,0.0102739964208984,0.160299645316003,0.160589490401679,0.103974628757413,0.127445493015858,3.60229052693944,15.6306741624926,1.12381,0.57849,0.0256959762884363,1.0018081448959155,3.60229052469627,56.30622891717842,0.0257889844274709,6.998029550310145,0.0204664067774073,0.0166972326468567,0.1489280574186021,0.1486782866883055,0.4564686938675559,0.7532116455178168,0.0253713834303254,0.0254620573966273
0.91186,-0.60352,0.0305995840087891,0.175170283359513,0.177780707573019,0.0599712783209769,1.49562001908886,5.1291279714672,5.80990602754452,1.51538,0.91186,0.030684628172252,1.0149022086506432,5.129127968582099,29.79975142008832,0.0316059799851633,8.5238720209571,0.2658923852539897,0.0106617362939617,0.1636319113407053,0.1614130591040387,0.6480765901910437,0.9224238855776022,0.030223268980493,0.031116791814342
2.7431,-2.2293,0.0107350910839844,0.684737222428876,0.684654195883418,0.0923061676000843,0.934933493432704,4.00654814721546,63.777213488654,4.9724,2.7431,0.468865063779612,0.9998787467035144,4.006548146630268,255.5264741572396,0.4687513679407697,7.262644454924847,0.6401061391506428,0.0631978049533157,0.52156031774779,0.5216096005619051,1.3199141451029484,1.7871488566703717,0.38449003713857,0.3844126302738266
0.39157,-0.35485,0.0123056520898438,0.134904389319054,0.135431669138286,-0.0625958598540531,-0.429530483303935,2.89127352923767,11.0056474983607,0.74642,0.39157,0.0181991942575468,1.003908543832433,2.891273527102808,31.8203370255478,0.0183417370055821,5.511414015629588,-0.0581720302996266,-0.0084774617811806,0.1270129038600274,0.1265484088996905,0.3304326061443324,0.5575679783181181,0.0180355711457215,0.0181755563000386
4.8018,-5.1691,0.0141790068457031,0.645609112812166,0.645607194603158,-0.855387018584833,20.3064664708063,7.43764945641843,45.5326104027382,9.9709,5.1691,0.4168111265461121,0.9999970286835026,8.006571243953822,364.5600865980589,0.4168086497233599,15.444220699220203,13.110000850520343,-0.5522440133685134,0.4981094313713348,0.498110597024898,1.819552960178791,2.395246312854427,0.348408660749066,0.3484069125803293
0.52759,-0.54887,0.0096484569042968,0.183076690629759,0.183286119533017,-0.0217201828775165,-0.14134056817388,2.87850493722172,18.996417909209,1.07646,0.54887,0.0335170746519444,1.001143940293126,2.994607562749269,56.88681617750576,0.0335938016134713,5.873112498400492,-0.0259057642731823,-0.0039810080351674,0.1682954150370462,0.1681184101391452,0.4375256327998461,0.7306645207198926,0.0329676211952245,0.0330418571372276
0.38469,-0.36883,0.0107196721142578,0.130570400434941,0.130977923001817,0.0169264610190552,-0.187053968591266,2.93705985851267,12.2184635505417,0.75352,0.38469,0.0170486294697408,1.0031210937946609,2.937059856270261,35.88635849222511,0.0171552163138699,5.753030603594498,-0.0244999402953311,0.002216992708047,0.1230826770511751,0.1227222845120782,0.3254762878715628,0.5616251962929593,0.0169049325109954,0.0170097271651275
4.8181,-5.0268,0.0117362642236328,1.07619064239503,1.075991876374,0.0710078215448538,4.07169250686537,4.47782191092053,91.6809519512456,9.8449,5.0268,1.158186298778627,0.9998153058452828,4.671782482664,428.3134617101077,1.1577585180228411,9.14960439316838,4.381108060480025,0.0764038391412773,0.7304390521813424,0.7305347926842145,1.7962161899449962,2.383694923397229,0.7692681924789282,0.7690699597510574
1.8419,-1.9756,0.0118952456640625,0.578339279313412,0.57832041322226,0.0063351310247185,0.0302819991482712,3.18491265030294,48.6177780228164,3.8175,1.9756,0.3344763219967568,0.9999673786792224,3.4160993706772853,166.08315953997467,0.3344545003495656,6.601012020429508,0.0175126982606243,0.0036637355920323,0.4563612520160004,0.4563732052152616,1.090445699335049,1.5722551213063845,0.2885389467277061,0.2885225943764131
0.39574,-0.31876,0.0089613608544921,0.109206158713468,0.109546646933638,0.129911451964084,0.261139310935709,3.61252499348278,12.2243316291324,0.7144999999999999,0.39574,0.0119259851009511,1.0031178472337954,3.612524990185066,44.16070304607312,0.0120004678544031,6.522335638265602,0.0286069358955676,0.0142313639609457,0.1039515057096393,0.1036445871363073,0.3334247405758246,0.5391214929208379,0.01185543093859,0.0119290331718894
0.7942,-0.68447,0.0310182798291016,0.195782987552018,0.198177686938751,-0.0763685993619,0.708240516697739,4.00751473219816,6.38906116105186,1.4786700000000002,0.7942,0.0383309782147936,1.0122313961772271,4.00751473017598,25.60425664528468,0.0392743956003936,7.461334432220242,0.1403574673954638,-0.0151345523762935,0.1808018083433591,0.1788011905295609,0.5845592401430462,0.9077221259992208,0.0376145953967861,0.0385227731117009
0.5424,-0.54908,0.0104723708691406,0.177240942974866,0.17750685445707,0.0575144840255078,-0.0260432505769161,3.05565664863483,16.9500160637107,1.09148,0.54908,0.0314143518666197,1.0015002819190129,3.0932889964734627,52.43129770879951,0.0315086833792434,6.148945643386856,-0.0046228554897456,0.0102092151450892,0.1633993680864565,0.1631735167374294,0.4376612063244812,0.7378719493394535,0.0309310174754893,0.0310224716994985
1.3643,-1.5064,0.0076268120849609,0.453609303379963,0.453562673664606,-0.008763492271423,-0.0709063345418892,3.00796357199546,59.4694963783062,2.8707000000000003,1.5064,0.2057614001128553,0.9998972026918336,3.321260957161137,197.51371391712368,0.2057190989417859,6.329224528493413,-0.0321604666745762,-0.0039747929852657,0.3740175592234862,0.3740496383132196,0.9188474606558448,1.353435369238109,0.1871112347120927,0.1870761515579139
0.16814,-0.18212,0.0102953937744141,0.0602813275826581,0.0611396700425739,-0.212375003864831,-0.23442202292774,2.75009662111225,5.93854605100362,0.35026,0.18212,0.0036338384551277,1.014238942520218,2.978753394895777,17.689464067285552,0.0037380592529148,5.728850011509966,-0.0143324851325147,-0.0129845376615861,0.0593434909704872,0.0585342762905952,0.167309436673451,0.3002971664993581,0.0036272520153849,0.0037310900715017
0.82299,-0.76729,0.0288886353222656,0.187402410523299,0.189570747868829,0.0315705093459633,1.12852791900579,4.34133435275287,6.5621219470592,1.59028,0.82299,0.035119663469943,1.0115704874783529,4.341334350462782,28.48836533710725,0.0359370684475471,8.388846997963466,0.2139358815967808,0.0059848450673141,0.1735925259731305,0.1717680729376889,0.6004780102179591,0.951765977976294,0.0345170369133882,0.0353063972505049
4.8444,-5.0906,0.0097532777197265,1.09008475149914,1.08986222739692,0.0435001424789725,3.55399797829656,4.44496549951143,111.743175854883,9.935,5.0906,1.188284765450942,0.9997958652280076,4.670865611786134,521.9373521488338,1.187799674706576,9.115831110889726,3.87336815279044,0.0474091621742163,0.7370981438981273,0.7372046161110781,1.8067465990363036,2.391968654128731,0.7831180248346968,0.7828963240183682
4.874,-4.8861,0.0119634924658203,0.963589490899219,0.96342849277175,0.0722162686832392,4.56813830435841,5.05901583414631,80.5307058556909,9.7601,4.8861,0.928504706971416,0.9998329182406276,5.071575146626299,408.4175229865222,0.928194460684446,10.130590980247506,4.4010746013409205,0.0695752108910928,0.6746921761256316,0.6747741712314491,1.7725936391334924,2.375844848370749,0.65674493940541,0.6565840524530435
0.81402,-0.64045,0.011658849765625,0.169137168605089,0.169497321906446,0.143500315892287,2.4578298832857,4.8025537562729,14.5380826851541,1.45447,0.81402,0.0286073818037463,1.002129355741936,4.802553753439494,69.81992300973528,0.0287293421334573,8.58107952846999,0.4165955829185589,0.0243229192364716,0.1565740170920151,0.156266014019568,0.5955453769904901,0.8979108519927115,0.0282058308872209,0.0283243922568158
5.6757,-5.5397,0.0166660000244141,0.751934325326935,0.751935441636727,-0.330783260309949,18.3684897868243,7.54812140207913,45.1179311493589,11.2154,5.6757,0.565405229604873,1.0000014844511738,7.548121401075302,340.555619682592,0.5654069083894196,14.915376211149274,13.811918480055438,-0.2487276569271979,0.5607211434544178,0.5607205062676123,1.8984740677018108,2.5026974507965494,0.4481447231297133,0.4481457955572321
0.7095,-0.78043,0.0286242653076172,0.18240060938158,0.184588964346806,-0.180318086153879,1.14988086959739,3.84367506752458,6.44868828468008,1.48993,0.78043,0.0332699823027717,1.011997519478941,4.227934223147456,27.26462981272944,0.0340730857586264,8.071609288589736,0.2122553188411869,-0.0332847287761426,0.1693958488852102,0.1675467865885112,0.5768549081636347,0.9122545976316548,0.0327285134946818,0.0335054561402065
0.4285,-0.44477,0.0106058938183594,0.13600288074736,0.136382685567721,-0.0159410095770519,-0.0489901550864977,3.14189442901994,12.8591411439208,0.87327,0.44477,0.0184967835715806,1.00279262261207,3.261191094913802,41.93611622213929,0.0186002369226638,6.403085521630001,-0.0066814089170757,-0.002174077696779,0.1278501346689768,0.1275158561648992,0.3679501393454052,0.627685566836811,0.018327798674416,0.0184293680647114
6.5889,-5.8285,0.0185510670849609,0.879444177901312,0.879425128503429,0.328188644660762,19.1677963235038,7.4922807939463,47.405635723045,12.4174,6.5889,0.7734220620445146,0.9999783391619848,7.492280793094349,355.1763321379986,0.7733885566432727,14.1199058295269,16.856641744924886,0.2886173410041568,0.6309659473698499,0.6309760830762714,2.026686653368297,2.596552372087841,0.5729110484212433,0.5728921551648251
1.4949,-1.52,0.02122063671875,0.267778396884668,0.268552737692402,-0.0717222931239115,5.07882212980832,5.56650441490657,12.6552629523654,3.0149,1.52,0.0717052698381227,1.002891722097277,5.659968364109541,71.62838763900655,0.072120572922084,11.226472776943323,1.3639315872127804,-0.0192612181720033,0.2378766740391874,0.2372660748778745,0.924258901523332,1.3900124404883014,0.0692510899945974,0.0696385310645509
1.0114,-1.0285,0.0134163961572266,0.20397698357905,0.204368035143463,-0.050133721358866,3.8025124310601,4.94891483049203,15.2327072597199,2.0399000000000003,1.0285,0.041606609830008,1.0019171352441818,5.03258740426188,76.65993015419542,0.0417662937883997,9.98150223233234,0.7771119941443455,-0.0102457301285413,0.1859549772063789,0.1856302300752082,0.7072966036643649,1.1118246201402446,0.0407643382949746,0.0409176319837108
0.70074,-0.5908,0.0075822987695312,0.185420007311339,0.185529736090534,0.0015451970222146,0.206525434444421,3.77696866694219,24.4687978843655,1.29154,0.70074,0.034380579111337,1.0005917844612722,3.776968664906412,92.41788170812708,0.0344212829738231,6.961363857455299,0.0383166093484563,0.0002866799957393,0.1701897093724185,0.1700971483389519,0.5310634504668174,0.829224080629659,0.0338027732715478,0.0338421234512218
0.70032,-0.59914,0.0336068111767578,0.180733762444347,0.183788359499959,0.0319729721495221,0.664292614595502,3.81046983555102,5.46878305511667,1.29946,0.70032,0.0326646928872896,1.016901086507633,3.810469833477725,20.83863280668748,0.0337781610876861,7.070415138523767,0.1220892498644458,0.0058762600996985,0.1687197700617212,0.1661360777997615,0.530816468642248,0.832674312760657,0.032142541982542,0.0332202086656701
0.431,-0.42182,0.0136086802783203,0.138713580322683,0.139345822693042,-0.0358429915737406,-0.274170821580388,3.09302418738041,10.2394809667937,0.8528199999999999,0.431,0.0192414573659374,1.004557897420227,3.0930241851607283,31.67096206378812,0.0194172583020007,6.120169108094599,-0.0382045586915464,-0.0049945711486226,0.1304542579544191,0.1298991869270744,0.3583735005743138,0.6167088028115089,0.0190586813879523,0.0192311486431607
0.52467,-0.52988,0.0185968919433594,0.136389352653163,0.137618374035524,0.0198557703107114,0.248097116507847,3.81249962933412,7.40007386474411,1.05455,0.52988,0.0186020555171488,1.009011123357886,3.850357943323645,28.49293305379004,0.0189388168721813,7.662857569887425,0.0341427217767118,0.0027325188253829,0.1289369315147479,0.1278560015886061,0.4251893009558941,0.7200568458668027,0.0184311534490022,0.0187617101143063
0.57786,-0.56138,0.0143229134375,0.185961207351834,0.186466702004811,-0.0167775793488725,0.101107952959028,3.098998340117,13.0187690387493,1.13924,0.57786,0.0345815706397518,1.002718279580476,3.098998338455039,40.34514335976805,0.0347698309565509,6.109616286127295,0.0188532665347275,-0.0031284598888082,0.170979732449993,0.1705535912310054,0.4560694985892337,0.7604506257696334,0.0339970653991938,0.0341790164367733
0.47251,-0.3874,0.0128970222607422,0.110646245685199,0.111368519068238,-0.15206775988593,1.3218671402556,4.24276091621979,8.63521181995924,0.85991,0.47251,0.0122425916842294,1.0065277703541895,4.242760912410144,36.63713892892777,0.0124029470394524,7.721302271254802,0.147214385815233,-0.0169355612165204,0.1055921559885474,0.1049420492296415,0.3869684276920219,0.6205280994576423,0.0121682572411927,0.0123266606283451
0.46459,-0.39345,0.0196053760839844,0.141370879835594,0.14268965548271,-0.0773407700352673,0.123580727497675,3.25594731046425,7.27808815660889,0.85804,0.46459,0.0199857256654899,1.0093284808562897,3.255947308182411,23.697071437962144,0.0203603377817744,6.013330093873815,0.0176336914309459,-0.0110357278310997,0.1333848304321804,0.1322300661225041,0.3815753398187097,0.6195221686852075,0.0197886327526584,0.0201558372452737
1.0623,-0.81318,0.0293436110546875,0.189271535535239,0.19148699597013,0.143776118547138,1.87737891336938,5.54763520425016,6.52567932464946,1.87548,1.0623,0.0358237141638672,1.0117051955406573,5.547635201353017,36.2020882296998,0.0366672696256645,9.794294330634996,0.3594936484187694,0.0275312570328367,0.17520210349805,0.173340964667654,0.7238218648278643,1.056219616835364,0.0351969692849362,0.0360110191553378
5.1274,-5.0284,0.0099534887011718,1.09789989636181,1.09767695059761,0.0678468415064256,3.90457709525425,4.6711375302255,110.280624568186,10.1558,5.1274,1.2053841824312732,0.9997969342515484,4.671137529799972,515.1359591017336,1.204894687873268,9.252084589683378,4.285964279291959,0.0744739140924526,0.7408305184219283,0.7409367949948726,1.812770516417519,2.411959542031935,0.7909017261172436,0.790679747156543
2.2866,-1.9856,0.0103597189355469,0.641444187344073,0.641371238533842,0.0807289425705425,0.380706924071047,3.56517390026267,61.9101003148967,4.2722,2.2866,0.4114506454774982,0.9998862739554604,3.5651738997068074,220.72027167475088,0.4113570656184345,6.6610408179512905,0.2441744714098567,0.0517772218819962,0.4955320135388382,0.495576456372674,1.1898535957650525,1.6624477327477154,0.3446180020905163,0.3445516994098695
2.6386,-2.1951,0.0135245930419922,0.619825337497866,0.619821566296773,0.055973800477757,0.680445608738963,4.25703160954007,45.8292212100064,4.8337,2.6386,0.3841834490043434,0.9999939155422276,4.257031608853256,195.09644188907032,0.3841787740465849,7.798534710723105,0.4217548629883452,0.0346937686837064,0.4823159989167168,0.4823183270723492,1.2915989922805662,1.7636514474287883,0.3251103982701511,0.3251070208524711
0.57786,-0.54574,0.0121031368994141,0.15930514660194,0.159725464443721,-0.0341557238266179,0.659908296021359,3.6178326481161,13.1970303047182,1.1236000000000002,0.57786,0.0253781297338655,1.0026384442090084,3.6178326458510615,47.744646700105406,0.0255122239917623,7.034570243446948,0.105404159072276,-0.005455538851618,0.1481833085248455,0.147820814089126,0.4560694985892337,0.7531127617273794,0.0250614516183233,0.0251922184902278
2.4984,-2.5779,0.0100345051220703,0.657771150650683,0.657687096381142,0.00297585696506,1.07548348509584,3.79876694213282,65.5425542545787,5.0763,2.5779,0.4326628866283235,0.9998722133534664,3.91964509231316,256.9035486004892,0.4325523167462575,7.718412033868379,0.7073316105185541,0.0019571827265959,0.5054233153688863,0.505474019834632,1.274776036121336,1.8043959581031863,0.3595348710854827,0.3594576902287075
0.66319,-0.60019,0.0084135651855468,0.154512006985793,0.154703235825014,0.159414919582845,1.59774527754511,4.28685280216205,18.38735808344,1.26338,0.66319,0.0238739603027777,1.0012376302840649,4.286852799391047,78.82389658748563,0.0239330911747298,8.166474298006094,0.2471763644603636,0.0246620038982505,0.1438433722797175,0.1436777499192611,0.5087374450375783,0.8168592712466366,0.0235934333998381,0.0236511838328449
3.2742,-2.7821,0.0107059566894531,0.631545510893686,0.63148206545613,0.0902566737147237,2.32151870903037,5.18494535174961,58.9841789737696,6.0563,3.2742,0.3988497323299669,0.9998995392470508,5.184945350928528,305.829741740183,0.39876959899274,9.590612830257298,1.4659974293735465,0.0569954707385737,0.4894888443191236,0.4895277317854901,1.4525969503739538,1.9539208348074704,0.3356502791423904,0.33559299233689
0.47752,-0.44247,0.0097480041455078,0.12539577635503,0.125743574503603,0.0009035582793142,0.267020070533786,3.79756979141958,12.8994174219293,0.91999,0.47752,0.0157241007276806,1.002773602575823,3.797569788399489,48.98643742590253,0.0158114465289431,7.316397699844291,0.0335760581331224,0.0001136166478132,0.1184437724360666,0.1181347749933204,0.3903650065855188,0.6523199776927934,0.0156017578768281,0.0156877478083695
0.22322,-0.17816,0.0153887504833984,0.0645451916244134,0.0663389869056068,-0.104460590204753,-0.249429858169421,3.36483884382524,4.31087546563147,0.40138,0.22322,0.0041660817618322,1.0277913061107995,3.3648388387530552,14.505401123390282,0.0044008611836622,6.050439087441544,-0.0165469240949685,-0.006929809725745,0.0642312741660604,0.0625476578315961,0.2014867260549655,0.3374574654096156,0.0041574276706506,0.0043912057119789
4.7551,-4.5427,0.0148758444970703,1.06912793623843,1.0689703983081,0.0327321520216883,3.37440530235676,4.44829904319714,71.8594765170225,9.2978,4.7551,1.1430345440454446,0.9998526481022753,4.448299042781023,319.6524384865169,1.142697712458978,8.697902218664042,3.6071393801132703,0.0349897015841054,0.7270510914150922,0.7271272316697066,1.7500864182174949,2.3319302801885105,0.7622228358414314,0.7620656484265391
0.19589,-0.21717,0.0104694915185547,0.0627151078833505,0.0635678732466946,-0.22923101760338,-0.12321442301653,3.08158807263834,6.07172498626468,0.41306,0.21717,0.0039331847568202,1.013597445508194,3.41634836225479,20.743127547388976,0.0040408745091078,6.497936430045418,-0.0078324788244793,-0.0145717282712224,0.0616291742579948,0.06082705580374,0.1965284920067428,0.3457575656458799,0.0039254700080596,0.0040327321032982
0.51465,-0.57307,0.0137295023193359,0.135441126180914,0.136102317092731,-0.113437502002961,1.56873152244593,3.78134635025612,9.91312823488521,1.08772,0.57307,0.0183442986611542,1.004881758074321,4.210582242978936,41.740041444831874,0.0185238407180102,7.991928590456749,0.2135079951012986,-0.0154391068678143,0.1276033841064126,0.1270212328537496,0.4530291240395945,0.7360725614113766,0.0181780718135024,0.0183543640867723
1.9489,-1.7613,0.0108912047900391,0.558864560310699,0.558834242353782,0.0408540685280502,0.721187130131284,3.48743840712289,51.310599068423,3.7102,1.9489,0.3123295967712708,0.9999457506181916,3.4874384064988333,178.94255224070102,0.3122957104271255,6.639177985423558,0.4030240634622145,0.0228306524329424,0.4439382613657148,0.4439577102983006,1.0814322194582568,1.549730369971816,0.2718038760234512,0.2717780541706676
0.46375,-0.42057,0.0193526461328125,0.135218398563162,0.136563584020329,0.118142387869016,0.102195816140779,3.39585405089372,7.05658456642707,0.88432,0.46375,0.0182840153099861,1.0099482420326389,3.395854048407079,23.96313116155194,0.0186496124804774,6.475518387250347,0.0139562269240673,0.0161339479121126,0.1280093099696959,0.1268250540642488,0.38100163592979,0.6335670131111013,0.0181188726451788,0.018477840821097
4.8845,-4.609,0.0152624924804687,1.1128510978418,1.11268405389924,0.0932639261873908,3.03358123919254,4.3898355358675,72.9031680325564,9.4935,4.8845,1.2384375659676996,0.9998498954236832,4.38983553547298,320.03291560977783,1.2380658038016468,8.532071584811698,3.3754174710574354,0.1037732834727454,0.7479592025600822,0.7480382666012739,1.77232177533558,2.350756017855339,0.8057781072970557,0.8056120124072728
0.61249,-0.63753,0.009963140493164,0.202179151322467,0.202375181812804,-0.024621978907066,-0.188956843869625,3.0265074724753,20.3123886440885,1.25002,0.63753,0.040876409229473,1.00096958756112,3.150238057721367,63.988859139198325,0.0409557142137654,6.17674552870118,-0.0382401756328889,-0.0049828774579085,0.1842989187020286,0.1841358693684619,0.4931890089701366,0.8109391050657118,0.0400630594621797,0.0401392471465158
4.2668,-4.1942,0.0115007647802734,1.03701559953048,1.03682617778627,0.076595605744113,3.65879893013299,4.11525103379438,90.1528026696686,8.461,4.2668,1.0754013536695608,0.9998173394457348,4.115251033397449,371.00141115993046,1.0750085229428858,8.160480686597877,3.793538510018282,0.0794163291388927,0.7113928011472264,0.7114857953059103,1.6614229675000516,2.247178085722308,0.7301545584339669,0.7299652611165808
0.65297,-0.57599,0.0104930517773437,0.128885551587421,0.129280619068507,0.147266118627073,3.41685372497277,5.05079573956855,12.3205928848693,1.22896,0.65297,0.0166114854079937,1.0030652573225909,5.050795735661705,62.22879745880933,0.0167134784667364,9.506142590469407,0.4417329648310138,0.0190386549839241,0.1215808097021482,0.1212309085387613,0.5025736698538686,0.8015351089757777,0.016475023830305,0.0165753452847112
0.8668,-0.78669,0.0313736670507812,0.191006801340609,0.193520259625887,0.010464976283511,1.26026070641637,4.47911759562382,6.16823845655837,1.65349,0.8668,0.0364835981583708,1.0131589983514775,4.479117593309271,27.628265316712163,0.0374500908856707,8.544273361053238,0.2438859791019997,0.0020251849273637,0.1769071416219975,0.1747990009702992,0.6242257350935235,0.975875754671212,0.0358338285122172,0.0367658667951876
0.20111,-0.18942,0.0094041106787109,0.0656911278900157,0.0663449658164398,-0.182519090105101,-0.181010691319922,3.03127746808133,7.05488993942104,0.39053,0.20111,0.0043153242834623,1.0099532135682534,3.0312774635123665,21.385328685756704,0.0044016544891845,5.88635467070501,-0.0120091481280303,-0.0121092227938706,0.0642368811017017,0.0636235350623437,0.1832461292450894,0.3296849694321774,0.0043060399719202,0.0043919955412589
0.55283,-0.55304,0.0113344146337891,0.175872204338173,0.17619420583766,0.0006512516578359,0.0672139045009907,3.13761736585914,15.5450644369764,1.10587,0.55304,0.030931032258768,1.0018308828306075,3.13880923073982,48.79299134443429,0.0310443981707637,6.276426594818177,0.0118427005248003,0.0001147467686528,0.1622839768605765,0.1620101737909816,0.4402143004349833,0.7447286834114462,0.0304623087709045,0.0305722673188454
1.5992,-1.2467,0.0187250571435547,0.275304473382845,0.275873472351155,0.244696501372449,4.46144135185784,5.79686037360055,14.7328507590757,2.8459,1.5992,0.0757925530646056,1.002066798483554,5.796860371499284,85.4042782993604,0.0761061727470834,10.315961062562414,1.2307933174280534,0.0675052735057966,0.2436310204065517,0.2431849527547862,0.9552037053727536,1.3470076457885134,0.0730576486027114,0.0733491304284465
0.47794,-0.44331,0.0108863324951172,0.154477820495514,0.154823309649774,-0.0146358422730843,-0.398294817918101,3.08700286204415,14.2218060783295,0.92125,0.47794,0.0238633970250442,1.0022364961709591,3.0870028600502617,43.90275566395688,0.0239702572109098,5.950331390595689,-0.0616653219264345,-0.0022659695402309,0.1439473536131241,0.1436481382770835,0.3906492263028064,0.6529760158706686,0.0235831163758352,0.0236874805030108
0.50506,-0.55742,0.0084039390136718,0.170493781443388,0.170659199222305,-0.0783198286672328,-0.256742471798197,2.95946542759817,20.3070487475777,1.06248,0.55742,0.0290681295108657,1.0009702270512129,3.266275725032924,66.32841962088601,0.0291245622791983,6.225741150896955,-0.0438154646434355,-0.013365999243578,0.1575670082879794,0.1574256951994641,0.4430306059943058,0.723909142209986,0.0286536640973518,0.0287085013033839
4.7935,-4.8578,0.0118917628564453,1.09776352298129,1.09755990548256,0.0905715875302043,3.04888334282639,4.36741536936197,92.2958117086638,9.6513,4.8578,1.2050847523882935,0.9998145159732048,4.425999870523322,408.5012472744495,1.204637746122886,8.793415239487368,3.346332113579884,0.0994077430490564,0.7407747193721507,0.7408717881690442,1.7677741064775438,2.3656819504337188,0.7907659446174236,0.7905632079295303
0.20298,-0.22405,0.0166888322265625,0.0645626135039388,0.0666694297684009,-0.193424558602441,-0.149809410226829,3.04457381299226,3.9948528970342,0.42703,0.22405,0.0041683310624589,1.032632138738782,3.360610709319899,13.425145367623749,0.0044448128656437,6.405184517745488,-0.0099877079537631,-0.0128955050252293,0.0645411115420919,0.062564023258921,0.2021650329290117,0.3555953613991545,0.0041596676368757,0.0044349638588154
3.4672,-4.0273,0.0130803640576172,0.588207070661498,0.5882089039302,-0.69637323467922,13.0491157631281,5.89450444703135,44.9688480641075,7.4945,4.0273,0.3459875579761805,1.000003116536324,6.84671716529002,307.8889816423611,0.3459897146627672,12.74122161131926,7.675606080287874,-0.4096129370969919,0.4626069057661168,0.4626057514659769,1.6148830606699955,2.1394188952398325,0.2971279874771237,0.2971295897838063
0.75373,-0.71075,0.0122321719970703,0.190130389378144,0.190477137321208,-0.0442063468264799,0.945544223011063,3.95706282969256,15.5718164661868,1.46448,0.75373,0.0361495649650846,1.0018237370891403,3.957062827615125,61.61865562539986,0.0362815398420823,7.688481777010066,0.1801045568097531,-0.0084202983949363,0.1743541824942761,0.1740628720269881,0.5617449482355075,0.9019808318940103,0.0355115011441895,0.0356388635224804
0.19777,-0.2301,0.0125289683300781,0.0658707308099807,0.0670358828939835,-0.069011635249629,-0.094290077727194,2.95021101329822,5.35047109449956,0.42787,0.2301,0.0043389531774409,1.0176884629623302,3.43249002956598,18.3654385661634,0.0044938095953758,6.382701038463258,-0.0063208186085847,-0.0046262558989164,0.0648846014579775,0.0637920527337,0.2070954668926022,0.3561838233587609,0.0043295670609218,0.0044837425812652
1.0145,-1.036,0.009263613696289,0.153223157257851,0.153465588702642,-0.191695016970911,11.9967523931568,6.61060247170923,16.5664927029632,2.0505,1.036,0.0234773359200641,1.0015822108679355,6.7506990204319,111.83540492750475,0.0235516869158484,13.3613014878336,1.8410886685356376,-0.0294185886308038,0.142770966112687,0.1425607674492494,0.7109870986882764,1.11530551160977,0.0232059821711144,0.0232786250061574
0.44414,-0.43893,0.009758899790039,0.13339754859605,0.133721550909404,0.0399103238707185,0.201249029430777,3.32137936614947,13.7025232133128,0.88307,0.44414,0.0177949059714355,1.002428846830553,3.321379363665665,45.511277398525,0.0178814531776163,6.603797169073353,0.0269113323344957,0.005336870405289,0.1255056292189515,0.1252198018747855,0.3675139886795922,0.6329034237052421,0.017638430219449,0.01772346063781
0.43183,-0.339,0.0111793725732422,0.108917615238152,0.10946338555391,0.0705461113178559,0.488672011373143,3.94497208189607,9.79155000307534,0.77083,0.43183,0.0118630469091661,1.005010853515876,3.944972078292146,38.62739105509775,0.0119822327769239,7.041898031887398,0.053491692790343,0.0077222161825155,0.103876461993254,0.1033844181769984,0.3589533464074617,0.5714483632277128,0.0117932325663191,0.0119110141666143
0.36153,-0.36821,0.0195456403857422,0.141161922001712,0.142474525628521,-0.0328907561123047,-0.394643171676172,2.53750625527703,7.28932502679478,0.72974,0.36821,0.0199266882232174,1.009298566548727,2.584391828063412,18.838471948186864,0.020298990453072,5.12189808155942,-0.0562265986770975,-0.0046860948746639,0.1331965464947699,0.1320469731704138,0.3135033161910227,0.5479711081978206,0.0197307504221357,0.0200957122377606
2.9012,-2.7009,0.0096926289550781,0.69584888910629,0.695746501948486,0.0498098521277659,1.15315922134253,4.16990957464391,71.7809899845566,5.6021,2.9012,0.4842056764704578,0.9998528599249172,4.169909574044567,299.3202343258996,0.4840631949735546,8.051926935321616,0.802306494438705,0.0346550303804644,0.5281230580074769,0.5281834349959025,1.3612841981157229,1.887387780241462,0.3948797311460014,0.3947837280524924
1.2707,-1.3435,0.0184219105126953,0.28151648090744,0.282049993394418,-0.270293627011178,3.9348178292736,4.50522967473732,15.3105723317919,2.6142,1.3435,0.079251529022509,1.001895137311566,4.763339943230982,72.92946037172379,0.0795521987737912,9.268569616370996,1.109815342754857,-0.076236315713056,0.2484603541456405,0.2480441273771689,0.8516455383806237,1.2848705309819266,0.0762677721978797,0.0765463243880162
0.61938,-0.49484,0.0148537967675781,0.142545730877886,0.143282933889047,0.0384269519740355,0.527764252538958,4.3227758058027,9.64621612447233,1.11422,0.61938,0.0203192853915107,1.005171694066905,4.322775802785748,41.69842939968719,0.020529999143853,7.776362257386315,0.0756196105055418,0.0055059264192533,0.1339038903915304,0.1332588700117587,0.4820433599404317,0.7486859501506482,0.0201156032077471,0.0203220993509829
0.48315,-0.43309,0.0104558209863281,0.183611163773959,0.183863868664047,0.0068870936748781,-0.803794652189155,2.62775934995039,17.5848332622053,0.91624,0.48315,0.0337130594624275,1.0013763040588397,2.6277593485212023,46.208709580136265,0.0338059222001099,4.983252044890958,-0.1477887943629701,0.0012662876869147,0.1687835540610902,0.1685700735490803,0.3941682043658673,0.6503649326645038,0.0331572322190153,0.0332470623376923
5.2488,-5.2517,0.0111156636572266,1.20513434918346,1.20489136558989,0.0785424118908461,3.04625076147448,4.35624335097653,108.395809979961,10.5005,5.2517,1.4523487995818418,0.9997983762609418,4.358650206604319,472.459415353017,1.45176320287307,8.71489355721931,3.6704012399222288,0.0946350739198851,0.7906782403789634,0.7907884363775953,1.8328534267630163,2.4423905126849217,0.8970462590101967,0.8968074403570903
4.8436,-4.8519,0.01421121796875,1.05413587266111,1.05397429638094,0.129085503925811,4.10602689719267,4.59555799096011,74.1649518499116,9.6955,4.8519,1.1112024380310002,0.9998467214859628,4.603432945376141,341.4133803680888,1.1108618174316975,9.19899093590024,4.327646809889859,0.1360528031731857,0.7197765974947364,0.7198552595917128,1.7667663948368904,2.3698230922597228,0.7472576610144765,0.7470963083777415
0.3657,-0.39115,0.0116240024902344,0.113676560606996,0.114241709191629,-0.0142183841549719,-0.142638581047322,3.20110756909787,9.82808712296871,0.75685,0.39115,0.012922360431436,1.004971548058088,3.4238808437424293,33.65019897093058,0.0130511681190247,6.62498841003824,-0.0162952752955147,-0.0016243325078071,0.1081740921093108,0.1076667587798831,0.3301307432165573,0.5635224327659596,0.012839579122431,0.0129667354608008
0.36675,-0.35006,0.0119572930712891,0.110896122836736,0.111511981685311,0.0744048815210847,-0.0661188688289323,3.28888424774814,9.32585502592267,0.71681,0.36675,0.0122979500602204,1.0055534741185348,3.2888842447988,30.67165743502977,0.0124349220593851,6.42809847447642,-0.0073730460899053,0.0082970357854769,0.1057212341078827,0.1051670074893906,0.3124356587929716,0.5404679176676405,0.0122229445886312,0.0123582434236131
0.21258,-0.22676,0.0088852836279296,0.0686506065872132,0.0692065952522832,-0.15051047492803,0.118322433708843,3.07167256567194,7.78890108074228,0.4393399999999999,0.22676,0.0047129057847923,1.0080988150272758,3.276566327901564,25.52085076216676,0.0047895528264133,6.348238889135089,0.008188692778953,-0.010416317519573,0.0669168736626701,0.0663967372596152,0.2043765475747859,0.3641846751877486,0.0047018348149888,0.0047781194110387
0.70658,-0.63273,0.0325132538818359,0.184511184217257,0.187309544733398,0.122814357662697,0.578055520560977,3.77225838120365,5.76102119505306,1.33931,0.70658,0.0340443771012545,1.0151663457502356,3.7722583791897297,21.73206042049016,0.0350848655482328,7.150249610564405,0.1082753163869039,0.0230043014205244,0.1716898606814675,0.1693301867141753,0.5344913678438954,0.8498560140915024,0.033477693058187,0.0344834190546445
1.6241,-1.6579,0.0123223981542969,0.461090224101759,0.461142305168925,0.0548022196728293,0.667358824186694,3.52190632218196,37.4230973057889,3.282,1.6579,0.2126041947622103,1.0001129517921492,3.595202567747845,134.54361446416323,0.2126522256165099,7.117108889166071,0.3077473865602754,0.0252716219083023,0.3792185306049278,0.3791828858938037,0.9775363373109328,1.4544201901674911,0.192770273961905,0.1928098828493631
0.39366,-0.39908,0.0094808952734375,0.13169829430831,0.132007041985293,0.0097516298063092,0.269670000578337,2.98211363636084,13.923478551138,0.79274,0.39908,0.0173444407237182,1.0023443551670137,3.0231720497315933,42.09307077874704,0.0174258591337069,6.005285683833376,0.0355983390885185,0.0012872838052664,0.1239922005967063,0.1237194197944108,0.3358148777510633,0.583745175742399,0.0171957428370785,0.0172757699635191
0.39261,-0.36403,0.01948546296875,0.138329818600049,0.139662015779448,-0.0333744874881145,-0.50476204766544,2.81114373016069,7.16749794466946,0.75664,0.39261,0.0191351387139224,1.009630585017159,2.8111437281478806,20.148866804692577,0.0195054786515787,5.417650570453662,-0.0704960850659171,-0.004661148198196,0.130731741061846,0.12956211673645,0.3311796843133954,0.5634028935042852,0.0189543644012719,0.0193176848792174
4.2318,-4.6508,0.0177569631152344,0.794989953994475,0.794994175156977,-0.308223432009403,9.40771328013629,5.32305786915282,44.7708411623,8.8826,4.6508,0.6320090269521376,1.0000053095796748,5.8501057551731845,261.9141541054664,0.6320157385335222,11.17316362365643,7.479077259255288,-0.2450358330943679,0.5850017768970812,0.5849994252641213,1.7317971280553723,2.290775635034548,0.4898117877472906,0.4898159002046811
2.4619,-2.2568,0.0107376596484375,0.628747615741535,0.628685797955751,0.113583288562736,0.854419621629547,3.91594657936471,58.5496112318325,4.7187,2.4619,0.395323564300665,0.9999016809221593,3.915946578741838,229.27714769116665,0.3952458325512593,7.505657062069584,0.5371614816132225,0.071408200404502,0.4877734306942839,0.4878113855980014,1.2418175712992865,1.7437415068340738,0.3331263341133194,0.3330706237987768
4.5302,-4.3486,0.0108423913720703,1.05539531238757,1.05519332175004,0.0720150004169563,3.51537317947897,4.29324172795811,97.3210877139325,8.8788,4.5302,1.1138592654096562,0.9998086112993492,4.293241727551242,417.8229509301218,1.1134329462658834,8.414382290093588,3.7093983024454142,0.0759897475057986,0.7203699173678331,0.7204681955735455,1.7102239812455364,2.2903910468933395,0.7485153125780888,0.7483136141272267
1.6103,-1.2659,0.0199012194970703,0.28927965256747,0.289892937522072,-0.19622304697873,4.02367998814666,5.55480935052925,14.5665916385048,2.8762,1.6103,0.0836827173895561,1.0021200414510556,5.554809348613101,80.91463903232622,0.0840379152251759,9.92159389460411,1.1664364114126111,-0.0568836754981955,0.2545592207604377,0.2540836535428601,0.9594651572579512,1.35485529228451,0.0803651640384845,0.0806928795507646
0.43872,-0.42745,0.0133358723242187,0.125357008612795,0.126033932185257,0.042253414662474,0.197968603365433,3.48096732676027,9.4507452621882,0.86617,0.43872,0.0157143796083483,1.0053999651029717,3.4809673239983474,32.89773522452566,0.0158845520620779,6.872514284800439,0.024950761531369,0.0053253639981657,0.1187016644190896,0.1181003263035329,0.3637538294030251,0.6238882022411398,0.0155921872012438,0.015759712839769
4.4037,-4.2409,0.0170234587695312,0.720451091413997,0.720476322300109,-0.0042687142310716,10.1817413982237,6.11220641636253,42.3225580684945,8.6446,4.4037,0.5190497751196195,1.000035020817387,6.112206415514167,258.68420946355366,0.5190861309950906,11.998451206838288,7.335703597202982,-0.0030755075301526,0.5426011840567233,0.5425865188905754,1.6870839041232164,2.266398173232272,0.4180849914241118,0.4181089244386947
0.71847,-0.5522,0.0306190853808594,0.182473564521036,0.184980734219135,0.0695456385035671,0.0926652232391212,3.88402610159863,6.04135400905118,1.27067,0.71847,0.0332966017490126,1.0137399058505046,3.8840260994989424,23.464776583517818,0.0342178720322502,6.869201837029132,0.0171412810313526,0.0128646032721283,0.169726516412007,0.1676084855493136,0.541434360070708,0.8200749421289059,0.0327542754966883,0.03364546185199
5.5146,-5.2133,0.006637614790039,0.694014361049781,0.693876651655201,-0.183106337156614,19.0265832523805,7.94752206583872,104.537047358712,10.7279,5.5146,0.4816559333433357,0.999801575439517,7.947522064693345,830.8104780642973,0.4814648077122331,15.460817096040282,13.202101879600706,-0.1270532121230796,0.5270197787352864,0.5271010737912013,1.87404581191528,2.461970618504943,0.3931603361837822,0.3930313332520289
0.49421,-0.40179,0.0207419972949219,0.13269785684256,0.134277152390075,0.104436436108031,0.411884457136368,3.68052189969236,6.47368478940789,0.8959999999999999,0.49421,0.0176087212106085,1.0119014389825347,3.680521896951375,23.826538524250008,0.0180303536539874,6.672765868089338,0.0553066720180034,0.0140234272463544,0.1259955779045279,0.1246022711441322,0.4015976390816742,0.63974640383283,0.0174554839390555,0.0178697346327217
2.3653,-2.0676,0.0100487909130859,0.621738790715865,0.621668201299884,0.0465081694750466,0.81316344711326,3.80476272560548,61.8649752668575,4.4329,2.3653,0.3865591238808262,0.999886464352838,3.804762724993451,235.3815495734582,0.3864713525074331,7.130652637561184,0.5055178575297137,0.0289126500633023,0.4834553733002746,0.4834989012424453,1.2135171121688568,1.6924730613628127,0.326825227703891,0.3267619241274105
0.60853,-0.64712,0.0120671967138672,0.144612579665657,0.14507999209692,0.0455885032112805,3.62273685679548,4.1944446729324,12.0226756501118,1.2556500000000002,0.64712,0.0209127981975559,1.0032321692346573,4.460435861629017,53.626373215057896,0.0210482041068423,8.654880531670289,0.5255866345531091,0.0066139796856029,0.1354744966593404,0.1350662213794884,0.4990283082863519,0.8134381797561002,0.020697127305416,0.0208297507094203
1.231,-1.3287,0.0188294784716797,0.278079652782056,0.278648675925789,-0.364202910683881,4.22010180139901,4.41774932505994,14.7985339235438,2.5597000000000003,1.3287,0.0773282932913888,1.002046259184502,4.768370045573188,70.56488552999119,0.0776450845951954,9.186119369047708,1.1759257792318711,-0.1014846588303818,0.2458037983316199,0.2453586801336957,0.8453101719570529,1.2696762716501302,0.0744841737230407,0.074778183207649
3.1759,-3.1976,0.0153460120556641,0.628192190868635,0.628226265414584,-0.340553299756712,6.51556236267608,5.05534418861671,40.9374281172099,6.3735,3.1976,0.3946254286683355,1.0000542420718357,5.089885882725431,208.36683612424935,0.3946682405567553,10.145230070537446,4.093247410179818,-0.2139445276807725,0.487491241592905,0.4874703139717115,1.434512933390365,1.9978924917088583,0.3326258693029157,0.3326565666001531
0.96631,-0.68176,0.0303391434667969,0.181083392575983,0.183563741973763,0.02540307519889,1.32537426301216,5.26416594916721,6.05039302360843,1.64807,0.96631,0.0327911950668275,1.0136972764930363,5.264165946299457,31.850272828977538,0.0336956473674102,8.97818916405475,0.2432906592342304,0.0046630835411491,0.1685300073925093,0.1664321465563516,0.6761586898643851,0.9738310727706794,0.0322650352107284,0.0331403878524803
0.91749,-0.74872,0.0306612773876953,0.206348564083399,0.208564265747001,-0.0097193279196999,0.830305352301308,4.39907573195189,6.80220406703279,1.66621,0.91749,0.0425797298992806,1.0107376640703578,4.399075729842687,29.92341073747493,0.0434990529465856,7.988952437433849,0.1731720261485272,-0.0020271044911265,0.1894330978583771,0.1875980814901058,0.6510170391218162,0.9806579883467708,0.0416981512861037,0.0425795399607589
1.4161,-1.225,0.0197370852783203,0.286932780852881,0.287540906415948,0.0604311974580648,3.73935058219098,4.92486449198123,14.5685597625598,2.6411,1.4161,0.0823304207279674,1.0021194004430147,4.924864490268477,71.74818231041748,0.0826797728625049,9.185127890154702,1.0752162558101972,0.017376441292893,0.2527341250245875,0.2522616979204499,0.8821546699444727,1.2922858337982883,0.0791165134061395,0.0794392390345027
4.9992,-4.9533,0.0148428380712891,1.09969363136256,1.09952530732584,0.11301874650464,4.40550849046159,4.54668934556728,74.077834848356,9.9525,4.9992,1.2093260828593742,0.999846935426464,4.546689345153779,336.8089001785445,1.2089559014499829,9.051633402873058,4.843968076901377,0.1242669719840955,0.7417112750469999,0.741791444259069,1.7916261270050426,2.3935677407059166,0.7926875291434052,0.7925199611105942
0.64712,-0.56931,0.0320117107177734,0.184006490420344,0.186726017800473,0.0384486153925528,0.367055456311383,3.46561238558347,5.83305339245115,1.21643,0.64712,0.0338583885168121,1.0147795182248112,3.465612383727489,20.21510201949934,0.0348666057236225,6.514517974931433,0.06853880366896,0.0071793568421933,0.1711982699455195,0.1689040182207282,0.4990283082863519,0.7958977933823668,0.033297811694289,0.0342725350523398
0.55575,-0.59122,0.0118912253417969,0.131282976888727,0.131788488215473,-0.102703814926676,1.80536001048077,4.2169844083146,11.0828349835609,1.14697,0.59122,0.017235220020766,1.0038505466461916,4.486127791258578,49.71901364529676,0.0173682056261198,8.70311219637335,0.2379256664659312,-0.0135351805031483,0.123799114456564,0.1233523664479849,0.4645010176088507,0.7640575458134596,0.0170883784461289,0.0172191023050067
0.41869,-0.39095,0.0094518506152343,0.136170772316648,0.136465243811114,-0.0240832423277949,-0.137038218362327,3.06810722134877,14.4379391260333,0.80964,0.41869,0.0185424792333123,1.0021625154153122,3.0681072191005043,44.29714482531596,0.0186227627684267,5.932939236362302,-0.0187009538802556,-0.0032865255360246,0.1279227820664222,0.1276636367444048,0.3497339106043981,0.5931279304678709,0.0183726634569205,0.0184514823308151
2.6719,-2.2918,0.0100045243408203,0.62704454477027,0.626971264762564,0.105649464473996,1.27878364003078,4.26159881667281,62.6687729874778,4.963699999999999,2.6719,0.3931848611261552,0.999883134127702,4.261598815993101,267.06916613628897,0.3930929668379692,7.916949752215634,0.8017605961477735,0.0662391783627488,0.4867201665951106,0.4867652063318591,1.3007092392719477,1.785691093826448,0.3315923931903745,0.3315264311478983
0.22384,-0.22697,0.0150984334375,0.0690050280982822,0.0706210418307486,-0.18130672554647,-0.091276566678093,3.16959356867686,4.6773754458093,0.45081,0.22697,0.0047616939028447,1.023418780843374,3.213914632165412,15.0326853071396,0.0049873315492603,6.383508196354097,-0.0064460462335407,-0.0128040698490133,0.0682388930253137,0.0667283355849636,0.2045477155521206,0.3721220211516836,0.0047503928988477,0.0049749360079685
0.373,-0.40534,0.0141355630273438,0.124449101935065,0.125219131206554,-0.0578165379766201,0.200608020592168,2.97877805416748,8.85844666847231,0.77834,0.40534,0.0154875789724442,1.0061875028336649,3.237045296278815,28.67519294055652,0.0156798308201241,6.215823348067432,0.0251199620516177,-0.0072397366548031,0.1179777999832952,0.117293228551635,0.3402792663927166,0.5756803449070713,0.0153688705232654,0.0155581723477504
1.357,-1.3758,0.020007187578125,0.27949282842898,0.28013994003381,-0.206520620108363,4.38439903192206,4.84400760504276,14.0019649908268,2.7328,1.3758,0.0781162411432312,1.0023153062933166,4.911116920146565,68.76528686259292,0.0784783860021466,9.755124523460193,1.2282452818869405,-0.057854674132902,0.246969400107053,0.246463771622694,0.8653342228733022,1.3171586222850284,0.0752152970475834,0.0755511458508412
0.43914,-0.42975,0.0118858237451172,0.146800844984881,0.147245503140548,0.0836405693399395,-0.443504553009003,2.98236612075572,12.3883296856928,0.8688899999999999,0.43914,0.021550488088275,1.0030289883917896,2.98236611873028,36.9465344365172,0.0216812381951131,5.900961189833659,-0.0653040510529344,0.0123156977154212,0.1373638545993953,0.136976191846549,0.3640457129574592,0.6253446717387269,0.0213215594954302,0.0214495431258081
0.44685,-0.57891,0.0221673441357422,0.138188796289513,0.139922157920744,-0.0815336788586023,0.402783305604845,3.19356138184425,6.31208488774874,1.02576,0.57891,0.0190961434199445,1.0125434302672784,4.137371865821097,26.115442330099995,0.0195782102771976,7.330933245382958,0.0563583092946804,-0.0114083682891125,0.1309599775493831,0.1294382237800788,0.4567347355489883,0.705944938789806,0.0189161005454235,0.0193890224374006
3.6917,-4.9537,0.0134801583349609,0.676590888137152,0.676559991070619,-0.668344954698771,11.4833058815407,5.45657450739599,50.189320797216,8.6454,4.9537,0.45777522991022,0.9999543340487286,7.321893201856132,367.48084407914223,0.4577334215174761,12.778467708445609,7.769145324676363,-0.4521754565830937,0.516744069803537,0.5167624984801142,1.784012875029225,2.2664811177631643,0.3769114584031948,0.3768827784040965
0.61834,-0.59831,0.0101624484130859,0.187658848685308,0.187888061386467,0.027827345462422,0.264404978893485,3.29100207558231,18.4884639753279,1.21665,0.61834,0.0352158434898953,1.001221432416551,3.2910020738307373,60.84557271840354,0.0353019236115647,6.4753981193617856,0.0496785389052266,0.0052284259924659,0.1721769920788876,0.1719840152945534,0.4814009325311632,0.7959970471743943,0.034609949409646,0.0346930978115451
0.17545,-0.21216,0.0126129209912109,0.0669884403150148,0.0681494370741161,-0.265426039721423,-0.240361112841966,2.57448935064847,5.40314468960875,0.38761,0.21216,0.0044874511358383,1.0173312985331282,3.113158505740099,16.82084573952025,0.0046443457735189,5.6876478526108585,-0.016380474534688,-0.0180886351918269,0.0659276531038248,0.0648401384418249,0.192403892135467,0.3275828427752958,0.0044774125475692,0.0046335940765668
0.54574,-0.5351,0.0217270535253906,0.157680198821652,0.159131925761585,-0.002371643148311,0.0432400189449353,3.42948152853777,7.32413742045697,1.08084,0.54574,0.0248630451004357,1.0092067796074655,3.429481526382655,25.117993880322505,0.0253229697965906,6.792100291302504,0.0068808674846749,-0.0003774041414099,0.1476713851115254,0.1464181741890442,0.4355027600841672,0.7327716583431628,0.0245589891269938,0.0250076554436385
0.3027,-0.28664,0.0124091273583984,0.0926689442618991,0.0934736676340009,-0.0199847207726701,0.0114497654540413,3.23834516887934,7.5326543869129,0.58934,0.3027,0.0085875332306149,1.0086838506432008,3.2383451654148945,24.393334746121496,0.0087373265409516,6.30487723748138,0.0010702515705383,-0.0018680451472628,0.0893594800344965,0.0886232760887253,0.2644390337213813,0.4633188357170139,0.008550870114748,0.0086993769949229
0.50381,-0.41786,0.0166458328027344,0.144896548522105,0.145814409622984,0.0457849962181745,-0.309916252096135,3.45514549146855,8.7598146245366,0.92167,0.50381,0.0209950097736187,1.0063345953344465,3.455145489098989,30.266433824241947,0.0212618420536993,6.320843061745232,-0.0451902553319658,0.0066761121931436,0.1361156589500788,0.1353142822886222,0.4080018877601343,0.6531945996567855,0.020777651583531,0.0210389627710638
1.3844,-1.4853,0.0197799235498047,0.286693575444292,0.28730527000945,0.0109605041879749,4.35969439608237,4.81856806857203,14.5250950685442,2.8697,1.4853,0.0821932062010319,1.0021336176229154,5.169762460097476,75.09129086120943,0.0825443181752029,9.988330526992344,1.2525631756251312,0.0031490106151658,0.2525510955222326,0.2520758081476843,0.9103933766080712,1.353176984657063,0.0789897284402355,0.0793141206340199
0.49004,-0.46292,0.0112108743066406,0.183986791336148,0.18428319025955,-0.0145823767759612,-0.597391788939534,2.65916820362082,16.4378963869385,0.95296,0.49004,0.0338511393861712,1.0016109788158616,2.659168202177833,43.7111310166611,0.0339602942122375,5.171171598129516,-0.1100892647006371,-0.0026872869138409,0.1691376888250654,0.1688873804334944,0.3988029652346139,0.6693461703739931,0.0332907999447729,0.033396375167343
0.46813,-0.47272,0.0129036471630859,0.136815101090202,0.137388995798095,0.0770204315524558,0.445733103037354,3.40733256896321,10.647299485306,0.94085,0.47272,0.0187183718863221,1.0041946729776208,3.440741355665986,36.63460340800957,0.0188757361664089,6.848073922149143,0.0612388234202708,0.0105817597469278,0.1287352809695692,0.1282305815709003,0.3871110311561695,0.6631260214479344,0.0185453390898422,0.0186997999609035
0.42891,-0.40284,0.0177044908251953,0.130281583217231,0.131447526341343,-0.016329001035904,-0.144340229772334,3.2629750588551,7.42453017368222,0.83175,0.42891,0.0169732909255882,1.0089494078474082,3.262975056372752,24.22605664360658,0.017278452181258,6.327620020838956,-0.0189731661551143,-0.0021464067937948,0.1234978097101597,0.12246679036972,0.3569119158586689,0.6052717940579362,0.0168308541115135,0.0171308772123837
1.3114,-1.1831,0.0203258213623047,0.277301968737804,0.277978369335559,-0.0557183695494637,3.73069128355526,4.71763325734512,13.676119866481,2.4945,1.3114,0.076896381865862,1.002439219961509,4.717633255648004,64.51891759612568,0.0772719738184564,8.973719808002096,1.0370514794970749,-0.0154885015093959,0.2452794304095708,0.2447500163930536,0.8378534015592038,1.2511903039350467,0.0740831835790738,0.0744318953734972
4.9199,-5.0443,0.0101332634765625,1.2565771936269,1.25631124216701,0.0498233792095734,2.63990386078896,3.91614739633602,123.978937789663,9.9642,5.0443,1.5789862435432556,0.9997883523899546,4.015167444412561,497.7961899330339,1.5783179371952156,7.931314840436857,3.316540898549264,0.0625936714237371,0.8137312860733992,0.8138491491511073,1.7991156791813148,2.394635419791859,0.9473963928575508,0.9471372239862336
3.6133,-4.7593,0.0129357629345703,0.703486179138095,0.70343335954726,-0.511172439635285,10.3709338361056,5.13666284227062,54.378961883057,8.3726,4.7593,0.4948928042383158,0.999924917230226,6.765815033831453,367.9179950406454,0.4948184913239448,11.902477875371847,7.295260829974115,-0.3595757465206175,0.5326458376279819,0.5326768448708823,1.7508159395449234,2.237790539082881,0.4020545014212526,0.4020047889861445
0.19964,-0.17774,0.0183981041943359,0.061425117849567,0.0641068875675595,-0.0401804305121852,-0.119287376203852,3.11417396125507,3.48442898737879,0.37738,0.19964,0.0037730451028331,1.043659169204923,3.114173956397284,10.851117963357876,0.0041096930335997,5.886730954043314,-0.0076471424145295,-0.0025758423412607,0.062135844114049,0.0596124559607124,0.1820215117849526,0.3201831439126902,0.003765945021839,0.0041012713110957
0.84552,-0.73141,0.0312512104980469,0.191153012688892,0.193644702683722,0.0935770700583652,0.955134648107509,4.36634717233128,6.1963904628854,1.57693,0.84552,0.0365394742600397,1.0130350542660909,4.366347170076451,27.05559188970562,0.037498270877467,8.143419248401761,0.1849567649557,0.0181207039094659,0.1770114017463815,0.1749217562511208,0.6127610806006928,0.9465987679330394,0.0358877363557196,0.0368123064971993
3.5791,-3.4856,0.0165161534521484,0.541458317520937,0.54157800920265,-0.0325687454504403,11.0148172294731,6.60865090380869,32.7908075431571,7.0647,3.5791,0.2931771096126038,1.000221054101152,6.608650902588424,216.70299859463557,0.2933067400519056,13.044658163090286,5.965382786869091,-0.0176385163232773,0.4328065730984295,0.4327289277714928,1.5215024722659334,2.087496513117184,0.2571020661345406,0.2572023029401384
1.3445,-1.4361,0.0212256362744141,0.274123583924359,0.274877382881625,-0.0970612213252686,4.0744318461619,4.8912718314806,12.9502540855734,2.7806,1.4361,0.075143739263535,1.002749850436798,5.224511323639895,67.65874881994633,0.0755575756198514,10.115783153341056,1.1199691626025308,-0.026679934497184,0.2428500036968091,0.242258557095528,0.8903983999082051,1.3298827271939275,0.0724543635839381,0.0728392021094553
0.58579,-0.6054,0.0133115357080078,0.163728415813211,0.164228809211416,-0.135852013541742,0.642363632896171,3.56691376386891,12.3373300281665,1.1911900000000002,0.6054,0.0268069941447037,1.0030562397822884,3.686320338912163,45.47935029674116,0.0269711017749996,7.25323410060915,0.1054946145112573,-0.0223108144129334,0.1520589014790735,0.1516290023378585,0.4733729467153394,0.7844447752469347,0.0264539815856344,0.026613792064645
0.54803,-0.55638,0.0118719911523438,0.14746355142808,0.147904784419808,-0.052374877731153,0.323092670413381,3.7052891977077,12.4582963819518,1.10441,0.55638,0.0217454989997819,1.0029921488202052,3.761744434477624,46.86492671481358,0.0218758252542698,7.467033629680134,0.0477869517651112,-0.0077464949998399,0.1379383540567653,0.1375538989867255,0.4423626118786452,0.7440351428115235,0.0215124382651545,0.0216399826914313
1.4075,-1.2972,0.0178749150927734,0.280571877159453,0.281072327097498,-0.145833078583336,3.71019980271018,5.00760787991686,15.7244006832307,2.7047,1.4075,0.0787205782527791,1.0017836778330504,5.007607878135251,78.7416323278017,0.0790016530600029,9.622790073174006,1.0428344925444284,-0.0409896427652105,0.2476974827551351,0.2473067571863147,0.8785888646901435,1.3096022838097494,0.075775689117979,0.0760362183044838
0.43642,-0.3657,0.0229484451464844,0.150804266657837,0.15250394591742,-0.0206122709598525,-0.437007945435757,2.86169644578455,6.64550233987347,0.8021199999999999,0.43642,0.022741926842208,1.0112707630634374,2.8616964439080754,19.017410343598662,0.0232574535203833,5.259667182043778,-0.0666454360762175,-0.0031434526556965,0.1419369196723238,0.1404610602464615,0.3621539069709911,0.5889637496437582,0.0224871842173437,0.022991120527426
0.38427,-0.25806,0.0101531947802734,0.0984041673674526,0.0989026759322585,0.166721387775994,0.300821825986183,3.88533471291715,9.7410399458125,0.6423300000000001,0.38427,0.0096833801552816,1.0050659283812424,3.885334708988713,37.84720026861659,0.0097817393065613,6.494566434082078,0.0297520835688617,0.0164891913861855,0.0943121145685668,0.0938583694988884,0.3251729248737434,0.4961159652590202,0.009636796711705,0.0097342078037903
1.3958,-1.2663,0.0212364859765625,0.2902146359238,0.290919916780946,0.0163424847800081,3.80155306593469,4.79788395186087,13.6990609982281,2.6621,1.3958,0.0842245349043837,1.0024302039580393,4.797883950211657,65.72650460946384,0.0846343979798325,9.150628215975392,1.10594750158007,0.0047543543121938,0.2553550780124412,0.2548085889702797,0.8737172043150936,1.2980367533617263,0.0808650170885036,0.0812429698212641
0.44477,-0.47084,0.0089218143164062,0.154146642930022,0.154367043616652,-0.0541276041191329,-0.109347304488091,2.88124971224118,17.3022031329197,0.91561,0.47084,0.0237611875265957,1.001429811135018,3.0501329083184947,52.77401860480071,0.0238291841549453,5.93138261869318,-0.0168796201212764,-0.008355518225923,0.1435521795743843,0.1433612336089485,0.385833666158937,0.6500361097692045,0.0234832841123387,0.0235497003539025
1.3579,-1.3881,0.0215811190820312,0.265080240828061,0.265892776244339,-0.0443243432091134,4.65541009302588,5.1069458116913,12.3206204105386,2.746,1.3881,0.0702675340774628,1.0030652428616833,5.220525427897933,64.32011186684679,0.0706989684589221,10.32747123766856,1.2378399141905678,-0.011785522671078,0.2357776252254832,0.2351355516524252,0.8704980707004796,1.3206886040218968,0.0679086490691577,0.0683116767548202
0.54365,-0.50193,0.0143329735986328,0.169169206140424,0.169734147118299,-0.076893280098676,-0.192670385331797,3.20295007946217,11.8422144539839,1.04558,0.54365,0.0286182203061812,1.0033395018539728,3.2029500775751334,37.930021461761136,0.0288096806979763,6.160104004618796,-0.0327027435292465,-0.0130514153166772,0.1567764983050101,0.1562934163614364,0.4341497419680733,0.7156813678645252,0.0282163678963111,0.028402484155602
1.6088,-2.0634,0.0032455279296875,0.528455178239717,0.528336113716891,-0.0475817047670017,0.22168709548997,3.04503129396541,162.788959196467,3.6722,2.0634,0.2792648754083711,0.9997746930530608,3.905468405506587,635.7671174384149,0.2791390490574676,6.950499698895652,0.117125298492356,-0.0251391329806221,0.4241796362645466,0.4242575379015995,1.1195254102483163,1.5416300528288585,0.2462855968616605,0.2461872336987513
0.51194,-0.48086,0.0129154696386719,0.18217529946749,0.182588181688153,0.0716348060447674,-0.466285977460411,2.80379592625746,14.137169363276,0.9928,0.51194,0.0331878397360696,1.0022664001192436,2.8037959247218733,39.63773756266358,0.0333384440921859,5.437372727397499,-0.0851383087711795,0.0130796689812975,0.1677054108557166,0.1673562154895427,0.4133935944302859,0.6895406849658335,0.0326490126542879,0.0327947687064238
2.418,-2.6451,0.0185296507617187,0.412664297946156,0.412979443135665,-0.491181485785373,13.6516144849293,5.85501297992133,22.2874920011368,5.0631,2.6451,0.1702918227993938,1.0007636839217764,6.404919284300997,142.7495865809668,0.1705520204526439,12.259932262804575,5.637836147888881,-0.2028478564781919,0.3457005552141589,0.3454774944041681,1.2933837999265427,1.8022212204386512,0.1572531389054325,0.157475449893901
3.8086,-3.7677,0.0144868556445313,0.527987231736955,0.528057068362193,-0.362762535662692,16.1401989249137,7.21247802214379,36.4507717422817,7.5763,3.8086,0.278770516877253,1.000132269344838,7.212478020777942,262.9003882666343,0.2788442674472738,14.347502291871008,8.522946127072549,-0.1915593210936766,0.423997038451471,0.4239513345163233,1.5704059814603422,2.149002585059897,0.2458990826337782,0.2459567540004696
0.49233,-0.37217,0.0202439853466797,0.145360927278869,0.146728663993555,0.0741735216830986,-0.42181405408878,3.35537710628664,7.24801275444615,0.8645,0.49233,0.0211297991793726,1.0094092452445704,3.3553771039998543,24.319815942208603,0.0215293008373335,5.891827648950652,-0.0618922126101518,0.010883381740258,0.1369132486918459,0.1357198076656024,0.4003386569496269,0.6229929206367385,0.0209096605629614,0.0213008189927272
0.3657,-0.32315,0.0136470410253906,0.101902624054607,0.102787723657864,-0.11113581790681,0.230658637971836,3.55781786954694,7.53186888400385,0.68885,0.3657,0.0103841447892145,1.0086857380818195,3.5578178660856024,26.797017510235804,0.0105653161347654,6.701675791777596,0.0237088763391483,-0.0114233977394958,0.0978412681304476,0.0970383438996354,0.3116671177022418,0.5240478239351122,0.0103305999171818,0.0105098932142575
0.21174,-0.20236,0.0146271316699219,0.0638792513597988,0.0655173204187133,-0.0909491020940992,-0.0101624391880182,3.23181715379681,4.47916391929651,0.4141,0.21174,0.0040805587542883,1.025643208420271,3.231817148864048,14.475838690084528,0.0042925192748483,6.320466049610855,-0.000665815784517,-0.0059587414636933,0.0634604280965979,0.0619218989153799,0.1920573431819595,0.3464932863315937,0.0040722558537331,0.0042833326936547
0.69323,-0.65547,0.0119686580908203,0.210414662830379,0.210703490206401,0.08554432016019,0.304966365976554,3.29007364482158,17.6046043430721,1.3487,0.69323,0.044274330334022,1.0013726575515205,3.2900736432601003,57.92044429271883,0.0443959607851589,6.400938105195818,0.0642574777068225,0.0180244868250858,0.1912015875277665,0.1909629974556299,0.5266379474382166,0.8538619835998411,0.0433222234620245,0.043438690337425
0.30625,-0.36967,0.0111122902392578,0.095482931583479,0.0961042223981555,-0.180914043753139,0.601543996228261,3.18664458603307,8.64846222776254,0.6759200000000001,0.36967,0.0091169902237753,1.0065068248714446,3.846553152303948,33.26676938002779,0.0092360215627541,7.033197735021194,0.057810917995796,-0.0173866034958013,0.0917622774337042,0.0911952994513855,0.3145698349123627,0.5163622682237525,0.0090756813536167,0.009193630333227
0.44185,-0.40534,0.0120778155224609,0.101206705416639,0.101900291870309,0.178622503299097,1.64572620587617,4.3361014172791,8.43698031989364,0.84719,0.44185,0.0102427972212903,1.0068531660044595,4.3361014130238535,36.58360201974763,0.0103836694832541,8.31391140907475,0.1676999807173979,0.0182016852207832,0.0970362273906852,0.096406583458331,0.3659270112606731,0.6136655654445344,0.0101906952517376,0.010330129496031
1.8721,-1.6335,0.013414524453125,0.516257195202144,0.516305436362255,0.0148024456598357,0.574415285727749,3.62595446058112,38.4885381637199,3.5056000000000003,1.8721,0.2665214915979846,1.0000934438503717,3.625954459878831,139.55768559563913,0.2665713036172185,6.789779367849597,0.2965737347508148,0.00764258316563,0.4162767420997744,0.4162449266578686,1.055043469521317,1.5053210675415316,0.2362741595994571,0.2363134886120653
0.37426,-0.35569,0.0177940290869141,0.143993294879005,0.145053687937066,-0.074083135664286,-0.626142469557064,2.58014811841515,8.15181807495978,0.72995,0.37426,0.020734068970112,1.0073641828823738,2.5801481166364018,21.03289794956807,0.0210405723841437,5.03227466931743,-0.0908242743832742,-0.0107460320420466,0.1354515249349521,0.1345250318206788,0.3179154044285375,0.5480925063579204,0.0205220439148702,0.020822276281485
0.85261,-0.90852,0.0308820136914063,0.198151619267243,0.200495863003479,-0.203953685000649,0.953665538271332,4.25250669628632,6.49231831210776,1.76113,0.90852,0.0392640642182304,1.0118305550250957,4.531365315657904,29.41906593710604,0.0401985910815098,8.783872009823234,0.191205995112388,-0.0408918700869448,0.1827346906119911,0.1807800520084168,0.646328072582349,1.0156400162292962,0.0385128321052072,0.039411647887075
5.1253,-5.0022,0.0087126695605468,0.945560319869632,0.945369591490114,0.0807306298368814,6.82305959083183,5.42147753231769,108.505158484488,10.1275,5.1253,0.8940843185119607,0.9997982905209852,5.421477531744207,588.25827211247,0.8937236645141851,10.712741440059988,6.450313058097392,0.0763202825496321,0.6654519803503213,0.6655500177778852,1.8124277348231663,2.409419521907872,0.6387355125226716,0.6385450836516826
4.1692,-4.7626,0.0113936367382813,0.585279059958636,0.585247068742322,-1.08992836814577,21.107565568864,7.12382893084707,51.3661337627136,8.931799999999999,4.7626,0.3425515780260647,0.9999453400634036,8.137759680575428,418.0052486839159,0.3425141314714802,15.261588610205266,12.35314087746402,-0.6378773825964144,0.4607402745140184,0.4607604548973469,1.751388761751371,2.2957417305120376,0.2945719660491449,0.2945440735812217
1.4253,-1.4392,0.0198796629296875,0.277165691077383,0.277810207052286,-0.0811417630697012,4.31382837389349,5.13048103999918,13.9745934342486,2.8645,1.4392,0.0768208203104033,1.0023253811543742,5.180515196877126,72.39559331819437,0.077178511142434,10.310996235029547,1.1984255537393766,-0.0225420099989812,0.2451478371431564,0.2446433188899346,0.891670116691908,1.351832307564789,0.0740130150765301,0.074345132946852
1.3316,-1.2984,0.0218620953173828,0.288024772689494,0.288783160739823,-0.270775153472457,3.84498790419028,4.61107218505616,13.2093084650586,2.63,1.3316,0.0829582696828346,1.002633065006819,4.611072183459434,60.90907456845283,0.0833957139268824,9.107179214853044,1.110367759978457,-0.0781953046695868,0.2536984869509352,0.2531098609517774,0.8465547271892576,1.289232648276759,0.0796964351276574,0.0801002881021047
0.88641,-0.88912,0.0328598550439453,0.203990619102268,0.206571111996677,-0.185743399831866,1.59917624918883,4.29106466742678,6.28642797481662,1.77553,0.88912,0.0416121726817265,1.012650056186409,4.304183634272562,27.057940337994086,0.0426716243115436,8.595248299622055,0.3303436160736116,-0.0383692206493119,0.1877825450809292,0.1856415554129768,0.6361111121766626,1.0208417199529314,0.0407696789262758,0.0417862887781494
0.56702,-0.40075,0.0101254863964844,0.127952482239305,0.128321351008251,0.55697144847559,1.17929391500989,4.4187502355983,12.6731048745278,0.96777,0.56702,0.0163718377111996,1.002882856683998,4.418750232154785,55.999284597028606,0.0164663691245827,7.541769094868677,0.1513285884098786,0.0714713287414101,0.1207309981492696,0.120404026514181,0.4491757265342977,0.6769009218815414,0.0162392642004262,0.0163322685655876
0.64692,-0.5981,0.0133435070703125,0.184031995619748,0.184470289187743,-0.0298321828276496,0.338151035836024,3.50690619529306,13.8247230069046,1.24502,0.64692,0.0338677754117869,1.002381615578752,3.506906193392001,48.482006397786456,0.0340292875930095,6.749162723206747,0.0623788193698061,-0.0055031513933181,0.1692956613031688,0.1689255594241802,0.4989068768524617,0.8087144298405043,0.0333068911315362,0.0334631002431409
0.61542,-0.59351,0.0129155361181641,0.191164836316802,0.191554070616796,-0.0251334291908521,0.0100241038494335,3.21277432538172,14.8312906924088,1.20893,0.61542,0.0365439946440297,1.0020361181862198,3.212774323704509,47.64958957991137,0.0366929619698644,6.31116841044505,0.0019201578966444,-0.0048144106700667,0.1752583968180638,0.1749316824059494,0.4795949847838852,0.7925082353890338,0.0358920973803072,0.0360358024455829
0.18755,-0.18379,0.0160297957958984,0.0622879511333967,0.0643027898422929,-0.0950581996339917,-0.349132126527269,2.91666971930735,4.01145408594326,0.37134,0.18755,0.0038797888563964,1.0323471645639215,2.9166697147715137,11.700086589872868,0.004134848781502,5.774866072424708,-0.0224501697592757,-0.0061125074338512,0.0623199273545697,0.0604250264947518,0.1718923613034154,0.3157883639995507,0.003872281886319,0.0041263237859113
0.45582,-0.45937,0.0130308543066406,0.154170259789554,0.154682469820545,-0.0395426410826513,-0.142694600848458,2.94681097689234,11.8704780347147,0.91519,0.45937,0.0237684690035785,1.0033223653599463,2.9697612162254865,35.252485037811674,0.0239266664697838,5.916572191212754,-0.0220723532892963,-0.0061165533858918,0.1438253882726122,0.1433816960155661,0.3780048357450589,0.6498168344211398,0.0234903965631496,0.0236449092772538
1.4482,-1.3132,0.0216713089013672,0.258546987712324,0.259390729537767,0.0195932568562404,4.56433565662921,5.58308310624935,11.9693153153939,2.7614,1.4482,0.0668465448551166,1.003263398009709,5.5830831040969615,66.82568182238718,0.0672835505701349,10.645715842876228,1.1839463558282937,0.005082309189961,0.2306280560304588,0.2299578711793857,0.895353060659275,1.3247912285258407,0.0647071427218245,0.0651166826295022
0.50235,-0.4819,0.0115074054101562,0.189191007184472,0.189494539267355,0.029575670318992,-0.534044298341582,2.65099987546998,16.4671820026529,0.98425,0.50235,0.0357932371994749,1.0016043679202289,2.6509998740709984,43.6544970590144,0.0359081804121471,5.194081071074709,-0.1011984782625959,0.0056044280206205,0.1735284599704763,0.1732732500416287,0.40703054883287,0.6852410089888479,0.0351675459261686,0.0352785109637103
4.4329,-3.9647,0.0121543554394531,0.62499719998532,0.624962795045711,0.0082609149832366,12.5548603571931,7.09306223528998,51.4188348496932,8.3976,4.4329,0.3906214999894901,0.9999449516900166,7.093062234155016,364.7169926542616,0.3905784951913473,13.436959872214617,7.846320620239992,0.0051627645175585,0.4854849201631125,0.4855060926942594,1.6924730613628127,2.2404543375275394,0.3297507695078104,0.3297198441531284
2.5614,-2.7212,0.0143292742773437,0.667115971730638,0.667106993919004,-0.017990261244467,0.965046699636179,3.83956400299858,46.5555324719953,5.2826,2.7212,0.4450437197381133,0.9999865422025358,4.079105787223212,189.90494063694837,0.44503174133565,7.918669789646238,0.6437894027857473,-0.0120014290986139,0.5110897852236828,0.5110951704733955,1.3140461969122663,1.8377839075393343,0.3681395769808226,0.3681312876453885
3.6542,-4.0723,0.0126848450878906,0.594983605276241,0.594973563781607,-0.42227287925097,15.7819806793516,6.14178548837394,46.9042829974793,7.7265,4.0723,0.3540054905475137,0.999983122905332,6.844505785151728,321.03663384773205,0.353993541598986,12.986291272493386,9.389861288326289,-0.2512411998562698,0.4668571616678562,0.466863457360307,1.6237943636507195,2.166364373082754,0.3030672295391095,0.3030584046108979
0.47272,-0.41327,0.0230120546386719,0.146098480996975,0.147864460095117,0.0819020237918019,-0.195922614198183,3.19698188256944,6.42552185873179,0.88599,0.47272,0.0213447661496234,1.0120875931418465,3.1969818804073302,20.542276879152,0.0218638985592204,5.991906363644633,-0.0289699915688382,0.0121103985286722,0.1379032248077857,0.1363635491527199,0.3871110311561695,0.6344528819702736,0.0211201571583106,0.0216283112492114
0.74684,-0.69949,0.0108691638427734,0.216107100117199,0.216327560880888,0.0236734361584062,-0.116725994473719,3.45235714283867,19.9028705436911,1.44633,0.74684,0.046702278721065,1.0010201453976637,3.452357141242772,68.71181665233348,0.0467976135966743,6.685833249549647,-0.0252510496758956,0.0051212167018174,0.1958361229932635,0.1956548554198092,0.5578084413824327,0.8945889423104294,0.0456445349290351,0.045735611958487
4.7509,-4.5807,0.0137074775097656,0.770467556072855,0.770401386460617,-0.0018543450677508,11.0789089680067,6.16678537122917,56.2030020411676,9.3316,4.7509,0.593620254960878,0.999914117458019,6.166785370428702,346.59184827814875,0.5935182962604408,12.112646943251274,8.535206829423325,-0.0014285900111716,0.5712062928884998,0.5712436676760559,1.74935636430014,2.3352071598113007,0.466008317958737,0.4659443366169575
0.93251,-0.77751,0.0305944623974609,0.173093349352217,0.175734740943948,0.0666182224288168,2.08871809172715,5.30634975754413,5.74400486797025,1.71002,0.93251,0.0299613075899686,1.015259924775216,5.3063497545246125,30.47969873886135,0.0308826991746365,9.73068836498502,0.3670603327546081,0.0117071360606744,0.1618932636120443,0.1596441482203267,0.6588196761102947,0.9969560149381778,0.0295212360893129,0.0304154247256549
0.3705,-0.31918,0.0139726236474609,0.125473213394615,0.126218359290496,-0.0540367885508693,-0.410464878851909,2.93538913104775,9.03326121672444,0.6896800000000001,0.3705,0.0157435272795705,1.005938684242856,2.9353891287220923,26.51613660371604,0.0159310742219847,5.464181307144543,-0.0518082035550601,-0.0068204347922181,0.1188654356860557,0.1182035813431952,0.3151756367607034,0.5245391618937497,0.0156208835095703,0.0158055065223385
0.4504,-0.39199,0.0082285444287109,0.130444338363566,0.130671825176089,0.134441293976674,-0.156648705193975,3.44680270129429,15.8803086388099,0.84239,0.4504,0.0170157254111084,1.0017439370324726,3.4468026986565445,54.73629004843711,0.0170751258948503,6.446607738279942,-0.0204695722191678,0.0175676892629671,0.1228119916120671,0.1226107752243744,0.3718393804585043,0.6110636418066122,0.0168725794946749,0.0169309844412588
2.1898,-2.2449,0.0116584037597656,0.541972780534869,0.541965855172274,-0.0653907302028832,1.0015191637698,4.04047594345945,46.4871406360668,4.434699999999999,2.2449,0.2937344948406972,0.9999872217520096,4.142142864096488,192.55637624181043,0.2937269881726143,8.182618806810412,0.5427891900639205,-0.035439543014745,0.4330581316873312,0.4330626229327243,1.1770845330402246,1.69280432125763,0.2575329932955301,0.2575271909536346
0.1961,-0.17232,0.0119674702148437,0.0629145577006379,0.0640275657734084,-0.218632190389825,-0.148208139114013,3.06274332986501,5.35013370611881,0.3684199999999999,0.1961,0.0039582415706668,1.0176907859115434,3.062743325081537,16.386086185379533,0.0040995291788681,5.754084119462212,-0.0094894063752769,-0.0139984869503688,0.0620612982656292,0.0610147176726931,0.1790662640732819,0.3136567896239765,0.0039504283434749,0.0040911490044962
1.046,-0.99802,0.0158268806738281,0.315346726239396,0.315666741163978,-0.0012048706505897,0.277425296008914,3.31362118208278,19.944975113509,2.04402,1.046,0.0994435577499045,1.0010148030654915,3.313621181033059,66.09009159465606,0.0996454914770859,6.47524662185009,0.0875739391075858,-0.0003803375917957,0.2743435646358402,0.2741003010188919,0.7158866675294348,1.113179010280089,0.0948041952247192,0.0949878473854354
0.44581,-0.39929,0.0206485601806641,0.13516166247407,0.136697175496873,-0.0669153822358359,-0.0763276637254369,3.26129635363387,6.62017953314149,0.8451,0.44581,0.0182686750027544,1.0113605655151032,3.26129635124808,21.59036726727476,0.0186861177888228,6.18227842901629,-0.0104337760435423,-0.0091471437489323,0.1281268428801976,0.1267750746884804,0.3686697181461134,0.6125334765656996,0.0181038076706215,0.0185136771418437
0.60165,-0.5497,0.0111415867480469,0.178482245663528,0.17878616369233,-0.002791514279108,0.393893839799884,3.36519329893654,16.0467416118868,1.15135,0.60165,0.0318559120170959,1.001702790815422,3.3651932970542937,54.00038685741324,0.0319644923278206,6.439816010244263,0.0704227685198624,-0.000499084128854,0.1644852341914863,0.1642273780820337,0.4710343478727419,0.7660955520652121,0.0313590371730992,0.0314642598083597
1.3694,-1.3479,0.0121325260107422,0.260318499147521,0.260537579736327,-0.028193945454058,4.13618153119151,5.25605558087197,21.4743062990878,2.7173,1.3694,0.0677657209984178,1.0008415863238276,5.256055578854591,112.87014653836404,0.0678798304548629,10.42958947306965,1.0776307254867312,-0.0073455823118182,0.2315382805582921,0.2313644661218451,0.8626367585385217,1.31299759830842,0.0655683541135292,0.0656752159066541
0.19923,-0.18671,0.0152094103125,0.0616640522483884,0.0634974395869599,-0.084370868320627,-0.30957003488494,3.13760682786515,4.17487846552301,0.3859399999999999,0.19923,0.0038024553396919,1.0297318643318034,3.137606822923834,13.099127092807024,0.0040319248340996,6.078040341510938,-0.0196569045880395,-0.0053573341140883,0.0615629481206633,0.0598375377925971,0.1816796841711242,0.3263786097873804,0.0037952442804267,0.0040238184075286
0.73433,-0.68718,0.0314472339208984,0.172987564500763,0.17578115463409,0.0703133402822756,1.06249802324049,4.17752404419346,5.58971752734264,1.42151,0.73433,0.0299246974719056,1.0161490800785264,4.1775240418169135,23.35117929646842,0.0308990143244938,8.086816827152862,0.1867671293216515,0.012359760140998,0.1619327391607619,0.1595539681665177,0.5506211716701145,0.8843913125243108,0.0294856903183558,0.0304312509886883
5.0856,-5.061,0.0089494974804687,1.08701615610958,1.0867875882664,0.115486150485179,3.88947513008576,4.67947927903036,121.435599109133,10.1466,5.0856,1.1816041236432466,0.9997897290285208,4.679479278599784,568.2553634182511,1.181107262009898,9.336323039216722,4.227033296248045,0.1255089149639582,0.7356258444133159,0.7357353693729964,1.8059253247009543,2.411134518669262,0.7800604427396293,0.7798326662072963
5.0835,-5.2217,0.0115176729003906,1.05167309465789,1.0514793900956,0.0739135086369976,4.08102573508718,4.83461687207945,91.2926942090828,10.3052,5.2217,1.1060162980273034,0.9998158128573836,4.966050736409241,453.3641474126689,1.105608907795815,9.8006676080289,4.291114450893916,0.0777185309814561,0.71856118658866,0.7186556040216721,1.8280431813053015,2.425262796860485,0.7447981525362091,0.7446046926660403
0.46855,-0.43809,0.0204702956054688,0.149650511997173,0.15100785923242,0.0403389535040056,-0.274068941842734,3.10281863726605,7.37692616378619,0.90664,0.46855,0.022395275741016,1.0090701135346976,3.102818635211304,22.889263874914285,0.0228033735499583,6.003925914903376,-0.0413865641897658,0.006091499012316,0.1406379578940357,0.1394579935762483,0.3842755194255609,0.6453425306118056,0.0221481838763652,0.0225472627770873
0.85324,-0.5739,0.0303162523681641,0.179190561409681,0.181693847192679,0.143350237201904,0.807083174665377,4.6960313361364,5.99328191974946,1.42714,0.85324,0.0321092572983166,1.0139699639417823,4.696031333551819,28.144639608606305,0.0330126541076765,7.85464131705633,0.1466420470094332,0.026045856093197,0.1669488729070241,0.164828238188948,0.6169354586140582,0.8867136094647974,0.0316045309307066,0.0324794399246957
0.56305,-0.40033,0.0101305914404297,0.134309450196707,0.134658268129858,0.178592738026051,0.689820539477457,4.18132512633402,13.2922415163696,0.96338,0.56305,0.0180390284121417,1.0025971205479616,4.18132512322889,55.57918288906925,0.0181328491757327,7.154258053842907,0.0928900391664387,0.0240489888031574,0.1263315202499297,0.1260240518509026,0.4466390406909538,0.6746674778130749,0.0178782557157759,0.0179704097865496
0.22906,-0.21279,0.0121644045019531,0.0646033499519827,0.0657231137027446,-0.236189242783463,-0.116873888438458,3.48522745036096,5.40290432566527,0.44185,0.22906,0.0041735928250183,1.0173329037868917,3.4852274450580656,18.830350312683816,0.0043195276747838,6.722901190076426,-0.0076813158587226,-0.0155230924588226,0.0636535487613302,0.062602288428239,0.2062496495712389,0.3659270112606731,0.004164907543982,0.0043102252934259
1.1983,-1.3641,0.0218042907958984,0.286746223816493,0.28750421879883,-0.39555402060752,4.54069039587371,4.16793883932,13.1856716409649,2.5624,1.3641,0.0822233968730183,1.0026434345742516,4.744626027488014,62.561080592471846,0.0826586758271255,8.912564865358322,1.3054676450730212,-0.1137234496875013,0.252705630287341,0.2521167248788419,0.8603973998336151,1.2704344750253556,0.079017625723915,0.0794197529025376
1.0518,-1.0754,0.0322484774511719,0.232203599224083,0.234376083234505,-0.0809945831867165,1.9704327209767,4.48765925893396,7.26781856877983,2.1272,1.0754,0.0539185114926185,1.009355944166007,4.58835212492724,33.34731068446734,0.0549321483923476,9.076011381946463,0.4618223034196272,-0.0189831931705139,0.2105656466640319,0.2088041105680025,0.730153906189041,1.1401380354966082,0.0525151335559564,0.0534764505397256
0.48962,-0.5449,0.0106411097167969,0.145306243699071,0.145659974427698,-0.118661345288143,0.454874632972195,3.36139012740961,13.6884195637768,1.03452,0.5449,0.0211139044579338,1.0024343801021802,3.7409041280340496,51.20706480633064,0.0212168281502776,7.102294253135961,0.0662570274065384,-0.0172842085202271,0.135980867833412,0.1356720629906001,0.434959183335867,0.7102599188364552,0.0208940946229995,0.0209948850491412
1.8185,-1.7576,0.0137309956591797,0.569279951254978,0.569306561634205,0.0399195801758472,-0.0900252705100377,3.19423685330441,41.4614188049504,3.5761000000000003,1.8185,0.3240796629008701,1.0000467437491232,3.194236852743342,132.43759097254565,0.3241099611197608,6.281501462246613,-0.0512519772142587,0.0227264789317925,0.4506338413028917,0.4506168843835152,1.0362048285394927,1.5208471069855736,0.2807176240589051,0.2807405062714305
0.31939,-0.31355,0.0086071679638671,0.0974687115047608,0.0978243033084052,0.0318456903533831,-0.0140793641749091,3.26493508461877,11.3654460699583,0.6329400000000001,0.31939,0.0095001497223982,1.0036482651487828,3.2649350812812186,37.10744319502713,0.0095695943177748,6.470171296365367,-0.0013773039914358,0.0031152824721949,0.0933303150817238,0.0930063566813145,0.2771695085752432,0.490382071121033,0.0094553070841649,0.0095240957880806
0.68426,-0.62084,0.0304722785888672,0.174632887683098,0.177229552509645,-0.016249786623619,0.748924416278134,3.86086851944607,5.816091238231,1.3051,0.68426,0.0304966454605375,1.014869276683852,3.8608685172675994,22.45516349422168,0.031410314282769,7.36389603642759,0.1327315391605207,-0.0028799424116812,0.1631638411307544,0.1609556627634374,0.5213262982018492,0.8351240594554948,0.0300408660888692,0.0309271028588794
0.36174,-0.34338,0.0116935951953125,0.127227751517529,0.127733069972749,-0.0786749651873887,-0.406598420691633,2.83199957596866,10.9233360518544,0.70512,0.36174,0.0161869007562061,1.00397176204716,2.831999573751534,30.934882802469424,0.0163157371646631,5.520261899274843,-0.0519360645210135,-0.0100493948333843,0.1202094849771012,0.119761301169327,0.3087632937628529,0.533635489490509,0.0160572896754063,0.0161840658047218
0.54532,-0.48545,0.0101798602197266,0.120742863488116,0.121141859254479,0.126083477729504,2.55336702134241,4.50149934428912,11.9001495737367,1.03077,0.54532,0.0145788390833098,1.003304507235509,4.501499340573212,53.5685149768976,0.014675350063632,8.50878470491207,0.3093196283244905,0.0152739869134228,0.1143476831438144,0.11399173641156,0.4352310086444768,0.7084150314785408,0.014473589519895,0.0145687091760831
0.24909,-0.24554,0.0125397480273438,0.0653342388559548,0.0665110801920455,-0.176376366586976,0.620635405876117,3.74509028090917,5.3040204673183,0.49463,0.24909,0.0042685627668869,1.0180126263793183,3.745090275278393,19.86403534348842,0.0044237237883127,7.436805985230045,0.0412791312502491,-0.0117309826620479,0.064392648178671,0.0632885892255023,0.22241528619353,0.401878684572744,0.0042594782954223,0.004413967883273
4.4041,-4.2964,0.0119080303515625,0.997491568541434,0.997319104307053,0.0562234286262927,3.39506150465439,4.4159386709633,83.7518107414121,8.7005,4.4041,0.9949894293112502,0.9998271019627606,4.415938670520522,369.842856710374,0.9946453958158225,8.723887832443362,3.3859596988892715,0.0560726994786457,0.6918058335096101,0.6918921776438443,1.6871579247379913,2.2721774305726203,0.6906387517369372,0.6904662880848185
3.7919,-3.6659,0.0143942003417969,0.595557607680572,0.59558615594033,0.0237418364620989,9.83423897467408,6.36666914128189,41.3768143973173,7.457800000000001,3.7919,0.3546888640662061,1.0000479351776974,6.36666914021291,263.4324855578181,0.3547228691477791,12.521781986307614,5.857136587524708,0.0141403091134254,0.4672411646140878,0.4672232724338079,1.5669269924818836,2.1350890925186508,0.3035718073494683,0.3035969087994679
0.19798,-0.22155,0.0114605025390625,0.0623883322817719,0.0634172420110158,-0.300652074423562,0.148445909898318,3.12186392409828,5.53354809659189,0.4195299999999999,0.22155,0.0038923040049007,1.0164920200615029,3.4935294034414657,19.331612842604205,0.0040217465842837,6.615393322617007,0.009414030193567,-0.0190665253648329,0.0614875359974822,0.0605195172642243,0.2001205441566699,0.3503258309097485,0.0038847485886394,0.0040136809794699
0.43788,-0.36257,0.0186141637744141,0.131600645772768,0.132878744160656,0.0394546918953976,-0.0832246479683216,3.29533517769091,7.13858252087066,0.80045,0.43788,0.0173187299678095,1.009711945404308,3.2953351752109508,23.524021973497465,0.017656760649713,6.023913037813112,-0.0110587867052432,0.005242689910306,0.1247619543950982,0.1236331311174063,0.3631698065817251,0.5880366336573264,0.0171704700978061,0.017502690988496
2.1099,-1.8884,0.0132592225195313,0.629142649737263,0.629128769795631,0.0310568899459858,-0.0823261537390976,3.35368544771111,47.4483906480116,3.9983,2.1099,0.3958204737184244,0.9999779381645236,3.353685447178041,159.12697603342474,0.3958030089845641,6.355296707641102,-0.0517937518238844,0.0195387829653963,0.4880453748663034,0.488053894685462,1.1345905713333448,1.6090978546209955,0.3334823955821943,0.333469883340505
1.3406,-1.2532,0.0147418595751953,0.375955773865606,0.376152962656085,-0.0125291286479562,0.809626015152769,3.56397565111219,25.5159778681518,2.5938,1.3406,0.1413427439028867,1.0005244996995233,3.56397565016471,90.9383232195391,0.14149105131495,6.895599016408492,0.3045432242431544,-0.0047128688604279,0.3192918980538042,0.319148597908574,0.8504073067585287,1.279210138510216,0.1322054148194093,0.1323353475482683
0.37467,-0.37885,0.0118520001416016,0.11305867788821,0.113650751044713,0.0141198238241766,-0.0022634777281602,3.29667861018001,9.58916214030316,0.75352,0.37885,0.01278226464583,1.0052368652016677,3.333457950643945,31.96506853503108,0.0129164932130273,6.630136557923255,-0.0002572459437783,0.0016047285822367,0.1076435834143685,0.1071117913783146,0.3212498184205359,0.5616251962929593,0.0127012610437782,0.0128337867383051
2.224,-2.2122,0.0105657905078125,0.640297903474169,0.640228752001553,0.0158989291616322,0.456071053382984,3.47375839189834,60.5944961267365,4.4362,2.224,0.4099814051934163,0.9998920009385788,3.4737583913557657,210.4906374309124,0.4098928548894661,6.929085870383295,0.2919898013314215,0.0101789515753128,0.4948357150370442,0.4948778737998823,1.170622824644382,1.6930802873707431,0.3435765164970293,0.3435137120626382
0.20006,-0.21049,0.0102851853759766,0.0666801285546276,0.0674526023729069,-0.098665945625654,-0.15611606587054,2.96593449269729,6.558229133182,0.4105499999999999,0.21049,0.0044462395440616,1.0115847664643896,3.1205615837364573,20.46535772171027,0.0045498535668774,6.086496072036687,-0.010530434915188,-0.006655274798034,0.0652750645474664,0.0645511415778964,0.1910252363127002,0.3439796992541786,0.0044363842229673,0.0045395342721516
1.3462,-1.3758,0.0219857637353516,0.291636491037422,0.29239303598321,-0.197762463369154,4.11696552633646,4.60407682239498,13.2991984951181,2.722,1.3758,0.0850518429046203,1.002594136429352,4.705310421991278,62.576857019987074,0.0854936874914787,9.309387242811646,1.2037720492837316,-0.0578243670680252,0.2564955665160607,0.2559100120868303,0.8653342228733022,1.314261158220059,0.0816277673298371,0.0820348950189585
0.49192,-0.45875,0.0117760806933594,0.175344934561831,0.175697209803784,-0.0439661288254821,-0.45929289348794,2.79981680158364,14.9198374551612,0.95067,0.49192,0.0307458460764928,1.002009040880664,2.799816799990092,41.77281122913122,0.0308695095328348,5.410842895687471,-0.0806964798685376,-0.0077247261605109,0.1618613416674988,0.1615616658446441,0.4000638810410538,0.6681729033058065,0.0302826625957747,0.0304026301310901
1.404,-1.25,0.0222744190673828,0.282989888417122,0.283796271167458,-0.123025714729722,4.73659950947928,4.94721087850922,12.7409056240228,2.654,1.404,0.0800832769463351,1.0028495104703614,4.947210876765992,63.03194662224573,0.0805403235285533,9.351778965054802,1.34422927880383,-0.0349142390980065,0.2498215253637154,0.2491932043998876,0.8771340166729611,1.2958224579558149,0.0770381464470811,0.0774612155915029
0.93042,-0.69657,0.0103397379150391,0.181630336325801,0.181880128274278,0.463351726104992,3.48329573879926,5.11556709811041,17.5904002372957,1.6269900000000002,0.93042,0.0329895790738235,1.0013752760325862,5.115567095297821,89.98487182622118,0.0330803810610678,8.945397248961331,0.6335422757900553,0.084274471380084,0.1671064995215648,0.1668951258440218,0.6577375958220517,0.9658387040726328,0.032457102065149,0.0325450003348637
0.95191,-0.92667,0.0298772692675781,0.210859513170032,0.212914714573681,-0.0111968143525561,1.86180321828946,4.47085116642131,7.12631106500516,1.87858,0.95191,0.0444617342943028,1.009746780080143,4.470851164321469,31.860676030620912,0.045332675681992,8.82315721052518,0.396405300814461,-0.0023839665320089,0.1930263179877601,0.1913304488984014,0.6688083803705838,1.0572971170004393,0.0435016659142876,0.0443351846891064
0.43559,-0.37592,0.0144550602148437,0.129976834162827,0.130746614382148,0.150775602138291,-0.120685809211042,3.33155854213442,9.04504114399229,0.81151,0.43559,0.016893977418991,1.0059224409002332,3.3315585395863154,30.13408387875758,0.0170946771723941,6.206738149314012,-0.0157792609583135,0.0197133995110113,0.1228781352365976,0.122197131773245,0.3615759145384391,0.5941607516248131,0.0167528613065041,0.0169502072981854
2.504,-2.6017,0.0111056851660156,0.411175469525005,0.411225061957975,-0.141087412600089,7.11752568725258,6.08912304147429,37.0283378117327,5.105700000000001,2.6017,0.1690652667391083,1.0001206111177188,6.326705835923029,234.26739887555047,0.1691060515823403,12.415828875916596,2.9269049417279205,-0.0580186799879619,0.3444581654366567,0.3444230234131049,1.2814059562224616,1.80922276110436,0.156204512188147,0.1562393982915874
2.5478,-2.6273,0.0094201152197265,0.609041471025903,0.608965625546391,-0.0306112516087788,1.6338054637296,4.1838157904463,64.6452417345345,5.1751000000000005,2.6273,0.3709315134293958,0.9998754672988496,4.314365030392698,278.9031674058402,0.3708391330971073,8.498180820151964,0.9949313662412071,-0.0186411999846979,0.4755915039202525,0.4756386420882241,1.2884885698661737,1.820525076714898,0.3154904455975069,0.3154230582451472
5.0314,-5.0147,0.0147512561669922,0.678821353686474,0.67881590327992,-0.613489676451557,19.7303114928103,7.41202434369783,46.0174981435722,10.0461,5.0314,0.460798430220737,0.9999919706318554,7.4120243426059265,341.0828141639972,0.4607910305457337,14.799447022350318,13.393249217986211,-0.4164465488733695,0.5180887254369095,0.5180919720095062,1.7969791562622153,2.4020774244888954,0.3789831562555368,0.3789780907423272
0.48378,-0.57453,0.0062370375097656,0.166999998277851,0.1670756786196,-0.11865823121358,-0.200459300243005,2.89557405360881,26.7876661568897,1.05831,0.57453,0.0278889994248022,1.0004531751046952,3.4387410807064445,92.11584664816412,0.0279142823861998,6.334315132582176,-0.0334918736237102,-0.0198249045038102,0.1545012000618053,0.1544363518287128,0.4539568150452545,0.7218852577492892,0.027507183989787,0.027531780663625
1.4267,-1.4232,0.0211775015966797,0.259604158280181,0.260403337513013,-0.146360743209067,5.0362890387539,5.47880842705676,12.2962256111382,2.8499,1.4267,0.0673943189963612,1.003078452740582,5.478808424952786,67.36866418118073,0.0678098981879161,10.944176161963233,1.3114664743717197,-0.038112826012526,0.2314317788766998,0.2307975115096716,0.8865323097098796,1.348047173936388,0.0652204626217014,0.0656097267430982
2.5253,-2.2057,0.0138464675244141,0.5941600903392,0.594176372413317,0.0777764287807767,0.796229947629004,4.25008485231952,42.9117658612687,4.731,2.5253,0.3530262129518863,1.0000274033452918,4.250084851604229,182.3786447561102,0.3530455615342487,7.962282276537286,0.4731010218890469,0.0462129163122246,0.4663572219341694,0.4663470084110314,1.259965539025868,1.7458900355696003,0.3023437229491576,0.3023580230741913
4.6433,-4.2409,0.0133910065527344,0.641621432252323,0.641604525157942,0.0993077488230141,14.6023651885623,7.23701254890148,47.9130917180329,8.8842,4.6433,0.4116780623255223,0.999973649268044,7.237012547773522,346.7476434306642,0.4116563667031482,13.846847474194975,9.368943582990378,0.0637163010280941,0.4956741325438413,0.4956844316183494,1.7304690007849477,2.2909375226444286,0.3447791118889377,0.344763743095109
0.63795,-0.56889,0.0121461468652344,0.138318921391425,0.138817545869137,0.0506457173416158,1.63594609101634,4.59560062098631,11.4289368809191,1.20684,0.63795,0.0191321240148872,1.003604889138345,4.595600617675766,52.522828994741104,0.0192703110411299,8.693713691411272,0.2270980215290961,0.007030514190145,0.1299904836345755,0.1295525437105961,0.4934454599344544,0.791561628044872,0.0189514063014286,0.0190869899566264
0.53864,-0.37592,0.0204392809082031,0.139850250396015,0.141302182891849,0.0978454487692767,0.0343134840260557,3.81197224965921,6.91326585932575,0.91456,0.53864,0.019558092535828,1.0103820507341557,3.8119722469614734,26.353177481332256,0.0199663068900015,6.472369928302921,0.0048485701955062,0.0138257754971313,0.132169876211923,0.1308968944762741,0.4308989093649745,0.6494878312195299,0.0193692908075508,0.0197695942898131
1.331,-1.3502,0.0208503896337891,0.282051045214877,0.282751987999933,-0.0998376921291616,4.33670085870437,4.70730554156286,13.5609930061796,2.6812,1.3502,0.0795527921068045,1.0024851625147266,4.775209571728277,64.75658331757383,0.0799486867179142,9.48251511162632,1.2262107891596772,-0.0282293059268457,0.2490077606340455,0.2484611745660866,0.8545004309177036,1.3032387859825647,0.0765468739981703,0.0769135277091558
0.50276,-0.49984,0.0153511775488281,0.162126625059221,0.162812366581272,-0.0159471177334628,0.0685861432763994,3.08797182030416,10.6058552227286,1.0026,0.50276,0.0262850425530932,1.0042296656787713,3.0879718184075235,32.75058184466912,0.0265078667117944,6.158008881246286,0.0111666723015127,-0.0025963879783352,0.1508415248208432,0.1502516241443935,0.4073034173818043,0.6944463362915654,0.0259455274164829,0.0261626210731988
0.5376,-0.50485,0.0103449475,0.163795376512689,0.164081818750577,-0.0962623961216686,-0.0155398378749347,3.27641419441611,15.8610586231179,1.04245,0.5376,0.0268289253669335,1.0017487803612757,3.2764141924192804,51.96739710890368,0.0269228432444972,6.353232840192484,-0.0025498048616083,-0.0157949090329318,0.1519326378617803,0.1516865404818012,0.430222759233891,0.7141500676482241,0.0264753400182779,0.0265667998325209
2.1325,-1.7726,0.0138611223486328,0.520495158828283,0.520552646961748,0.0121867409919485,0.855514240548816,4.09660773496499,37.5548699354128,3.9051,2.1325,0.2709152103636795,1.0001104487380503,4.096607734178024,153.8475695530949,0.2709750582588822,7.501834871155265,0.4453402024311557,0.006343840281196,0.4190738523051767,0.4190360441961675,1.1418314077880862,1.590275480169344,0.2397372790171947,0.2397843683002786
0.40284,-0.37759,0.0130765316308594,0.130934449729194,0.131553999538502,-0.0553701312804208,-0.374884139303843,3.06216459714782,10.0603128759347,0.78043,0.40284,0.0171438301258868,1.0047317547835288,3.062164594820122,30.806333689332547,0.0173064547945761,5.932392797973061,-0.0493175078889694,-0.0072841622249112,0.1235919088046764,0.1230442376552441,0.3384987532771301,0.5768549081636347,0.0169985329525528,0.0171584038230687
0.92208,-1.0308,0.0327974755908203,0.230116988316906,0.232386846348267,0.0051028995913988,1.01636480997283,3.96786657459142,7.08551015473,1.95288,1.0308,0.052953828312043,1.0098639302859669,4.435707165678468,31.42924808351976,0.054003646355693,8.403573738562445,0.2361898129289416,0.001185846743277,0.2089528144833738,0.2071092773141926,0.7084298040911022,1.0827809652953906,0.0515993844336532,0.0525959096536921
0.50193,-0.45019,0.0147707838378906,0.160219463634536,0.160859933693302,-0.0644385478879264,-0.19521057730045,3.12029222240628,10.8904128216038,0.95212,0.50193,0.0256702765273384,1.003997454140947,3.120292220466521,33.98127019598664,0.0258759182678135,5.918938156616629,-0.0314015605207815,-0.0103655805405445,0.1491610526241314,0.1486091800119678,0.4067509477286213,0.6689159615112013,0.0253463271917683,0.0255468020742599
0.42182,-0.4285,0.0166588599169922,0.133634581464667,0.134636544638097,-0.0973722400679238,0.0103208129389554,3.13302752335075,8.08197831718162,0.85032,0.4285,0.0178582013632367,1.0074977828470628,3.1826425792012385,25.722048181143595,0.0181269991520862,6.315670100224964,0.0013895585919571,-0.0131098619464165,0.1263123746619352,0.1254289148082439,0.3566249426886907,0.6153585971051065,0.0177006170346717,0.0179646639347604
0.60415,-0.55867,0.0146714494384766,0.155226588827261,0.155880659568014,0.0375648991973254,0.874354218037174,3.87572134781992,10.6247620742372,1.16282,0.60415,0.0240952938789475,1.0042136508008914,3.875721345333573,41.17861690595648,0.024298780027359,7.459681030838011,0.1362949122037098,0.005855641263485,0.1448625292532094,0.1442965055356429,0.4725940212814309,0.7714129257550117,0.0238095827161226,0.0240082614290451
0.40117,-0.36967,0.018677283828125,0.129737496429248,0.13104365780076,-0.044946563900154,-0.0893671084450345,3.06134617067805,7.01620530087084,0.77084,0.40117,0.0168318179797291,1.0100677237225515,3.0613461683419128,21.479033115511097,0.0171724402498026,5.882314431300146,-0.0117109927777145,-0.0058899621390517,0.1231407974506615,0.1219853016925717,0.3373076018921811,0.5714540102812213,0.0166917326731142,0.0170266604608802
3.7068,-3.4305,0.0138209790380859,0.486665931274177,0.486743363357577,-0.114155681582066,15.5399669281215,7.61551215496875,35.2177195274139,7.1373,3.7068,0.236843728662962,1.0001591070555964,7.615512153404167,268.2009691907663,0.2369191017726462,14.663374040275054,7.563975769059373,-0.0555645203996314,0.3965880657355661,0.3965359827051153,1.5490082716076368,2.0964584296596893,0.2125627545188232,0.2126236925430996
0.21654,-0.25535,0.0121556514550781,0.0721145752498739,0.0731145164333657,-0.112468163518841,-0.0796020225958474,2.96165536699334,6.01485792049602,0.47189,0.25535,0.0052005119634697,1.0138660052928337,3.4924665046984407,21.00668967376956,0.0053457325132849,6.45412186764107,-0.0058200633892132,-0.0082230553898287,0.070565183427583,0.0696329368346314,0.2274144181648557,0.3865472892535193,0.0051870360022019,0.0053314948033527
0.50255,-0.43434,0.0111002363769531,0.145705543485895,0.146092280383807,0.0460029091931614,-0.0953193932720353,3.43994904234314,13.1611864308701,0.93689,0.50255,0.02123010540252,1.0026542353049457,3.4399490399884827,45.27381025110781,0.0213429543877408,6.413001404984199,-0.0139254275279125,0.0067206699083181,0.1363581389457925,0.1360206424200912,0.4071636647437459,0.661083593963576,0.0210078863683182,0.0211183832583019
2.561,-2.2286,0.0119228211914063,0.605890207056175,0.605859593625327,0.0347577863453229,1.48870213531427,4.22705198852354,50.8151203393052,4.7896,2.561,0.3671029430065746,0.9999494734681524,4.227051987825841,214.79815367575048,0.3670658471878464,7.905462007376277,0.9019444707306602,0.0210583383104932,0.4736591855665225,0.4736782489635794,1.2700414042956407,1.7560632045697808,0.3126938606903621,0.3126667257023076
0.57244,-0.53948,0.0118161675146484,0.167298011798152,0.167674029729322,0.0185958058492209,-0.0894412166381855,3.41400514393372,14.1902211120024,1.11192,0.57244,0.0279886247516146,1.002247592944493,3.4140051418976185,48.44548745994015,0.0281145802456695,6.631438399445881,-0.0149969692176178,0.0031180337028029,0.1550137613189561,0.154691686426638,0.4526285530616456,0.7475974863387168,0.0276041015550338,0.0277266202047849
2.348,-2.6415,0.0111715156933594,0.664038748378406,0.663970598546511,-0.0219428841485061,0.683834425216133,3.53630116324424,59.4342448036117,4.9895,2.6415,0.44094745934796,0.9998973705494578,3.9783388080505935,236.4495605484591,0.440856955734212,7.514639970762233,0.4540459526174651,-0.0145694299219203,0.509206673100194,0.5092476284129953,1.2923956846758329,1.7900079361892485,0.3653008551090491,0.3652380447300352
2.8933,-3.1142,0.0121943879882812,0.662103041316892,0.662053689266646,-0.0220018344476146,2.25704914500651,4.37018937724658,54.2916700619068,6.0075,3.1142,0.438380437321078,0.9999254615261388,4.70384811687886,255.3797679272439,0.4383150874715766,9.074037493465338,1.494287713307689,-0.0145663956666772,0.508053999922712,0.5080836928970509,1.4144444045362368,1.9469810040568063,0.3635177843375878,0.3634723503672914
0.82925,-0.75748,0.0323711769482422,0.200550330155617,0.203097732971839,-0.219449355924494,1.22600595268613,4.08300963219014,6.27402992781415,1.5867300000000002,0.82925,0.0402204349255269,1.012702061936149,4.083009630179775,25.6169245487794,0.0412486891383004,7.812642593301362,0.2489990296005327,-0.0445696666903949,0.1848996747332648,0.1827800601282483,0.6039060467820023,0.9503945297633588,0.0394326473528027,0.040420655567319
5.1223,-5.0393,0.0110890815234375,0.920356816051146,0.920198910394784,0.0736746745615859,5.52534231422804,5.56651387231314,82.9824281163308,10.1616,5.1223,0.8470566688518031,0.9998284298506938,5.566513871708214,461.92283310221865,0.8467660346917476,11.042829853532629,5.084413977110836,0.0677953552552616,0.6524287798376174,0.6525110104665671,1.8119378429161808,2.412479315852414,0.613593382312109,0.6134360200432722
1.7426,-1.6245,0.0114156530371094,0.346466494698909,0.346569958701911,0.0133000758415775,3.61773384178505,5.02813344389965,30.359188175683,3.3671,1.7426,0.1200390319489491,1.0002986259986324,5.028133442448825,152.65004805859493,0.1201107362746442,9.715498745592468,1.2537978681419506,0.0046094067351477,0.2975605878811675,0.2974837497062352,1.0089063755836167,1.4740991732565878,0.1133635346541764,0.1134275520933109
0.23428,-0.2034,0.00970063171875,0.067772079743779,0.068446434136516,-0.0439276082777394,-0.108275555850311,3.42282257586612,7.05587389780176,0.4376799999999999,0.23428,0.0045930547927971,1.009950326067777,3.4228225708653826,24.151004220897104,0.0046849143460044,6.394489426397305,-0.0074110757021029,-0.0030066881467569,0.0662056626874945,0.0655743092835655,0.2104878041203045,0.3630307032416296,0.0045825389043722,0.004673974290299
5.4036,-5.2659,0.0170813369433594,0.741789596874268,0.74180516341085,-0.259651925406893,13.7182187424083,7.28439254204437,43.4278163278805,10.6695,5.4036,0.5502518060308891,1.0000209849755852,7.284392541062386,316.34525952409103,0.5502749004629979,14.383156824499432,10.176245495917977,-0.1926111389564021,0.5549220256829763,0.5549130886293561,1.8568603322218025,2.4569786004791387,0.4384173732404883,0.4384322703430102
1.8982,-2.0244,0.0108579836279297,0.530384388497113,0.530366041657621,-0.0171061553128695,0.718783278387683,3.57903759084445,48.8457212528277,3.9226,2.0244,0.2813075995614565,0.9999654082211196,3.8169864595613703,186.4434549475968,0.2812881381435734,7.396024049730999,0.3812182421681632,-0.009072523881267,0.4255069497037997,0.4255189381621278,1.106712724701978,1.5938368462054493,0.2478811186493847,0.2478659298175318
1.1282,-1.0431,0.0326051191113281,0.230459967694022,0.232699284501063,0.0776155729733796,2.16910096993667,4.84831744291353,7.13689417010027,2.1713,1.1282,0.0531117967095296,1.009716727501422,4.8483174408300105,34.60192838700083,0.0541489570073066,9.330926838569582,0.5047482437148249,0.0180610882970454,0.2092063051428351,0.2073880569544713,0.7552765520254942,1.15414159846059,0.0517493972308862,0.0527337655675495
0.66131,-0.63669,0.0139652068066406,0.185768274825,0.186247223922856,-0.0575042317952633,0.375145666722334,3.55071064186125,13.3365174251693,1.298,0.66131,0.0345098519314567,1.0025782066289273,3.5507106399547994,47.35411400783043,0.0346880284189704,6.969231390212351,0.0698698389937236,-0.0107100035356842,0.1707947307267067,0.1703908976955838,0.507606447774591,0.832039179426564,0.0339277415331322,0.0340999594632259
0.88119,-0.93147,0.0300239935205078,0.197356705284048,0.199579785836063,0.0558863009092918,1.72446810012474,4.41522670399004,6.64734308911108,1.81266,0.93147,0.0389496691205745,1.0112642762640822,4.667156022997259,31.02418724748736,0.0398320909143687,9.082382724775044,0.344168974104018,0.0111537759666462,0.1819713169972094,0.1801163815847115,0.6582813710336052,1.034130654801316,0.0382102692888705,0.0390592490747823
5.1854,-5.1536,0.0163724730615234,0.988589555514398,0.988483770901241,0.0777136551617634,4.88985147647267,5.24581197248414,60.3747379633351,10.339,5.1854,0.977309309272155,0.9998929943043032,5.245811971953447,316.7145213092239,0.977100165335137,10.459453461261752,4.833538826610706,0.0768186869048185,0.6873724241544259,0.6874256213698151,1.8221916763482569,2.4282481109897027,0.6817369858062666,0.6816312082237699
5.9011,-5.7266,0.0148268474560547,0.752803534217006,0.75276575448435,-0.355679484155623,20.7338832554429,7.83922483833274,50.7704524994591,11.6277,5.9011,0.5667131611296149,0.9999498144855414,7.839224837291347,398.00098960282514,0.5666562811243927,15.446637854056464,15.607757272173906,-0.267743335245012,0.561194971502342,0.5612165256235394,1.9316808191870047,2.535892813682476,0.4489798969243158,0.4489435909563942
0.98049,-0.78648,0.010861849375,0.154204104417351,0.154548616289974,0.124549116917331,5.49611405535098,6.34421726662595,14.2285729579061,1.76697,0.98049,0.0237789058191572,1.0022341284215572,6.344217262520941,90.26915740792846,0.0238852747971456,11.4331013843656,0.8494168222263715,0.0192488936797116,0.1437094591813004,0.1434110193595819,0.6833442888370944,1.0177528586787925,0.0235005910189235,0.023604484009865
2.9464,-2.2703,0.0136778904589844,0.434991278065378,0.435100109590781,0.0712429258536996,6.8342951048359,6.77177489743945,31.810468938577,5.2167,2.9464,0.189217411992951,1.0002501922012368,6.771774895883068,215.4133334591305,0.1893121053659096,11.989654527339534,2.973602549089838,0.0309978048465125,0.3612346095593068,0.3611587711898924,1.3728037709373917,1.8272392193376348,0.1732954538046722,0.1733750772630464
1.428,-1.0946,0.0092414095947265,0.220073630056466,0.220213890714059,0.306985249736581,5.59842603366619,6.48460456045535,23.8290369512157,2.5226,1.428,0.0484324026462302,1.000637334684275,6.484604557510651,154.52188001305376,0.0484941576634235,11.455226510347597,1.232851178748509,0.0676024162363195,0.1990261636357903,0.198911209429326,0.8870678731972518,1.259199353316058,0.0472960987486004,0.0473549992541117
0.21341,-0.21633,0.0099745464794921,0.0661094073253985,0.0668416883671655,-0.188028865276115,-0.11374381025509,3.19276794487485,6.70122581558901,0.42974,0.21633,0.0043704537369154,1.011076803896531,3.236453251869413,21.688203897386124,0.0044678113037732,6.429221191967649,-0.0076028283187647,-0.0125681668168178,0.0647025905216713,0.0640159539907011,0.1958381283056028,0.3574926095590683,0.0043609310395727,0.0044578602634214
0.89538,-0.70345,0.0324745889013672,0.196370923696194,0.19899072772573,0.0069365542829576,0.7261324856178,4.49960664114013,6.12758265639976,1.59883,0.89538,0.0385615396732964,1.0133410989717349,4.499606638878904,27.57171152996898,0.0395973097208156,8.034695975383366,0.1444936317383792,0.0013803099846747,0.1814801426758,0.1792927443156696,0.6394193461358825,0.9550613437470512,0.0378366208097183,0.0388334359796331
0.44143,-0.4577,0.0171949571191406,0.132243021510484,0.133324206805149,0.0440264145106811,0.320802898319235,3.31095163120033,7.75368067982787,0.89913,0.4577,0.0174882167382223,1.0081757447878767,3.432984981681699,26.61826919176689,0.0177753441202221,6.743936610398658,0.0427707919592048,0.0058697867931112,0.1251550901025957,0.1242006400529747,0.3768598510978299,0.6413958865697448,0.0173370576663016,0.0176192101987073
0.41056,-0.39199,0.0178629348388672,0.117427938206845,0.118750461244721,0.0581748641578125,0.370585168686988,3.45733393956186,6.64786958671187,0.80255,0.41056,0.0137893206715106,1.0112624215067132,3.4573339366504388,22.9839050192519,0.0141016720458339,6.758289533463586,0.0440071597120325,0.0069082919515892,0.1122124028926272,0.1110295606002615,0.3439867886622485,0.5892023290432814,0.0136951130407858,0.0140031684322395
4.6675,-4.728,0.0099526691064453,1.13675124982894,1.13651726819993,0.063060695183557,3.16199799280964,4.10684477094888,114.192208747694,9.3955,4.728,1.292203403987657,0.9997941662883374,4.160077573719951,475.0484419735532,1.2916715009166315,8.266922344307488,3.593665320841674,0.0716695690208047,0.7591770585405785,0.7592865679843481,1.7453664296583444,2.3413730202013063,0.8295135401101842,0.8292814643731942
0.96422,-0.86972,0.0346513963134766,0.200671562432391,0.203593056366813,0.0941786264618373,1.26784917918678,4.73601613535763,5.87546471504329,1.83394,0.96422,0.040269075969057,1.014558584173831,4.736016133031404,27.826295612865867,0.0414501326007802,9.00787105329864,0.2581252894027917,0.0191741144057938,0.1853112967032843,0.182881035616812,0.6750952199521967,1.0416679695553082,0.0394794065825745,0.0406141002084792
0.65276,-0.40743,0.0126495406396484,0.118936452760465,0.119578357179581,0.339564564982892,2.33065985816849,5.45884736499342,9.4531778335711,1.06019,0.65276,0.0141458797952423,1.005397036011063,5.45884736042836,51.60345449965671,0.0142989835057674,8.866069279754491,0.2786964769841832,0.0406045728370533,0.1129521476216401,0.1123786384057441,0.5024466177351037,0.722798211557996,0.0140467604970989,0.0141977172360133
0.80233,-1.1789,0.0341673746386719,0.204098190082535,0.2068891993463,-0.301233940758582,2.13781837861969,3.87806614620334,6.05516816946582,1.98123,1.1789,0.0416560711949665,1.0136748354371437,5.698219158637106,34.50367518771284,0.042803140806153,9.57628530296598,0.4422915327004329,-0.0623220488194738,0.1880461395141749,0.1857308967860426,0.7788201622980951,1.0923359670366235,0.0408118228156914,0.0419124149696369
0.49963,-0.40763,0.0158183009277344,0.146556332066135,0.147371942505641,0.0271988543466389,-0.252954045209747,3.39026541623332,9.3165469021551,0.90726,0.49963,0.0214787584686792,1.0055651661545502,3.390265413932838,31.585566561414733,0.0217184894378859,6.156260031312584,-0.0372783290072201,0.0040083479989921,0.1374740597801856,0.1367629560522129,0.4052184110142718,0.6456676571255902,0.0212513406086999,0.021486003190154
1.0256,-1.0806,0.0135390045361328,0.194412687289481,0.194836193767394,-0.380979458391242,5.374446931644,5.26390903131897,14.3907325865367,2.1062000000000003,1.0806,0.0377962929791175,1.0021783885794684,5.546197441813399,79.81384370872452,0.0379611424017655,10.81010647043067,1.0471367837663663,-0.0742285875765128,0.1780090996423761,0.1776545894984508,0.7326563136546578,1.1334001141537735,0.0370995159458139,0.0372583489772508
0.1961,-0.23845,0.0089416538671875,0.0648281010391405,0.0654261703530563,-0.274536736034823,0.0621651057626105,2.99727156490735,7.31700995418148,0.43455,0.23845,0.004202682684341,1.009225462467768,3.644566055888743,26.66732585213224,0.0042805837670671,6.641837616214944,0.0040672247996403,-0.0179618872599863,0.0633748790746672,0.0628133786588146,0.2138605977152928,0.3608512111821451,0.0041938760790911,0.0042714481296692
3.6375,-4.1675,0.0151197947021484,0.61828856160496,0.618322483080751,-0.300741516297583,12.178344270666,5.88285255596141,40.8948993859613,7.805000000000001,4.1675,0.3822807454115304,1.000054863340343,6.740010453059552,275.6320475597878,0.3823226930831456,12.622863008069537,7.530144069250439,-0.1859552411225916,0.4813901084682028,0.4813691473608446,1.6423890125737863,2.1753197419481696,0.3237348490064606,0.3237651952550649
2.2614,-2.406,0.0106832987304687,0.607644508299094,0.607590069330715,-0.0332504101404554,1.22249917899314,3.72191731588211,56.8728896064536,4.667400000000001,2.406,0.3692318484660477,0.9999104096760087,3.959906721738088,225.21133576626195,0.3691656923493031,7.681824037007629,0.7427783609211842,-0.020202619002514,0.4747362062478246,0.474770069387244,1.2255385822404965,1.7347304587798322,0.3142498880417326,0.314201570647511
0.50381,-0.50214,0.0183240143115234,0.143252307039119,0.144384808217037,-0.0769763920179794,0.329184098682623,3.48935602174075,7.87954024496899,1.00595,0.50381,0.02052122347203,1.0079056393613135,3.4893560193240343,27.494521052284785,0.0208469728438705,6.967145724854632,0.0475291829563887,-0.0111142215987554,0.1348672072167135,0.1338771015195449,0.4080018877601343,0.6961177640047782,0.0203135001823527,0.0206326482666555
0.73495,-0.65818,0.0312392115429687,0.180046456892394,0.182693148469029,-0.153768817853981,0.978973048014014,4.02286569670998,5.84819972865637,1.39313,0.73495,0.0324167266395047,1.01470004753688,4.022865694507999,23.52652200060951,0.0333767864975266,7.625518586284684,0.1788516684080021,-0.0280925094701044,0.1677941671314345,0.165553807950377,0.5509785945397592,0.8726021325655992,0.0319023904353613,0.0328318733880728
1.4021,-1.2963,0.0233231674462891,0.289608963224364,0.290476105617428,-0.101012230131185,3.88586351281769,4.8269030494599,12.4544020998162,2.6984,1.4021,0.083873351579891,1.0029941832017566,4.826903047798181,60.11619121704954,0.0843763679346671,9.289576481120186,1.1287505001641411,-0.029341639228238,0.2550112244045174,0.2543390431371741,0.8763433547645607,1.3079002936918789,0.0805410618558979,0.0810050456482379
3.9655,-4.7267,0.0162070434326172,0.700782175359759,0.700798496543312,-0.373074927871663,10.0423161556377,5.6585452445458,43.2403664158098,8.6922,4.7267,0.4910956573019559,1.000023289809765,6.744734788444853,291.6448018719369,0.4911185327573665,12.403280032183202,7.037640063683513,-0.261450348550466,0.5310978446348548,0.5310882483999702,1.7451394485928289,2.271321438317101,0.3995111901981409,0.3995265314539685
4.9934,-5.1374,0.0116053728515625,1.00524160557831,1.00506316062424,0.0536331158373616,4.1787160749698,4.96824497765756,86.6032632884276,10.1308,5.1374,1.0105106855856585,0.9998224854074264,5.111519554948202,442.6742700507804,1.0101519568439867,10.079764532111428,4.199873585660465,0.0539046689176246,0.6956755618205932,0.6957645550341224,1.81440119970888,2.4097160405120945,0.6983887622307262,0.6982103196333106
0.52801,-0.52717,0.0122406386474609,0.163445527923892,0.163863448249966,-0.0593168056473714,0.121062364616557,3.22225612629942,13.386838135603,1.05518,0.52801,0.0267144405983197,1.002556938884329,3.222256124332987,43.13582084182708,0.0268512296723692,6.439386029192025,0.0198376965193637,-0.0097198563125513,0.1517450299275673,0.1513858852374169,0.4239662352255314,0.7203634353531851,0.026363840285056,0.0264970613222326
2.9247,-2.9339,0.0192596077539063,0.443487442161134,0.443797260183697,-0.560888387877564,13.5481867185865,6.59017137417523,23.0429023194247,5.8586,2.9339,0.1966811113546251,1.0006985945779734,6.610901559249165,152.33435811648346,0.196956008146556,13.201072931939452,6.012648146165841,-0.2489207298089136,0.3672766290785804,0.3670620205063808,1.3696313002233511,1.9255033392776504,0.1795519845291084,0.1797816741432105
0.47543,-0.40889,0.0098808963330078,0.138284139614737,0.138603023854216,0.0202325560696555,-0.114849837933923,3.43015604407059,14.0273735482077,0.88432,0.47543,0.019122503268988,1.0023060066044942,3.43015604159579,48.11607967185994,0.0192107982215323,6.380235977334179,-0.0159185348268083,0.0028042934515542,0.1298020932964821,0.1295219878554394,0.3889494727302324,0.6335670131111013,0.0189419661208247,0.0190286005809838
2.6344,-2.4546,0.0133913003564453,0.639289971015377,0.639274148928323,0.0096779941176322,1.15497406233693,4.12092371389693,47.7380188564463,5.089,2.6344,0.4086916670408415,0.999975250374996,4.120923713252298,196.7247324909397,0.4086714374880317,7.960590941672088,0.7383450607347288,0.0061868914528826,0.4942535517464308,0.4942632035857576,1.2904440354630564,1.8064838646264367,0.3426613779126435,0.3426470172838856
2.0534,-1.6364,0.0119353981396484,0.585028710424084,0.585007630117834,0.0465262127740876,-0.148228483244802,3.51003968886081,49.0145048596649,3.6898,2.0534,0.3422585920204667,0.999963966885948,3.510039688260808,172.0428559458348,0.3422339272960844,6.307268160974349,-0.0867147936990026,0.027218189473327,0.4605892212721263,0.4606025209974201,1.116255723840705,1.5453899376256692,0.2943537115073306,0.2943353358000373
1.9791,-1.7278,0.0085125033544921,0.582986380984687,0.582906192671605,0.032085253379695,0.348737723687178,3.39522898346523,68.4764714205951,3.7069,1.9791,0.3398731204136226,0.9998624523390532,3.395228982882762,232.49329772143787,0.3397796294549063,6.359342285204442,0.2032813787554551,0.0187026928884617,0.4592625199336326,0.459313177567291,1.091621241479256,1.5490295172390047,0.2925749232213027,0.292505144807843
0.45374,-0.47877,0.0185505922314453,0.14495725071026,0.146104308440262,-0.0246828371570403,0.176584125655275,3.1055894575862,7.87599159193413,0.93251,0.47877,0.0210126045334771,1.0079130752245256,3.276905416297598,25.80887938486104,0.0213464689448072,6.382494871758199,0.0257997015603922,-0.0036062688531729,0.1363686337318975,0.1353673006849841,0.3912106611556002,0.6588196761102947,0.0207948843888698,0.0211218243659184
0.431,-0.41827,0.0087020792236328,0.129058627790864,0.129320233198012,-0.0558893923974259,-0.0128735966319899,3.33281180633246,14.8608430094279,0.84927,0.431,0.0166561294072607,1.0020270268747102,3.332811803755272,49.5283924647188,0.0167237227143882,6.567185801798701,-0.001664816518546,-0.0072276292581303,0.1216158881707225,0.1213842127748559,0.3583735005743138,0.6147909666227056,0.0165189373800501,0.0165854210791797
5.6974,-5.7033,0.0136514354980469,0.763387424282043,0.763323110017191,-0.360369608827252,18.4519579404221,7.46394275927488,55.9152266533729,11.4007,5.7033,0.5827603595519719,0.999915751343554,7.471672119457233,417.7802370335297,0.5826621702863166,14.9356148777543,14.0848059209894,-0.2750784505656966,0.5672001594634717,0.5672366321278617,1.9025999424536648,2.517752922630562,0.4591703857070295,0.4591083470598908
0.19902,-0.19213,0.0150628331884766,0.063595259049177,0.065339659729121,-0.166635696785401,-0.14262351883827,3.04592954455347,4.33780676659869,0.39115,0.19902,0.0040443569735319,1.027429726732493,3.045929539891781,13.212653701229948,0.0042692711335173,5.986410107168477,-0.0093189721902624,-0.010887919726683,0.0632936776373609,0.0616549229202089,0.1815045564733973,0.3301307432165573,0.0040362005461406,0.0042601836509485
0.18233,-0.16022,0.0160487218994141,0.0591403823084455,0.0612653122827766,-0.201801911019004,-0.250563693454007,2.97607231900552,3.81745740668691,0.34255,0.18233,0.003497584819589,1.0359302694334227,2.976072314147835,11.36102924623259,0.0037534384891061,5.5912552581107935,-0.0153508629261856,-0.0123634570978403,0.0594618870743371,0.0574576190315869,0.167487067835499,0.2945707906552026,0.0034914824945972,0.0037464119159119
4.9796,-4.8498,0.0139231765820313,1.13389030168972,1.13369893904221,0.0812842891943351,3.15658782320237,4.39234776404302,81.4253078213001,9.8294,4.9796,1.285707216266004,0.9998312334559986,4.3923477636555885,357.6482661766746,1.2852732843854329,8.670203050059492,3.578620266158086,0.0921519124204178,0.7578570646900762,0.757946746539403,1.7883536760932222,2.382264657816121,0.8266754802960617,0.8264856164881488
1.4194,-1.3043,0.0243994032373047,0.275687188230498,0.276697751319094,-0.0100459959696281,4.16744313694051,5.12978509306032,11.34034913182,2.7237,1.4194,0.076003425754438,1.003665614621832,5.129785091206389,58.17355368808765,0.0765616455850431,9.843592822966636,1.1531221447416304,-0.0027797044945567,0.2442768625197486,0.2434850045787755,0.8835195755436108,1.314717797630602,0.0732536455211768,0.0737723010085776
1.4142,-1.3397,0.0202712598486328,0.265630022353216,0.266337717876633,0.040591408705481,4.68800690562932,5.30979994600335,13.1386859951182,2.7539,1.4142,0.07055930877537,1.0026642147483222,5.309799944009709,69.7637938432821,0.0709357799637329,10.339879837228356,1.2485930606352091,0.0108110231600155,0.2361290479240931,0.2355700395839775,0.8813679692848896,1.3227952995569818,0.0681812303857531,0.0685328269821878
0.46918,-0.40555,0.0206081267138672,0.138517660563738,0.140008815625607,0.065990287970125,-0.186541361278612,3.35107470128608,6.79386426381955,0.87473,0.46918,0.0191871422880509,1.010765089120938,3.351074698892614,22.76674654798266,0.0196024684528852,6.2476780156066685,-0.0261174350578069,0.0092392220614899,0.1310359953814229,0.1297271185346242,0.3847044220201886,0.6284646490533787,0.0190053902617303,0.0194128145181532
2.3947,-2.4856,0.0106616777929688,0.422594977515586,0.422626295854827,-0.250207523451338,8.79931074410598,5.66623521415379,39.6397550236928,4.8803,2.4856,0.1785865150213986,1.0000741093503234,5.881318847859094,233.13403621386948,0.1786129859479718,11.547554060672168,3.718820105857093,-0.1057442788312487,0.3525046675094603,0.3524826528144801,1.248640195821095,1.771607781017202,0.164315851833566,0.1643383114739684
0.19672,-0.22343,0.010303456875,0.0672198319495258,0.0679886808905258,-0.238649912459994,-0.107292505769,2.89342280837534,6.5986281803626,0.42015,0.22343,0.0045185058073224,1.0114378274618947,3.286282315598017,21.684954917764383,0.0046224607292337,6.1797051197176165,-0.0072946759366734,-0.0162254927427944,0.0657771420647288,0.0650569791676573,0.2016583893500961,0.350762499837129,0.0045083280074057,0.0046118099668456
0.48315,-0.39887,0.0174006754492187,0.151353908453438,0.152314160735663,0.145355784863228,0.0864874859461451,3.17206225387339,8.75334760309557,0.88202,0.48315,0.0229080056041316,1.0063444161528603,3.1720622517908046,27.76616336724316,0.0231996035606093,5.790794468228347,0.0131732688360245,0.0221397443795161,0.1417722340672965,0.1409385615858453,0.3941682043658673,0.6323456680992829,0.0226495568302277,0.0229345838318826
0.52988,-0.61187,0.0117101272363281,0.195940734209952,0.196242584400669,-0.0336996167681817,-0.412676040408328,2.70012750605721,16.7583648273154,1.14175,0.61187,0.038392771322735,1.0015405172986618,3.117926731126567,52.251353245477326,0.0385111519322536,5.818054235807864,-0.0809846126899652,-0.0066132998879,0.1791854647277096,0.1789331009644723,0.4773949956711504,0.7616232518620163,0.0376741055824556,0.0377881027763762
0.52988,-0.54782,0.0137202252539062,0.138574608631571,0.139218498453246,-0.179031735388346,1.48342818697362,3.80610339780351,10.1469542866003,1.0777,0.54782,0.019202922157393,1.0046465202216248,3.934965580673022,39.92791560410001,0.0193817903115764,7.74106897574261,0.2065206447536884,-0.0249245293762443,0.1303424996522751,0.1297771367693838,0.4368474893368327,0.7312615126686034,0.0190208729405538,0.0191963556208156
0.20444,-0.19735,0.0095957890332031,0.0630029152268627,0.0637142709807843,-0.27216500196039,-0.0190029296584435,3.20870029355994,6.63981573170498,0.40179,0.20444,0.0039693673270832,1.0112908371022364,3.20870028852386,21.305178465479408,0.0040595083266128,6.306122524584238,-0.0012107578096868,-0.0173407946863899,0.0617668125442166,0.0610978418084141,0.1860147286315722,0.3377499913733807,0.0039615101736835,0.004051290754713
4.8139,-4.7835,0.0081383989599609,1.02124584335625,1.02102892053208,0.0602703604634428,3.59298835692605,4.71475381666112,125.458204439879,9.5974,4.8139,1.042943072572418,0.9997875899074058,4.714753816199348,591.5045409463036,1.0425000565629043,9.39973374511137,3.6685450235565367,0.0615377810840683,0.703606748330022,0.7037140754352035,1.7602516021263637,2.360608688012354,0.714391450822892,0.714174575444997
4.4137,-5.0247,0.0122596201757813,0.672520689990444,0.672468240823973,-0.792260496080135,17.1898279213545,6.5634326382342,54.8522899716279,9.4384,5.0247,0.4522840784652229,0.9999220109251004,7.472025731796716,409.8577188337735,0.452213534916889,14.035458369054895,11.559613342340072,-0.5327700220733366,0.51430052379599,0.5143318836405575,1.7958676856059093,2.3454913140045037,0.3731375435922689,0.3730889682048954
0.4383,-0.39136,0.0190606502539062,0.131271198034516,0.132616068772964,0.037484172234491,0.107071184412816,3.30502935319521,6.95758366091345,0.8296600000000001,0.4383,0.0172321274334171,1.0102449787734082,3.305029350703026,22.995018105989068,0.0175870216967955,6.256104611234936,0.0141993595556927,0.0049710035629468,0.1245300621061647,0.1233419544504808,0.3634618606277065,0.6041301572420661,0.0170853382524853,0.0174341596866935
5.7584,-5.2509,0.0145697993652344,0.78758105782767,0.787523541675669,0.279032853295518,16.8967281474055,7.31203538086931,54.051776687798,11.0093,5.7584,0.6202839226489516,0.999926971006448,7.312035379940828,395.2285008273694,0.6201933286933891,13.979645580088665,13.306571193375744,0.2197449408711537,0.5808311656675061,0.5808633415943386,1.910786175649696,2.485681349630572,0.4826013947823109,0.4825454808236195
4.6103,-4.4951,0.0135904363134766,0.992034289195924,0.991885173637261,0.0700774809720075,3.8947159837212,4.64801785784734,72.9840566379526,9.1054,4.6103,0.984132030940462,0.9998496869913954,4.648017857378736,339.2311960952421,0.9838361976814196,9.17989323874289,3.8631110397811184,0.0695088143819815,0.6890815137445463,0.6891563724660258,1.724604194040647,2.3130699344363204,0.6851815545015264,0.6850324438017699
0.54991,-0.40451,0.0112103063964844,0.117000661492946,0.117508049093148,0.131939639267022,2.1269880028435,4.67976452884592,10.4821442819796,0.95442,0.54991,0.0136891547897869,1.0043366207788402,4.679764524863423,49.05396655947401,0.0138081416016776,8.122167005182936,0.2499382106586708,0.0155039696083214,0.1111012502475647,0.1106471122918533,0.4381968647292169,0.6700934742287226,0.0135963047101253,0.0137136778008211
3.4589,-3.66,0.0165810019140625,0.647902984564963,0.647956971696922,-0.231814644074234,7.56864783112476,5.33816310509254,39.0782761533477,7.1189,3.66,0.4197782774081867,1.000083325796048,5.648523218833566,220.73454890699128,0.4198482371706458,10.98668632310226,4.904158128496076,-0.1502059147693404,0.4995363217392159,0.4995035611652351,1.5390154481375546,2.0941946770166755,0.3505007167513425,0.3505499906696652
0.53656,-0.46104,0.012571211328125,0.141788859464218,0.142310574367407,0.0571028750585226,0.258277474269525,3.77034526341484,11.3203549485341,0.9976,0.53656,0.0201040806681637,1.0036795190030618,3.770345260765474,42.68164632086123,0.0202522995767812,7.01002018812367,0.0367556157094592,0.0081263429476086,0.1330530307992275,0.1325962075063932,0.4295461516144594,0.6919464599834264,0.019904661961215,0.0200499492358434
0.23615,-0.22218,0.0148069279296875,0.0686920129069889,0.0702533540239734,-0.148678093775414,0.0013654898099053,3.36140534898043,4.74462726890953,0.45833,0.23615,0.0047185926372139,1.0227295859975112,3.3614053441957403,15.9486153729204,0.0049355337516177,6.523958972709014,9.593023903140518e-05,-0.0104451347576136,0.0678953999076396,0.0664354828677393,0.2120017108953652,0.3772919454245701,0.0047074949755129,0.0049233939328488
4.0773,-5.2592,0.0153801182421875,0.655112089453821,0.655132689780043,-0.851928032702854,17.4460889062066,6.22362471542815,42.5960762761252,9.3365,5.2592,0.4291718497485512,1.000031445345843,8.027686728566357,341.947954039734,0.4291988412184341,14.25131144304453,11.4295031512649,-0.5581259035636412,0.5038811807088568,0.5038687343022639,1.8340523814183065,2.335681320483235,0.357095150463589,0.3571140363764406
5.0535,-4.8569,0.01226023984375,1.09495668980813,1.09475798737577,0.112404763756752,3.98184222841003,4.61608872305528,89.2933581502368,9.9104,5.0535,1.1989301525555771,0.9998185293224916,4.616088722633638,412.18606023907086,1.1984950509230463,9.05259437553941,4.359153584022016,0.1230560129417907,0.7394380275488728,0.7395328800377982,1.8006366171656578,2.3897164627842518,0.7879709477919338,0.7877730585209093
2.0558,-1.6084,0.014210308984375,0.385646940589915,0.385814562634242,0.190780580501473,4.02553681748897,5.32846657203277,27.1503288956254,3.6642,2.0558,0.1487235627863614,1.0004346513005578,5.32846657065167,144.66961892197426,0.1488528767406514,9.497308691595412,1.5531107266075457,0.0736059262252826,0.3262880986234162,0.3261671356987381,1.117041424136477,1.539916329775455,0.1386513805264062,0.1387639460560677
0.21633,-0.21341,0.0146001273388672,0.0685520505088249,0.0700731954913077,-0.19079356798091,-0.0127548178240278,3.08720044067114,4.79949207735778,0.42974,0.21633,0.0046993836289644,1.0221896335554252,3.08720043626546,14.81699395473117,0.004910252726363,6.132730159851702,-0.0008937708428391,-0.0133695149876104,0.0677270531353847,0.0663045082160746,0.1958381283056028,0.3574926095590683,0.0046883759982997,0.0048982367536999
0.87347,-0.97277,0.0328696893896484,0.224412949052043,0.226753164844367,-0.138166627473797,0.757867103904373,3.85207412915057,6.89854906008869,1.84624,0.97277,0.0503611717022348,1.010428166918026,4.289995247645894,29.59474260644759,0.0514169977669366,8.142069375097664,0.1718487643417512,-0.0313297200555561,0.2043709758454543,0.2024615038679263,0.679438646499666,1.0459988249948229,0.0491340780740125,0.0501387760662679
0.50214,-0.5883,0.0112208491601562,0.175930477959168,0.176245077881787,-0.0072848533303795,-0.150649488861428,2.84910084318384,15.7069287151288,1.09044,0.5883,0.0309515330749412,1.0017882053529872,3.337965557601525,52.42918662930248,0.0310623274775571,6.187066399168804,-0.0265512308972337,-0.0012839195425701,0.1623272273236062,0.162059730347274,0.4626642618589723,0.7373745701349541,0.0304821943032026,0.0305896566290793
2.2443,-2.1404,0.0086459805078125,0.577876371041915,0.577799961932915,0.0720854970056948,0.489193151888619,3.88421624759569,66.8287375169093,4.3847000000000005,2.2443,0.333941100208573,0.9998677758551556,3.884216246923448,259.57726506719814,0.3338527960096781,7.58861247510816,0.2826557845390868,0.0416509974258057,0.456031447552166,0.4560798740071966,1.1768996103990024,1.6835615987500685,0.2881377937514832,0.2880715935858314
0.82257,-0.86513,0.0297757038134766,0.194728654537574,0.196944982615325,0.0193867648458794,1.47482837917497,4.17664867150565,6.61428471511687,1.6877,0.86513,0.0379192488980138,1.0113816221956444,4.392749630238136,29.05489665379292,0.0387873261773506,8.569398299623064,0.2904600494972024,0.0038181260655391,0.1797724627921366,0.17791909226721,0.6233307557603255,0.9886858092895052,0.0372179868215766,0.0380540002866612
3.3228,-3.367,0.0156827495117188,0.659246416995866,0.659272005375733,-0.142434028389046,6.91881347126176,5.0401048018204,42.0380370727148,6.6898,3.367,0.4346058383218871,1.0000388144390375,5.10714844864429,214.69449448354632,0.4346395770721405,10.1472532497002,4.561380032019377,-0.0939027675297904,0.5063789551983731,0.5063635336297025,1.474076274503424,2.039894775377003,0.3608901343533081,0.3609136518607851
0.82612,-0.86054,0.0090277660449218,0.135876034038472,0.136142507662051,-0.259707043635048,7.65533551868995,6.06805335223217,15.0804204478284,1.6866599999999998,0.86054,0.018462296626024,1.0019611517606366,6.320876661858222,95.32147667383492,0.0185347823925116,12.388930009633238,1.0422165745088177,-0.0353571681779731,0.1276387593167653,0.1274041893782635,0.6208667681703096,0.9882987864577704,0.0182939374683709,0.0183651067078999
0.46167,-0.49296,0.0089989019238281,0.119814389893118,0.120122682061538,-0.0516715792345676,1.05307351735247,3.84332077903064,13.348593314865,0.95463,0.49296,0.01435548802546,1.0025730804825508,4.103804469975784,54.78001635029433,0.0144294587456573,7.947125245806927,0.1264980153123562,-0.0062069286840115,0.1134382168631479,0.113162948263662,0.4007607265035748,0.6702009172136943,0.0142534236369803,0.0143263448407262
0.39887,-0.35277,0.0144740456884766,0.121332078340674,0.122162936333843,0.111538812752562,0.0352933251786967,3.26506559166177,8.44013753743384,0.75164,0.39887,0.0147214732344674,1.0068478007122843,3.265065588989071,27.557602471974857,0.0149237830137065,6.152766313103881,0.0043115362368147,0.0136259088810436,0.1152580161060462,0.1145173342451826,0.3356647678488889,0.56055249194835,0.0146141642298349,0.0148135190474183
0.80213,-0.67883,0.0332460555224609,0.177908883379665,0.180945892809575,-0.147138398178049,1.07457770270863,4.43298263113466,5.44262740243962,1.48096,0.80213,0.0316515707853992,1.017070588441173,4.4329826286847664,24.12707267018119,0.0327414161246542,8.184546088261245,0.1944404218098751,-0.0266240888248978,0.1663157214405293,0.1637407336637013,0.5889692986484055,0.9086455820484572,0.031160984843202,0.0322168355919829
0.46167,-0.34985,0.0190495043310547,0.132380697977118,0.133712287597483,0.0983477099339508,-0.269784672349309,3.45271185090913,7.01920035680424,0.81152,0.46167,0.0175246491969089,1.0100587890810886,3.45271184832694,24.235276128621003,0.017878975854552,6.069150516936942,-0.0360735256985635,0.0131502972752422,0.1254974584738883,0.1243222288764237,0.3795796176551467,0.594166271866158,0.0173728632961336,0.0177210268317206
6.3668,-5.8527,0.0167286977734375,0.747581886971273,0.747586541530387,-0.157892054318018,24.5199190154291,8.51647220262486,44.6888665008603,12.2195,6.3668,0.5588786777275293,1.0000062260191085,8.51647220148567,380.5914870463087,0.5588856370773649,16.345264821582923,18.33076145534981,-0.118037974822735,0.5582357169498955,0.5582330535251083,1.9969834192393137,2.581693012225688,0.443966766474998,0.4439712307956669
0.73391,-0.6442,0.0110622666992188,0.165005691758715,0.165335893511121,-0.013304385503194,1.11164572812362,4.4389030380184,14.9459326923294,1.37811,0.73391,0.027226878312772,1.0020011531037891,4.4389030353336105,66.343545434271,0.0273359576831207,8.335213666558028,0.1837949397271394,-0.0021996924647869,0.1530093660716684,0.1527259726355275,0.55037897389715,0.8663060545578767,0.0268628201929691,0.0269690027526262
3.983,-4.1792,0.0164352859814453,0.612523432949829,0.612594383551369,-0.342531804939187,16.5020407307471,6.50185523561204,37.2731198132457,8.1622,4.1792,0.3751849559126436,1.0001158331219864,6.822132411808735,254.28215726151117,0.3752718787586817,13.323987646359416,10.109057468791605,-0.209833059893459,0.4778443004097918,0.4778003016441106,1.6446506041898428,2.2150863245212085,0.3185882354634332,0.3186514415788474
0.49004,-0.45019,0.0096439784033203,0.165420114484044,0.16566067535151,-0.0553688615455426,-0.333396657408906,2.95809490671338,17.1776281969353,0.94023,0.49004,0.0273638142759142,1.0014542413301484,2.9580949049277416,50.81305395188152,0.0274434593579183,5.67563785091056,-0.0552307154262953,-0.0091724429970788,0.15328802958137,0.1530816353033433,0.3988029652346139,0.6628065227489773,0.0269961177532461,0.0270736384853031
0.81423,-0.80964,0.0325876409130859,0.180745100842456,0.183615887821535,-0.126636975100992,1.30075100604696,4.43442018912539,5.63452531931523,1.62387,0.81423,0.0326687914785495,1.0158830688306897,4.43442018671035,24.985852755436877,0.0337147942604905,8.843842536621516,0.2388385508100674,-0.0232525606142022,0.1685740647569138,0.1661456805942522,0.5956611352762944,0.9646503271716366,0.0321465109214964,0.0331589104377351
0.42704,-0.39032,0.0095770004638671,0.125740131541787,0.126073707044463,-0.0320210878705522,0.178988087085369,3.38722490209154,13.1642164496205,0.81736,0.42704,0.0158105806801459,1.0026528952874512,3.387224899404848,44.59016130908166,0.015894579607933,6.483191606822655,0.0225656916556496,-0.004037017251437,0.1187369867620516,0.1184407140423445,0.3556023689357602,0.5973848985728282,0.0156868954364365,0.0157695835444129
0.44039,-0.44018,0.0095186664550781,0.125955382147478,0.126283874025904,-0.0176265715364476,0.267428523848562,3.48730194885899,13.2669712319348,0.8805700000000001,0.44039,0.0158647582919172,1.0026080011236087,3.4873019460975256,46.2659341465278,0.0159476168389903,6.9729409720363735,0.0337719100166252,-0.0022259517394173,0.1189236063146637,0.1186319038413542,0.3649139102525159,0.6315749223779682,0.0157402283787082,0.0158217895977787
0.51674,-0.47084,0.0109220484130859,0.18560937911863,0.185885209358714,0.0573078608985409,-0.424339894532467,2.7798876617602,17.0192625346726,0.98758,0.51674,0.0344508416168033,1.001486078673638,2.7798876602647096,47.31163749921864,0.0345533110583329,5.312848735387665,-0.0788785101344222,0.0106526837210253,0.1704895078294744,0.1702568863909368,0.4165632947741977,0.6869178183086041,0.0338706980959577,0.0339697500398418
0.93063,-0.86075,0.0299951521533203,0.207778854656339,0.209882542130758,0.0241369530299484,0.961146694036469,4.43405149638512,6.99721545194845,1.79138,0.93063,0.0431720524423,1.010124646114187,4.434051494272483,31.02601354180438,0.0440506814912694,8.535154858332355,0.2017279115049479,0.0050659250612162,0.1905232822775898,0.1887830154162851,0.6578463745222535,1.0265360972032298,0.0422661216111992,0.0431080337718744
2.6465,-2.8564,0.0126140272949219,0.683426266308184,0.683375821146382,0.0396576270029665,1.33866385099904,3.87268603615566,54.1758635183462,5.5029,2.8564,0.4670714614799449,0.9999261877040998,4.17983766939592,226.44631334397744,0.4670025129274918,8.05252370498488,0.9148105084154468,0.0271010634178691,0.5208011945856075,0.5208311608031014,1.3497341058080885,1.872248231250711,0.3832682106396871,0.3832212121297196
0.20277,-0.20173,0.0096646629736328,0.0664800142564549,0.0671627873296053,-0.225285315746042,-0.114856201048076,3.01908256137278,6.9493149955502,0.4044999999999999,0.20277,0.0044195922955384,1.0102703493637877,3.019082556877608,20.980555499466764,0.0045108400018817,6.022680348458806,-0.0077140626044783,-0.0151307897499344,0.0650035261274959,0.0643635191910502,0.1846272300187241,0.3396813675621613,0.0044098545781275,0.0045006966550248
0.76228,-0.67654,0.0281074996728516,0.182153844576461,0.184265714251712,0.144713320591365,1.03613252061823,4.13685206222739,6.55574904905863,1.43882,0.76228,0.0331800230939855,1.0115938786743814,4.136852059982354,27.120163876556145,0.0339538534486935,7.808397807818402,0.1909236989711448,0.0266657033805048,0.1691229321039312,0.1673380666703872,0.5666084252182503,0.8915143157723674,0.032641447068097,0.0333901459304559
0.56389,-0.46208,0.0133680898632812,0.180387497757132,0.180838233438104,0.0468795702031752,-0.440507580044613,3.11820121928477,13.527604563373,1.02597,0.56389,0.0325396493470793,1.0024987074288765,3.118201217560467,42.18179272797122,0.0327024666730142,5.673413082658874,-0.079660612591362,0.0084776186598797,0.1662245536065608,0.1658427724998314,0.447176307168856,0.7060485982143916,0.0320214464204168,0.0321791202592459
2.2866,-1.9858,0.0107721848095703,0.574381416599342,0.574342198409794,0.0413547731244474,0.173670583026918,3.98125021342852,53.317150472533,4.2724,2.2866,0.3299140117346669,0.9999317208245116,3.98125021273534,212.2689147276448,0.3298689608741951,7.438770842688037,0.0997463444547907,0.0237517913110333,0.4538375332334848,0.4538624437650813,1.1898535957650525,1.6624856668561736,0.2851142873125005,0.2850804117211909
0.63002,-0.53009,0.0128398580175781,0.169498163370273,0.169942523228989,0.0837730110647129,0.0140054453656258,3.70725341738678,13.2355453616646,1.16011,0.63002,0.0287296273858957,1.0026216199020583,3.707253415205295,49.067520390859016,0.0288804612014354,6.826484491784093,0.0023801207243801,0.0142365968788273,0.156954622157662,0.1565747366007378,0.4885922846820462,0.7701591463253186,0.0283246695429659,0.0284712802314015
0.19923,-0.20569,0.0116555713232422,0.0638210527524163,0.064861315788882,-0.139397688746516,-0.0397250363664146,3.07163056402489,5.56483367396526,0.40492,0.20569,0.0040731267744267,1.016299683097853,3.171227675250692,17.64735443084641,0.004206990285865,6.242858234539891,-0.0025766181284868,-0.009041517510028,0.0628445707654962,0.0618671932716531,0.1870520171696012,0.3399803616628147,0.004064854049862,0.0041981656436974
4.8644,-4.4221,0.0122021822753906,0.684475253457101,0.684416907279621,0.0291264999097943,13.7075033999956,7.10736387172947,56.0897134490405,9.2865,4.8644,0.4685063725951627,0.9999147576524108,7.107363870691019,398.64999967633145,0.4684265029702013,13.568484208776448,9.38164708354988,0.0199346689881415,0.5214194548233082,0.5214540930216844,1.7689001750819724,2.330832355932148,0.3842458111739607,0.3841914213541282
0.57849,-0.50089,0.0145824120849609,0.123279437701278,0.124109007294915,0.0797717471157705,2.45534997595436,4.66114436501261,8.51086957163349,1.07938,0.57849,0.0151978197599432,1.0067291797272326,4.661144361256908,39.67039147313412,0.0154030456917292,8.697031929079987,0.304731048077289,0.0099003923447192,0.1169907283481958,0.1162524762376972,0.4564686938675559,0.7320697723563936,0.0150834898191461,0.0152856230260963
3.1525,-3.7268,0.0129231993457031,0.604776110059988,0.60476653469776,-0.481834493011405,9.84320681765742,5.2127553677809,46.7969671069757,6.8793,3.7268,0.3657541432992907,0.9999841669304274,6.162378017901204,288.38059922066304,0.3657425614903369,11.375133384820154,5.952842077428043,-0.2913973766363594,0.4729782847539643,0.4729842515618792,1.5532484407827234,2.064239067436639,0.3117067620063064,0.3116982818137925
0.5205,-0.49212,0.0135976499365234,0.101711714365178,0.102591995399965,-0.0876052405750308,2.30544266576196,5.07349523684359,7.54483281146998,1.01262,0.5205,0.0103452728391035,1.008654666175039,5.073495231898258,38.27867305026477,0.0105251175201464,9.870360694956418,0.236519963360734,-0.0089875964380863,0.0976637673973797,0.0968650742974385,0.4190392281352822,0.6994373558621354,0.0102921267304437,0.0104701140792372
0.83863,-0.83133,0.0136461407226563,0.179557299493911,0.180031381621154,-0.0893707955635657,3.51775425827245,4.65824342649747,13.1928422313756,1.66996,0.83863,0.032240823801546,1.0026402826747516,4.658243423910019,61.45547015077306,0.0324112983684215,9.275938361604968,0.6333061593204871,-0.0160895478018904,0.1655410327181417,0.1651391981633174,0.6090207290771545,0.9820634910265296,0.031731996232849,0.0318971325920762
0.19297,-0.21028,0.0135591788378906,0.0633468436157026,0.0647666159436862,-0.257494667498649,-0.216847707179703,2.97946707865338,4.77658836999024,0.40325,0.21028,0.0040128225960722,1.0224126751185183,3.2467343956670907,15.508313664360657,0.0041947145407969,6.226201469720156,-0.0140444921691767,-0.0166770582374321,0.062755635187739,0.0614213336426327,0.1908517377973296,0.3387909748401716,0.0040047926980145,0.0041859412514966
0.37864,-0.42265,0.0150824244873047,0.129496996011998,0.130340950149246,-0.174529211831715,0.253898670384986,2.90499646938618,8.64190967831185,0.8012900000000001,0.42265,0.0167694719761314,1.0065171707652436,3.2426493683817914,28.02268279569297,0.0169887632858082,6.147645835539207,0.0330933939396093,-0.0227483032989447,0.1225193130099683,0.1217723973491199,0.3525213296137404,0.5885030748858602,0.016630416815453,0.0168460681222057
1.4413,-1.413,0.0203091952880859,0.272154725901723,0.272845179787246,-0.122567005701497,3.97765301328585,5.28248291255821,13.4345637981681,2.8543000000000003,1.4413,0.0740681948306419,1.0025369898794945,5.282482910622138,70.96785335205934,0.0744444921331345,10.46124399624559,1.0852834515412584,-0.0334418167066093,0.2412546937873589,0.2407120973802476,0.8925306843098164,1.3491894081666491,0.0714534901887959,0.0718037765134925
0.17649,-0.19631,0.0115591918408203,0.0668598771115364,0.0678356495322413,-0.230631464966992,-0.253253553773036,2.60172934462899,5.86854604252569,0.3728,0.19631,0.0044702431673697,1.0145942882547885,2.8939060960462406,16.983021045506476,0.004601675347461,5.495635436839889,-0.0171796193165422,-0.0156450352286082,0.0656338424905395,0.0647196395267108,0.1792418192670316,0.3168524497515608,0.0044602813073068,0.0045911200085674
1.418,-1.3846,0.0199368340185547,0.284270540168258,0.284899560332011,0.0304973730258757,4.06342146322137,4.97719265816878,14.2901104592064,2.8026,1.418,0.0808097400075531,1.002212751497779,4.977192656421785,71.1246325052333,0.0811677594773731,9.837151014730392,1.1576669883154251,0.0086886881663533,0.2506805521265335,0.2501908841390389,0.8829407521926009,1.3356850432933487,0.0777105194733132,0.0780417157722367
1.1714,-1.0904,0.0093851884179687,0.181607150533097,0.181805211162289,0.061447626744902,7.24097162543789,6.44315964603648,19.3715035932797,2.2618,1.1714,0.0329811571247509,1.001090598737448,6.44315964249248,124.81368890537044,0.0330531348057644,12.440787501613022,1.3164463753828786,0.0111714987557784,0.1670431094325677,0.166875503785017,0.7753721208156147,1.1822791902406804,0.0324489490464009,0.0325186261871181
4.9091,-4.8043,0.0099365971191406,1.05655709416404,1.05634584986915,0.0856478191910029,4.30610360295465,4.64724692259463,106.30861221437,9.7134,4.9091,1.1163128932283604,0.999800063436196,4.647246922154678,494.0423659865907,1.1158665545357769,9.195283912256269,4.548734670087739,0.0904737183527592,0.7209305483632777,0.7210332710863521,1.7764935355576217,2.371495294397253,0.7496753732100685,0.7494644470431858
0.31084,-0.40889,0.0113838750537109,0.0921496762529554,0.0928278469741068,0.0222998390209676,0.638302675616479,3.34856414462252,8.15432763765679,0.71973,0.40889,0.0084915628335244,1.007359446587244,4.404820459463774,35.91834893469563,0.0086170091738481,7.753384600479008,0.0592522630952894,0.0020700460441855,0.0887686917334656,0.0881479340957147,0.3428021603160826,0.5421673017590369,0.0084557123221258,0.0085800946605148
0.47961,-0.42787,0.0092559583886718,0.141101270853033,0.141370152199724,0.136350088786753,0.186565004907911,3.39258317641493,15.2734213209885,0.90748,0.47961,0.0199095686363409,1.0019055905370298,3.39258317401513,51.81635166006697,0.0199855199329731,6.4191767868794445,0.0263747231389736,0.0192758328042291,0.132229428611845,0.1319938231666078,0.3917785395367236,0.6457829991935916,0.0197139651661435,0.0197884310512695
3.0148,-3.0741,0.0164438513720703,0.612310689870224,0.612381998945039,-0.394765144345865,6.05672192859828,4.92307090213894,37.2407889787402,6.088900000000001,3.0741,0.3749243809293496,1.0001164588108342,5.019905883572369,186.9452545969127,0.3750117126319217,9.942976784907389,3.709027481689266,-0.2417470682083476,0.4777125880612675,0.4776683611648107,1.404649863404203,1.958530180411416,0.3183987339184706,0.3184622493600155
0.55137,-0.58558,0.0135073539013672,0.185593648127422,0.186039329137468,-0.0780980888191453,-0.0911126367070967,2.96372816735209,13.7731883310348,1.13695,0.58558,0.0344450022252453,1.0024013801889378,3.1476140147363267,43.3526803207148,0.0346106319859191,6.11134218049535,-0.0169505338089341,-0.0145293160508321,0.1706194611871547,0.1702436180279772,0.4609502709923401,0.759379578777375,0.0338650531606891,0.0340251549562029
2.3244,-2.1254,0.0107261619335938,0.608065708977362,0.608011856765272,0.0329085948638975,0.293709159022127,3.82295176341825,56.6849410375777,4.4498,2.3244,0.3697439064341419,0.9999114366896766,3.822951762789485,216.70379327853675,0.3696784179671536,7.318607276742665,0.1785786511260099,0.0200088158667344,0.4749985443398334,0.4750320337137644,1.2012892066967342,1.6955789107540855,0.314623792756401,0.3145759808754673
4.1082,-3.67,0.0206903165429688,0.670380107348118,0.670535710682138,0.0792613621591781,8.50079815499911,6.1267430422471,32.4081900482092,7.7782,4.1082,0.4494094883280742,1.000232111950058,6.126743041333386,198.55665193002696,0.4496181392999999,11.599978755683594,5.700088732227736,0.0531475738050388,0.5131443598278113,0.5130512097201116,1.6308470916715998,2.172271375239796,0.3711562240549987,0.3713001695423045
5.1144,-5.018,0.0134536301464844,1.15339860223064,1.15319545672409,0.100956662918592,3.45196639871492,4.43498105215279,85.7163043853582,10.1324,5.1144,1.330328335627594,0.999823872158212,4.4349810517681885,380.1501829839909,1.3298597614090828,8.78636829519318,3.980791967762265,0.1164227650037457,0.7669529976913347,0.767047339300467,1.8106466449465373,2.409859775465089,0.8460091742281672,0.8458080775297795
1.463,-1.4732,0.0216748438232422,0.287285136600635,0.288031681195337,0.117130424672977,4.45445845129173,5.07930236676925,13.2887546292941,2.9362000000000004,1.4732,0.0825327497116455,1.0025986185824851,5.114715136108362,67.9681941524972,0.0829622493722122,10.194017501114155,1.283025156540334,0.0337372731376813,0.2531152245810042,0.2525354554353561,0.9055128587022766,1.3702157909072,0.0793034342120637,0.0797001099526037
2.6807,-2.2779,0.0110804972070312,0.651839250524086,0.651774284525897,0.0876433951706922,1.1532976565906,4.11292691909432,58.8217543263588,4.9586,2.6807,0.4248944085238021,0.9999003341726864,4.11292691846328,241.9295746138528,0.424809717969245,7.607848479088306,0.7516897549697319,0.0571237111807983,0.5018500341209136,0.5018893643860963,1.3031029514831098,1.7848355541552308,0.354097711693584,0.3540382735548701
0.84093,-1.0537,0.0293867699902344,0.205907902371236,0.207944570329613,-0.0351094681421867,1.35588806533266,4.04401037577967,7.0761288293581,1.89463,1.0537,0.0423980642589224,1.0098911592704,5.067215738420379,35.856271266441695,0.0432409443295673,9.111226112255292,0.2819495611606502,-0.0073008232673282,0.188920212971121,0.1872327291959425,0.7196430443639105,1.0628572962939642,0.0415238898226705,0.0423321602022154
0.39992,-0.3342,0.0199996867724609,0.127678452954474,0.129204546989417,0.138558541067499,-0.346064005481654,3.09524710483104,6.46032852711116,0.73412,0.39992,0.0163017873488478,1.011952634907723,3.0952471024354296,19.99631306981513,0.0166938149627404,5.681843375774899,-0.0447130430576002,0.0179023935301407,0.1215134441243157,0.1201610530011797,0.3364150921313548,0.5505000801161024,0.0161703398423631,0.0165560048367251
1.3393,-1.2796,0.0180586207373047,0.275860583385753,0.27638382279722,-0.212292554055013,4.50555092981682,4.84579736413382,15.3048135191343,2.6189,1.3393,0.0760990614659279,1.0018967527178235,4.845797362380544,74.16402459889589,0.0763880175040051,9.475590765577843,1.245261389790342,-0.0586742276411099,0.244030941256097,0.2436209182837437,0.8498517393175844,1.2861701122573106,0.0733425220613238,0.0736110077982521
1.3374,-1.3172,0.0207228647412109,0.285290949885271,0.2859731133278,-0.137915490018013,3.83076805285608,4.67666342628158,13.7998832159095,2.6546,1.3374,0.0813909260864402,1.002391114553631,4.67666342464623,64.53740881137028,0.0817806215463947,9.28269083824277,1.0954966665119277,-0.0394401220565803,0.25151571838676,0.2509851128621906,0.8490392005169196,1.2959866480883568,0.0782481070358348,0.0786084071374117
0.49734,-0.49379,0.0110787029052734,0.167653308571066,0.167978109000137,-0.0177135875801256,-0.211646026572158,2.96074293823366,15.1622541407966,0.99113,0.49734,0.028107631874825,1.0019373332482704,2.9607429364710858,44.89153646986195,0.0282166451032619,5.900352166776425,-0.0355518993209838,-0.0029754949453178,0.155274141935993,0.1549960154912799,0.403690200557926,0.6887023167727103,0.0277198618196224,0.0278258890933938
1.3627,-1.4995,0.0194374753125,0.278882204109998,0.27949082811963,-0.287563914767421,5.22737548850965,4.87565194596198,14.3789676193128,2.8622,1.4995,0.0777752837692505,1.0021823691165812,5.365113444158032,77.14479211820327,0.0781151230029965,10.240765388375538,1.4610035041758174,-0.0803714766756691,0.2464622082603452,0.2459864183630579,0.916090711871488,1.351236969304488,0.0748989941419099,0.0752142599230399
0.65464,-0.72348,0.0134058515380859,0.157839288649074,0.158369167542896,-0.02438078222282,2.37140654520665,4.13363289178548,11.8134358785766,1.37812,0.72348,0.0249132410412457,1.0033570779368144,4.568313458787401,53.96747775013413,0.0250807932282298,8.701946347962753,0.3755576804701521,-0.0038611641846726,0.1470131258783928,0.146555585969453,0.544345502613864,0.8663102595689885,0.0246079661213706,0.0247714321457164
0.43538,-0.33337,0.0157789907470703,0.100585421536583,0.101791273814474,0.13434749042483,0.441984223716708,4.27718392436593,6.45106366092355,0.76875,0.43538,0.010117427025692,1.0119883394459266,4.277183920164025,27.592385610695587,0.0103614634247732,7.552219069838061,0.0449901371380251,0.0136754021841212,0.0969372860890788,0.0958422396322816,0.3614296225184079,0.5702730824094108,0.010066588476862,0.0103081514067408
2.3186,-2.1598,0.0127164811865234,0.591587929044261,0.591580171938051,0.0204307616350444,0.788667883260255,3.91933352398227,46.5207444780393,4.478400000000001,2.3186,0.3499762777908776,0.99998688748396,3.919333523319753,182.33031195958213,0.349967099830254,7.570233438641932,0.4665602819811204,0.0120864334808849,0.4647273415501173,0.4647322153776777,1.1995430072465505,1.7008130875252312,0.3000870202891912,0.3000802216572645
4.8594,-4.7914,0.00908669765625,1.17156909712217,1.17131828090601,0.0770824264592688,2.59570194478612,4.14865889076818,128.904727021522,9.6508,4.8594,1.3725741493316566,0.999785914192552,4.1486588904139765,534.781735934555,1.371986515184611,8.239263534511917,3.040393139711265,0.0902880552483346,0.7753344858189543,0.7754499924828884,1.7680472092683035,2.365635006705158,0.8639755046833837,0.8637277961212632
0.63169,-0.67278,0.0082923302490234,0.139493415683145,0.139705671258105,-0.112622726389091,2.36159523375584,4.52157735839485,16.8475768647248,1.30447,0.67278,0.0194584130189506,1.0015216164416676,4.815695694095877,81.13280244307131,0.0195176745816777,9.337273049254213,0.329928247371801,-0.0157340335891058,0.1307700459644825,0.1305837914360477,0.5144869130589003,0.8348507150854462,0.0192715186544708,0.0193296474016436
0.54365,-0.48336,0.0147392596044922,0.140544137754345,0.141280768613049,0.0262691615238246,0.678078192256401,3.84801134179125,9.5853368760796,1.02701,0.54365,0.0197526546571123,1.0052412770105532,3.8480113390676025,36.8844847637977,0.0199602555798938,7.269283776944392,0.0957994081817311,0.0037113273309062,0.1321511130131648,0.1315054623479993,0.4341497419680733,0.7065618008568058,0.0195601024552041,0.0197636614192687
0.55137,-0.52926,0.0128295255419922,0.165838865530004,0.166294007939302,-0.0459042605877881,-0.173995727950415,3.31563359878398,12.9618205595372,1.08063,0.55137,0.0275025293202787,1.00274448518186,3.315633596790144,42.97664741362814,0.0276536970765166,6.498309907501919,-0.0289344469651909,-0.0076336034746334,0.1538312070349471,0.1534408841504715,0.4391384115149691,0.7326707324683261,0.0271311290107982,0.0272782397312085
0.44393,-0.40763,0.0108279700537109,0.127928858524506,0.128355158326731,0.0682941586578924,0.148059920503462,3.45860661766288,11.8540370623524,0.85156,0.44393,0.016365792843383,1.003332318499583,3.458606614968331,40.99845065123853,0.0164750466690801,6.634404183187511,0.019004254538065,0.0087659075473246,0.1207609601915408,0.1203830824030054,0.3673685628413196,0.616028527003632,0.0162333166863686,0.0163408055007201
5.2672,-5.1173,0.0172001521972656,1.03121414039669,1.03110581854496,0.132909586149818,4.31644812776928,5.10830208235348,59.9474822501209,10.3845,5.2672,1.063402603354084,0.999894956879007,5.108302081858052,306.22984662975074,1.063179209037272,10.071226262350953,4.450714779990403,0.1370438476194799,0.7085803829371905,0.7086337129815249,1.8353296839294295,2.432252781116082,0.7243563693650736,0.7242480984875356
1.3449,-1.3097,0.0201214177685547,0.26460726329171,0.265306779501796,-0.205944874101323,4.33304209333194,5.06922590717624,13.1852925352214,2.6546000000000003,1.3449,0.0700170037867283,1.0026436013173623,5.069225905265542,66.83922618106249,0.0703876872496146,10.005775216088862,1.1495854432276176,-0.0546385713027248,0.2353146062180076,0.2347616101746006,0.8522427570657238,1.295986648088357,0.0676745397370137,0.0680209073824824
0.18108,-0.20903,0.0094108917138671,0.0625729658812525,0.0632615929084159,-0.152478179809046,-0.2988627310745,2.86240026017287,6.72216776388982,0.3901099999999999,0.20903,0.0039153760591763,1.0110051827712585,3.304216508936031,22.211497500374083,0.0040020291373101,6.166616764584198,-0.0189065324287324,-0.0096460125384961,0.061341158368362,0.0606932932290899,0.1898183852205776,0.3293828807021051,0.003907730923557,0.0039940423205928
0.44873,-0.48858,0.0198699762451172,0.137185342616839,0.138583710516465,-0.0954811822444424,0.134103400842576,3.23797074221567,6.97452824336014,0.93731,0.48858,0.0188198182288995,1.0101932740913315,3.525522572794729,24.58885665055472,0.0192054448205113,6.763493312673929,0.018584546881641,-0.0132321365199336,0.1297851308423628,0.1285562117007739,0.3978226454107191,0.6613004129205969,0.0186449164554624,0.0190233480708164
0.39157,-0.33358,0.0133941484765625,0.123777686500818,0.124470229264068,-0.0012215360319586,-0.0929471509172024,3.14589281561673,9.29288110265987,0.72515,0.39157,0.0153209156754947,1.005595052567782,3.1458928130893136,29.234407678975685,0.0154928379730496,5.825891088213386,-0.0115691531841061,-0.0001520448699522,0.1173120174238818,0.1166959440982506,0.3304326061443324,0.545314003224563,0.0152047356008807,0.0153740493034856
2.5954,-2.2347,0.0086281994970703,0.352589990644647,0.352609478531284,0.321813072699772,16.0348594466219,7.36055085873063,40.8670984776154,4.8301,2.5954,0.1243197015027922,1.0000552703909598,7.360550856643173,300.804353306948,0.124333444350104,13.698157005730213,5.654043427795782,0.1134743397492168,0.3020356737722417,0.3020212660460393,1.2796552506301786,1.763034152873958,0.1171781429703892,0.1171903661514852
0.23365,-0.20423,0.0133247978759766,0.0651371149086696,0.0664704616804833,-0.0823340913341505,0.184810648667892,3.51509518804204,4.98847804665943,0.43788,0.23365,0.0042428437386252,1.020469845365983,3.515095182753839,17.53497504586934,0.0044183222760165,6.587587753581215,0.0122844491404243,-0.005472785063024,0.0643545620435876,0.0631035372673998,0.2099772547824508,0.3631698065817251,0.0042338682558877,0.0044085901460768
1.2653,-1.4096,0.0188640511816406,0.277163612372094,0.277737305464363,0.0666916043370986,3.9075011097761,4.55574377336339,14.7230996560628,2.6749,1.4096,0.0768196680231484,1.0020698712473548,5.075299470971999,74.72413952626869,0.0771380108466048,9.631043242695092,1.0852588293282222,0.0185227464856811,0.2450907835469422,0.2446416912961187,0.8794607586234373,1.3015259214102235,0.074011944993328,0.0743075337404026
0.91123,-0.67779,0.0291097532275391,0.198066925311731,0.200146768933357,0.253056766332653,1.03012301490543,4.55280894543651,6.87559139951792,1.58902,0.91123,0.0392305069024428,1.01050071089508,4.552808943161764,31.303253921356195,0.0400587291144626,7.939273802292405,0.2061757930372101,0.050648494138204,0.1824438567594731,0.1807093623330206,0.6477470138505952,0.9512794257299068,0.0384805420850582,0.0392771818612616
0.20444,-0.19297,0.0145219542285156,0.0636858941848469,0.0653054351197283,-0.124087657757973,-0.123286598208395,3.13052044787985,4.4970142511187,0.39741,0.20444,0.0040558931181235,1.0254301341461536,3.1305204430861853,14.077994970591355,0.004264799856177,6.085404662917633,-0.0080512849404303,-0.0081035984828723,0.0632615515836335,0.061740135103457,0.1860147286315722,0.3346205232577385,0.0040476901563742,0.0042557313716421
1.4745,-1.3988,0.0220358734179688,0.296102924878018,0.296849643475809,-0.232490107562064,4.11960858141504,4.96716109453627,13.4711993414224,2.8733,1.4745,0.0876769421213171,1.0025218207413735,4.967161092862974,66.91361696179834,0.0881197108317149,9.67931093124665,1.222904338652938,-0.0690146055414511,0.2599379722271295,0.2593620121208423,0.9060383554098036,1.3541068568666457,0.0840441761445266,0.0844511707190505
0.19443,-0.20674,0.0160066968359375,0.0662980246572761,0.0681872144315956,-0.202010479156825,-0.0640820437487881,2.85141432482257,4.25991790376793,0.40117,0.20674,0.0043954280734567,1.0284954141731375,3.0319466988082326,12.91584396377474,0.0046494962119404,5.88336101944906,-0.0043695760583135,-0.0137745318596958,0.0659630195873393,0.0641928595196732,0.1879225088035998,0.3373076018921811,0.0043857963927418,0.0046387206920114
0.68301,-0.70283,0.0147451693798828,0.165832830298541,0.166446747138151,0.086603599437551,2.64822552723763,4.10347460520272,11.2882221187122,1.38584,0.70283,0.0275005276048247,1.0037020217175006,4.222551726976046,47.66510150723519,0.0277045196328715,8.326026329713422,0.4407885246969184,0.0144148874168357,0.1539621596054244,0.1534357074084166,0.5322915728575381,0.8695512635898623,0.027129180872135,0.0273276934526593
0.19735,-0.19193,0.0121309865039062,0.0650708527325743,0.0661763494058258,-0.118186996176489,-0.222803030820131,2.98218323875427,5.45514986637868,0.3892799999999999,0.19735,0.0042342158753443,1.0169891207065611,2.982183234247855,16.268256362302218,0.0043793092206819,5.882464096417557,-0.0147442912162299,-0.0078211839542003,0.0640787430237732,0.0630413253358671,0.1801107814967899,0.3287856273301979,0.004225276807716,0.0043697479503993
0.44039,-0.47669,0.0183658597460938,0.142560091699149,0.143703726549511,-0.105649251831225,0.109404246139101,3.0645691004281,7.82450310174428,0.91708,0.47669,0.0203233797452697,1.0080221241157254,3.317172150744791,25.955223659260707,0.0206507610242166,6.381741249040327,0.0157217978705287,-0.0151821911953147,0.134271879127531,0.1332714390762819,0.3898030966184963,0.6508031950654749,0.0201196160158972,0.0204404248641967
0.51674,-0.55325,0.0145747077734375,0.166621692902636,0.167217387263786,-0.0203539638448159,-0.318052962628159,3.09022888382319,11.4731210987668,1.06999,0.55325,0.0277627885457403,1.0035751302871505,3.308567420661761,37.95959444293918,0.0279616546033269,6.3987963026369234,-0.0531839854221873,-0.0034035366545916,0.15462261467459,0.1541121301436311,0.4403495099616662,0.7275437763477344,0.0273843899641071,0.0275778653677486
2.3553,-2.3246,0.0114102271435547,0.624636154174081,0.62458786854277,0.0097423817661743,0.514169947580151,3.7709666143455,54.7393019161395,4.6799,2.3553,0.3901703251013863,0.9999226978281988,3.770966613741745,206.42007820926088,0.3901100055308006,7.492780815883322,0.3211443116278343,0.0060849734618647,0.4852541642565771,0.4852838855875638,1.2105411852039678,1.736933626944276,0.3294262756798354,0.3293828846807835
0.31271,-0.32607,0.0211530528564453,0.115848217989769,0.117735755515729,-0.0901395337601594,-0.30412173203767,2.65603255893001,5.56589898936764,0.63878,0.32607,0.013420809611405,1.0162931934308854,2.769507005707266,15.414796184332674,0.0138617081268595,5.425539562381352,-0.0358060018902071,-0.0106126461090879,0.1113049921596542,0.1096148493240364,0.2822196807172175,0.4939520625643637,0.0133315482986214,0.0137665133501601
0.40388,-0.41619,0.0077235498925781,0.134920343213118,0.135108341002458,-0.130044887783767,-0.0943941327865496,2.98930470911971,17.4930366064301,0.8200700000000001,0.41619,0.0182034990127455,1.0013933976502247,3.080416772228641,53.885842701858,0.0182542638084364,6.069721479135833,-0.0127534346811564,-0.0175701490443155,0.1267281010055792,0.1265624662793953,0.3479701670610513,0.5988749618875395,0.0180397989492035,0.0180896549262124
4.912,-5.0172,0.0147164718212891,0.686502785347378,0.686492919613242,-0.207869578960944,14.0115461232735,7.15520853844689,46.6479281141388,9.9292,5.0172,0.4712860742897081,0.9999856288505375,7.308451195819699,340.9241037413344,0.4712725286791131,14.4636597332243,9.618827206461628,-0.1427009941596737,0.5226511772381444,0.5226570270731272,1.7946220348415316,2.391438106463045,0.3861368987749858,0.3861276920862345
0.21654,-0.20924,0.0157078510546875,0.0633689989749711,0.0652717845550052,-0.225289203180124,-0.0473544303713376,3.31751309507279,4.15536054726767,0.42578,0.21654,0.0040156300310898,1.0300270717197686,3.317513089990182,13.785462942547724,0.004260405858995,6.52318612476226,-0.0030909081769229,-0.0147050283325418,0.0632299633694958,0.061442168921917,0.1960107639174699,0.3547190323902159,0.0040075889084108,0.0042513560248259
0.66423,-0.60227,0.0309699561132812,0.172428256233175,0.175146008785686,0.0168070136843476,0.618285397164791,3.79243583456573,5.65535217890011,1.2665,0.66423,0.0297315035476134,1.0157616420319162,3.792435832400432,21.447560191097416,0.0306761243935556,7.231109678477555,0.1082902196038858,0.0029436813664198,0.161392402672469,0.1590770307524816,0.5093625540011995,0.8182367913987669,0.029298092092241,0.0302150183347136
0.51966,-0.41389,0.0216866021875,0.143699356154963,0.145291881768034,0.0469617637291055,-0.106496444129634,3.57666232742216,6.69961483647165,0.93355,0.51966,0.0206495049593509,1.0110823427089362,3.5766623249604392,23.962259883353337,0.0211097309076963,6.425341787835927,-0.0154730687691988,0.0068231630233475,0.135659523094686,0.1342680578556432,0.4184866256266144,0.6593576915705238,0.0204391942124531,0.0208900073622655
0.40784,-0.38615,0.0218851894677734,0.131613534683163,0.133389002403511,0.0300377057272514,-0.258042497089778,3.05752342885252,6.09494391629234,0.79399,0.40784,0.0173221225117961,1.0134900078724665,3.057523426560334,18.63543373645512,0.0177926259622038,5.952439744641623,-0.0344200312645163,0.0040066996014482,0.1252122615154735,0.1236445210340182,0.3420566149151135,0.5844421894850599,0.0171738048819106,0.0176361900708964
0.41056,-0.43768,0.0139961937939453,0.125995404857863,0.126739828381993,-0.0012194998475519,-0.0671442254307877,3.23939210934211,9.0553067675313,0.84824,0.43768,0.0158748420452968,1.0059083378824722,3.45337377557036,31.271358721983603,0.016062984098297,6.692765882356521,-0.0085098476079398,-0.0001545592013905,0.1193283551522603,0.1186674487658882,0.3630307032416296,0.6142338349169673,0.0157501546048624,0.015935339457585
0.68551,-0.60937,0.008645439008789,0.173494176801763,0.17366714030624,0.0082526459929861,0.0932086900451368,3.9472637068313,20.0877179434945,1.29488,0.68551,0.0301002293841213,1.0009969406902628,3.947263704558407,79.29151907427199,0.0301602756221472,7.45610250143483,0.0161872866518296,0.0014332134295616,0.1601331550601688,0.159985774048451,0.5220681886319578,0.8306805545637659,0.0296561075888967,0.0297143975361116
0.62084,-0.50068,0.0111619760546875,0.171657102897253,0.171977797725782,-0.0058557089261931,0.155826477849968,3.61000087342627,15.4074687925495,1.12152,0.62084,0.0294661609750781,1.001868228712529,3.610000871327164,55.620975300084,0.0295763629106099,6.521306902278914,0.0267986944880028,-0.0010070519252498,0.1586927470554013,0.1584190740268546,0.482944533378536,0.7521328129078162,0.0290403775672341,0.0291474194902237
2.3536,-2.2447,0.0122025486572266,0.648514659044123,0.648471131297946,0.0259111255687183,0.339125640084262,3.62945995034375,53.1422696613392,4.5983,2.3536,0.420571262995115,0.9999328807058356,3.629459949784058,192.8777378255629,0.4205148081268379,7.090986440810687,0.2199131874775814,0.0168026169107498,0.4998482712731532,0.4998746758432347,1.2100343957045314,1.7224629802253986,0.351059088596956,0.351019346845477
3.3554,-4.0147,0.0158105306933594,0.606621770970138,0.606679704038087,-0.659701852554122,10.8253780282728,5.53076026388605,38.3718747842475,7.370100000000001,4.0147,0.3679899730149466,1.0000955009706407,6.617495150433135,253.92569373358535,0.3680602632917408,12.14825541340754,6.567537138292952,-0.4002277246609124,0.4741697539080036,0.4741336956243936,1.6123735990861945,2.1246658318613165,0.3133424895060599,0.3133938703439385
0.83196,-0.77334,0.0300775226855469,0.212993645583,0.215055339202154,-0.0338021682936237,0.814371743000586,3.86858565375097,7.15003497630123,1.6053000000000002,0.83196,0.0453662930587366,1.0096796010629463,3.868585651952084,27.66052264117244,0.0462487989193535,7.464590301310977,0.1751349914276404,-0.0072693367681535,0.1947896224237332,0.1930913913521487,0.6053864319524366,0.9575478317223568,0.0443673436725374,0.0452111948346081
1.3817,-1.4399,0.0198678107763672,0.276242105064443,0.276888370863565,-0.179128038928404,4.25009472741682,4.99009761836773,13.9365315071817,2.8216,1.4399,0.0763097006104347,1.00233949020457,5.200290626107488,72.47401381864188,0.0766671699194791,10.190388242673029,1.1768018050902709,-0.049598470874871,0.2444261580873969,0.243919904436032,0.8919570548587021,1.340669183093615,0.0735382461718092,0.0738703159838191
3.6567,-3.4071,0.0146678925146484,0.668299599277699,0.668297406225335,-0.200697431729358,7.15363825912653,5.47166570741866,45.5619241522205,7.0638,3.6567,0.4466243543947331,0.9999967183096232,5.471665706599908,249.2996162480873,0.4466214231675103,10.56984500185425,4.78075789364858,-0.1341255730608161,0.5118035891371296,0.5118049036814756,1.5383070427712755,2.087384909434147,0.3692328109022296,0.3692307846469799
1.37,-1.2041,0.0214810377880859,0.273805018171291,0.274579709577051,0.0657256804475825,4.38428120238344,4.9894436923627,12.7824229111194,2.5741,1.37,0.0749691879757809,1.0028293539346034,4.989443690545582,63.77717907009734,0.0753940169114176,9.374691243674002,1.203834659254569,0.0180469382490512,0.2426164847199201,0.2420084984757802,0.8628899551470399,1.2737133962003122,0.0722919988207424,0.0726871217843406
2.3528,-2.0632,0.0101321546630859,0.574996069820828,0.574944958310023,0.0236846847171369,0.494047607445631,4.0922178131899,56.7445896187014,4.416,2.3528,0.3306204803093984,0.9999111096345198,4.0922178124781405,232.21121814797655,0.3305617050861141,7.680735234573049,0.2840501810659949,0.0136173900672803,0.4542203245621848,0.4542527769226277,1.209795817628725,1.689357535609974,0.2856453599924063,0.2856011877266993
0.46667,-0.5326,0.008579832265625,0.182156651938543,0.182314173021804,-0.0361612882325742,-0.497211300015739,2.559702256084,21.2491535239265,0.99927,0.5326,0.0331810458454595,1.0008647555908508,2.9213307494429968,62.07580489962202,0.0332384576846242,5.481033004122987,-0.0906486669794655,-0.0065927153595248,0.1674736814847094,0.1673404414532985,0.4269656395541669,0.6927821139312318,0.0326424369739652,0.0326980034638105
2.082,-2.1508,0.0117063300537109,0.539817785301981,0.53981292384745,0.0485140029666634,0.907724382587754,3.85689172678713,46.1129082616569,4.232799999999999,2.1508,0.2914032413283356,0.9999909940823322,3.984343287433735,183.72965496092704,0.2913979927527329,7.841235013506375,0.4900013530123169,0.0261884857889784,0.4316609310253491,0.4316640881925486,1.147656388847032,1.6549465076648655,0.2557294111407451,0.2557253468902458
4.6791,-4.8719,0.0196418843896484,1.03130252113997,1.03123778304153,0.119520783165025,3.62162050172526,4.5373628439015,52.501978047738,9.551,4.8719,1.0635848901096585,0.9999372267621705,4.724322634066412,248.03628198544655,1.0634513651724098,9.261685477527925,3.734751897216911,0.1232543474584878,0.708645352575192,0.7086772233228514,1.7701782611944508,2.356220642159955,0.7244447082592339,0.724380000837716
1.3696,-1.2936,0.0231193976953125,0.281025226294074,0.281906229560271,-0.123577546158918,4.63978109668431,4.85835308476993,12.1934936746829,2.6632,1.3696,0.0789751778136355,1.0031349611474436,4.858353083046527,59.240297352281765,0.0794711222648882,9.447112975152972,1.307983194951293,-0.0348372800959709,0.2483482119545917,0.2476607153780561,0.8627211645313972,1.2983370823607483,0.076011681204743,0.0764712195865524
0.4746,-0.39595,0.0186466887304687,0.133590713186442,0.134853489199835,0.057567596357734,0.225242057044592,3.51937501073262,7.2320341240793,0.87055,0.4746,0.0178464786496622,1.0094525725802914,3.519375008122839,25.45224003655294,0.01818546354937,6.455524469703619,0.0303746773070115,0.0077631912336881,0.1265035581958253,0.1253902170411239,0.3883867665734132,0.626232505269438,0.0176890999283942,0.0180220857679718
2.5875,-2.1985,0.0174607971972656,0.489655405913358,0.489847144001563,-0.0780793147105375,5.12579422542803,5.28226005129417,28.0541110733634,4.786,2.5875,0.2397624165401753,1.0003915773947358,5.282260050215824,148.1891093487013,0.2399502244864879,9.770394821384707,2.5108556620656244,-0.038246929316556,0.3986735267764532,0.3985448220109714,1.2774555810857395,1.755441206553943,0.2149197616950293,0.2150712372680973
